;FLAVOR:Marlin
;TIME:1453
;Filament used: 0.844716m
;Layer height: 0.12
;MINX:0
;MINY:0
;MINZ:0.12
;MAXX:135.857
;MAXY:135.857
;MAXZ:2.24
;TARGET_MACHINE.NAME:Creality Ender-3 V3 SE
;Generated with Cura_SteamEngine 5.13.0
M220 S100 ;Reset Feedrate
M221 S100 ;Reset Flowrate

G28 ;Home

M420 S1; Use saved mesh leveling data

G92 E0 ;Reset Extruder
G1 Z2.0 F3000 ;Move Z Axis up
G1 X-3 Y20 Z0.28 F5000.0 ;Move to start position
M190 S65 ; Set bed temperature and wait
M109 S210 ; Set hotend temperature and wait
G1 X-3 Y100.0 Z0.28 F1500.0 E15 ;Draw the first line
G1 X-2 Y100.0 Z0.28 F5000.0 ;Move to side a little
G1 X-2 Y20 Z0.28 F1500.0 E30 ;Draw the second line
G92 E0 ;Reset Extruder
G1 E-1.0000 F1800 ;Retract a bit
G1 Z2.0 F3000 ;Move Z Axis up
G1 E0.0000 F1800 

M82 ;absolute extrusion mode
G92 E0
G92 E0
G1 F2400 E-0.8
;LAYER_COUNT:17
;LAYER:0
M107
G1 F300 Z0.32
G0 F9000 X91.697 Y91.753
;TYPE:SKIRT
G1 F300 Z0.12
G1 F2400 E0
G1 F1800 X97.1 Y87.609 E0.13588
G1 X103.335 Y85.019 E0.27062
G1 X110 Y84.143 E0.40477
G1 X116.665 Y85.019 E0.53892
G1 X122.906 Y87.611 E0.67378
G1 X128.275 Y91.725 E0.80876
G1 X132.389 Y97.094 E0.94375
G1 X134.981 Y103.335 E1.07861
G1 X135.857 Y110 E1.21276
G1 X134.981 Y116.665 E1.34691
G1 X132.389 Y122.906 E1.48177
G1 X128.269 Y128.283 E1.61695
G1 X122.891 Y132.404 E1.75216
G1 X116.695 Y134.973 E1.88602
G1 X110 Y135.857 E2.02078
G1 X103.304 Y134.973 E2.15557
G1 X97.085 Y132.396 E2.28991
G1 X91.725 Y128.275 E2.42483
G1 X87.604 Y122.915 E2.55976
G1 X85.027 Y116.695 E2.69411
G1 X84.143 Y110 E2.82888
G1 X85.027 Y103.304 E2.96366
G1 X87.604 Y97.085 E3.098
G1 X91.697 Y91.753 E3.23215
G0 F9000 X91.984 Y92.036
G1 F1800 X97.301 Y87.958 E3.36587
G1 X103.436 Y85.41 E3.49844
G1 X110 Y84.547 E3.63056
G1 X116.564 Y85.41 E3.76268
G1 X122.705 Y87.96 E3.89537
G1 X127.99 Y92.01 E4.02825
G1 X132.04 Y97.295 E4.16112
G1 X134.59 Y103.436 E4.29382
G1 X135.453 Y110 E4.42594
G1 X134.59 Y116.564 E4.55805
G1 X132.04 Y122.705 E4.69075
G1 X127.984 Y127.998 E4.82382
G1 X122.693 Y132.053 E4.95685
G1 X116.59 Y134.583 E5.0887
G1 X110 Y135.453 E5.22135
G1 X103.409 Y134.583 E5.35402
G1 X97.286 Y132.046 E5.48628
G1 X92.01 Y127.99 E5.61909
G1 X87.954 Y122.714 E5.7519
G1 X85.417 Y116.59 E5.88418
G1 X84.547 Y110 E6.01683
G1 X85.417 Y103.409 E6.1495
G1 X87.954 Y97.286 E6.28177
G1 X91.984 Y92.036 E6.41384
G0 F9000 X92.271 Y92.319
G1 F1800 X97.502 Y88.307 E6.5454
G1 X103.537 Y85.801 E6.67581
G1 X110 Y84.951 E6.80589
G1 X116.463 Y85.801 E6.93598
G1 X122.504 Y88.309 E7.06651
G1 X127.705 Y92.295 E7.19728
G1 X131.691 Y97.496 E7.32805
G1 X134.199 Y103.537 E7.45858
G1 X135.049 Y110 E7.58866
G1 X134.199 Y116.463 E7.71875
G1 X131.691 Y122.504 E7.84928
G1 X127.699 Y127.713 E7.98025
G1 X122.495 Y131.702 E8.1111
G1 X116.485 Y134.193 E8.24093
G1 X110 Y135.049 E8.37147
G1 X103.514 Y134.193 E8.50203
G1 X97.487 Y131.696 E8.63222
G1 X92.295 Y127.705 E8.7629
G1 X88.304 Y122.513 E8.89359
G1 X85.807 Y116.485 E9.02379
G1 X84.951 Y110 E9.15433
G1 X85.807 Y103.514 E9.28489
G1 X88.304 Y97.487 E9.41508
G1 X92.271 Y92.319 E9.54509
G0 F9000 X92.558 Y92.602
G1 F1800 X97.703 Y88.656 E9.67449
G1 X103.638 Y86.192 E9.80273
G1 X110 Y85.355 E9.93078
G1 X116.362 Y86.192 E10.05884
G1 X122.303 Y88.658 E10.1872
G1 X127.42 Y92.58 E10.31586
G1 X131.342 Y97.697 E10.44452
G1 X133.808 Y103.638 E10.57289
G1 X134.645 Y110 E10.70095
G1 X133.808 Y116.362 E10.829
G1 X131.343 Y122.3 E10.9573
G1 X127.412 Y127.43 E11.08628
G1 X122.297 Y131.351 E11.21489
G1 X116.38 Y133.803 E11.34271
G1 X110 Y134.645 E11.47114
G1 X103.619 Y133.803 E11.59958
G1 X97.688 Y131.346 E11.72769
G1 X92.58 Y127.42 E11.85626
G1 X88.654 Y122.312 E11.98483
G1 X86.197 Y116.38 E12.11296
G1 X85.355 Y110 E12.24138
G1 X86.197 Y103.619 E12.36982
G1 X88.654 Y97.688 E12.49794
G1 X92.558 Y92.602 E12.62589
G0 F9000 X92.845 Y92.885
G1 F1800 X97.904 Y89.005 E12.75312
G1 X103.739 Y86.583 E12.8792
G1 X110 Y85.759 E13.00522
G1 X116.261 Y86.583 E13.13124
G1 X122.099 Y89.006 E13.25738
G1 X127.135 Y92.865 E13.38399
G1 X130.994 Y97.901 E13.51061
G1 X133.417 Y103.739 E13.63674
G1 X134.241 Y110 E13.76277
G1 X133.417 Y116.261 E13.88879
G1 X130.994 Y122.099 E14.01493
G1 X127.127 Y127.145 E14.1418
G1 X122.099 Y131 E14.26823
G1 X116.275 Y133.413 E14.39404
G1 X110 Y134.241 E14.52035
G1 X103.724 Y133.413 E14.64668
G1 X97.889 Y130.996 E14.77272
G1 X92.865 Y127.135 E14.89916
G1 X89.004 Y122.111 E15.02561
G1 X86.587 Y116.275 E15.15167
G1 X85.759 Y110 E15.27798
G1 X86.587 Y103.724 E15.40431
G1 X89.004 Y97.889 E15.53034
G1 X92.845 Y92.885 E15.65623
G0 F9000 X93.132 Y93.168
G1 F1800 X98.105 Y89.354 E15.7813
G1 X103.84 Y86.974 E15.90521
G1 X110 Y86.163 E16.0292
G1 X116.16 Y86.974 E16.15319
G1 X121.898 Y89.355 E16.27717
G1 X126.85 Y93.15 E16.40167
G1 X130.645 Y98.102 E16.52618
G1 X133.026 Y103.84 E16.65015
G1 X133.837 Y110 E16.77414
G1 X133.026 Y116.16 E16.89813
G1 X130.646 Y121.895 E17.02204
G1 X126.84 Y126.862 E17.14692
G1 X121.901 Y130.649 E17.27112
G1 X116.17 Y133.023 E17.39491
G1 X110 Y133.837 E17.51911
G1 X103.829 Y133.023 E17.64332
G1 X98.09 Y130.646 E17.76729
G1 X93.15 Y126.85 E17.89161
G1 X89.354 Y121.91 E18.01594
G1 X86.977 Y116.17 E18.13992
G1 X86.163 Y110 E18.26412
G1 X86.977 Y103.829 E18.38833
G1 X89.354 Y98.09 E18.5123
G1 X93.132 Y93.168 E18.63612
G0 F9000 X93.419 Y93.451
G1 F1800 X98.306 Y89.703 E18.75903
G1 X103.941 Y87.365 E18.88077
G1 X110 Y86.567 E19.00273
G1 X116.059 Y87.365 E19.12469
G1 X121.697 Y89.704 E19.2465
G1 X126.565 Y93.435 E19.3689
G1 X130.296 Y98.303 E19.49129
G1 X132.635 Y103.941 E19.6131
G1 X133.433 Y110 E19.73506
G1 X132.635 Y116.059 E19.85702
G1 X130.297 Y121.694 E19.97877
G1 X126.555 Y126.577 E20.10154
G1 X121.703 Y130.298 E20.22356
G1 X116.065 Y132.633 E20.34534
G1 X110 Y133.433 E20.46742
G1 X103.934 Y132.633 E20.58952
G1 X98.291 Y130.296 E20.71141
G1 X93.435 Y126.565 E20.83362
G1 X89.704 Y121.709 E20.95583
G1 X87.367 Y116.065 E21.07773
G1 X86.567 Y110 E21.19981
G1 X87.367 Y103.934 E21.32191
G1 X89.704 Y98.291 E21.4438
G1 X93.419 Y93.451 E21.56556
G0 F9000 X93.706 Y93.734
G1 F1800 X98.507 Y90.052 E21.6863
G1 X104.042 Y87.756 E21.80589
G1 X110 Y86.971 E21.92581
G1 X115.958 Y87.756 E22.04574
G1 X121.493 Y90.052 E22.16532
G1 X126.28 Y93.72 E22.28567
G1 X129.948 Y98.507 E22.40602
G1 X132.244 Y104.042 E22.5256
G1 X133.029 Y110 E22.64553
G1 X132.244 Y115.958 E22.76546
G1 X129.948 Y121.493 E22.88504
G1 X126.27 Y126.292 E23.0057
G1 X121.505 Y129.947 E23.12554
G1 X115.96 Y132.243 E23.24531
G1 X110 Y133.029 E23.36528
G1 X104.039 Y132.243 E23.48527
G1 X98.492 Y129.946 E23.60508
G1 X93.72 Y126.28 E23.72517
G1 X90.054 Y121.508 E23.84525
G1 X87.757 Y115.96 E23.96508
G1 X86.971 Y110 E24.08505
G1 X87.757 Y104.039 E24.20504
G1 X90.054 Y98.492 E24.32485
G1 X93.706 Y93.734 E24.44455
G0 F9000 X93.993 Y94.017
G1 F1800 X98.708 Y90.401 E24.56313
G1 X104.143 Y88.147 E24.68054
G1 X110 Y87.375 E24.79844
G1 X115.857 Y88.147 E24.91633
G1 X121.292 Y90.401 E25.03375
G1 X125.995 Y94.005 E25.15199
G1 X129.599 Y98.708 E25.27023
G1 X131.853 Y104.143 E25.38765
G1 X132.625 Y110 E25.50555
G1 X131.853 Y115.857 E25.62344
G1 X129.599 Y121.292 E25.74086
G1 X125.985 Y126.007 E25.85941
G1 X121.307 Y129.596 E25.97708
G1 X115.855 Y131.853 E26.09483
G1 X110 Y132.625 E26.21269
G1 X104.144 Y131.853 E26.33056
G1 X98.693 Y129.596 E26.4483
G1 X94.005 Y125.995 E26.56627
G1 X90.404 Y121.307 E26.68423
G1 X88.147 Y115.855 E26.80199
G1 X87.375 Y110 E26.91984
G1 X88.147 Y104.144 E27.03772
G1 X90.404 Y98.693 E27.15545
G1 X93.993 Y94.017 E27.27309
G0 F9000 X94.28 Y94.3
G1 F1800 X98.909 Y90.75 E27.3895
G1 X104.244 Y88.538 E27.50475
G1 X110 Y87.779 E27.62062
G1 X115.756 Y88.538 E27.73648
G1 X121.091 Y90.75 E27.85173
G1 X125.71 Y94.29 E27.96787
G1 X129.25 Y98.909 E28.084
G1 X131.462 Y104.244 E28.19926
G1 X132.221 Y110 E28.31512
G1 X131.462 Y115.756 E28.43098
G1 X129.25 Y121.091 E28.54623
G1 X125.701 Y125.72 E28.66263
G1 X121.106 Y129.246 E28.77822
G1 X115.751 Y131.463 E28.89388
G1 X110 Y132.221 E29.00964
G1 X104.249 Y131.463 E29.1254
G1 X98.894 Y129.246 E29.24106
G1 X94.29 Y125.71 E29.35691
G1 X90.754 Y121.106 E29.47276
G1 X88.537 Y115.751 E29.58842
G1 X87.779 Y110 E29.70418
G1 X88.537 Y104.249 E29.81994
G1 X90.754 Y98.894 E29.9356
G1 X94.28 Y94.3 E30.05117
G0 F9000 X94.567 Y94.583
G1 F1800 X99.107 Y91.101 E30.16535
G1 X104.349 Y88.928 E30.27859
G1 X110 Y88.183 E30.39234
G1 X115.651 Y88.928 E30.50609
G1 X120.893 Y91.101 E30.61933
G1 X125.425 Y94.575 E30.73328
G1 X128.899 Y99.107 E30.84724
G1 X131.072 Y104.349 E30.96048
G1 X131.817 Y110 E31.07423
G1 X131.072 Y115.651 E31.18798
G1 X128.899 Y120.893 E31.30122
G1 X125.417 Y125.433 E31.4154
G1 X120.905 Y128.896 E31.5289
G1 X115.647 Y131.073 E31.64247
G1 X110 Y131.817 E31.75614
G1 X104.353 Y131.073 E31.8698
G1 X99.095 Y128.896 E31.98337
G1 X94.575 Y125.425 E32.0971
G1 X91.104 Y120.905 E32.21083
G1 X88.927 Y115.647 E32.32439
G1 X88.183 Y110 E32.43806
G1 X88.927 Y104.353 E32.55173
G1 X91.104 Y99.095 E32.66529
G1 X94.567 Y94.583 E32.7788
G0 F9000 X94.854 Y94.866
G1 F1800 X99.305 Y91.452 E32.89074
G1 X104.454 Y89.318 E33.00197
G1 X110 Y88.587 E33.11361
G1 X115.546 Y89.318 E33.22524
G1 X120.695 Y91.452 E33.33647
G1 X125.14 Y94.86 E33.44824
G1 X128.548 Y99.305 E33.56002
G1 X130.682 Y104.454 E33.67125
G1 X131.413 Y110 E33.78288
G1 X130.682 Y115.546 E33.89452
G1 X128.548 Y120.695 E34.00575
G1 X125.134 Y125.146 E34.11769
G1 X120.704 Y128.546 E34.22913
G1 X115.543 Y130.683 E34.34061
G1 X110 Y131.413 E34.45218
G1 X104.457 Y130.683 E34.56375
G1 X99.296 Y128.546 E34.67522
G1 X94.86 Y125.14 E34.78683
G1 X91.454 Y120.704 E34.89844
G1 X89.317 Y115.543 E35.00992
G1 X88.587 Y110 E35.12149
G1 X89.317 Y104.457 E35.23306
G1 X91.454 Y99.296 E35.34453
G1 X94.854 Y94.866 E35.45597
G0 F9000 X95.141 Y95.149
G1 F1800 X99.503 Y91.803 E35.56568
G1 X104.559 Y89.708 E35.6749
G1 X110 Y88.991 E35.78442
G1 X115.441 Y89.708 E35.89394
G1 X120.497 Y91.803 E36.00316
G1 X124.855 Y95.145 E36.11275
G1 X128.197 Y99.503 E36.22235
G1 X130.292 Y104.559 E36.33157
G1 X131.009 Y110 E36.44109
G1 X130.292 Y115.441 E36.55061
G1 X128.197 Y120.497 E36.65982
G1 X124.851 Y124.859 E36.76953
G1 X120.503 Y128.196 E36.87891
G1 X115.439 Y130.293 E36.98829
G1 X110 Y131.009 E37.09777
G1 X104.561 Y130.293 E37.20724
G1 X99.497 Y128.196 E37.31662
G1 X95.145 Y124.855 E37.42611
G1 X91.804 Y120.503 E37.5356
G1 X89.707 Y115.439 E37.64498
G1 X88.991 Y110 E37.75446
G1 X89.707 Y104.561 E37.86394
G1 X91.804 Y99.497 E37.97332
G1 X95.141 Y95.149 E38.0827
G0 F9000 X95.715 Y95.715
G1 F1800 X99.899 Y92.505 E38.18794
G1 X104.769 Y90.488 E38.29313
G1 X110 Y89.799 E38.39842
G1 X115.231 Y90.488 E38.50371
G1 X120.101 Y92.505 E38.6089
G1 X124.285 Y95.715 E38.71414
G1 X127.495 Y99.899 E38.81938
G1 X129.512 Y104.769 E38.92457
G1 X130.201 Y110 E39.02986
G1 X129.512 Y115.231 E39.13516
G1 X127.495 Y120.101 E39.24035
G1 X124.285 Y124.285 E39.34559
G1 X120.101 Y127.496 E39.45084
G1 X115.231 Y129.513 E39.55603
G1 X110 Y130.201 E39.66132
G1 X104.769 Y129.513 E39.76661
G1 X99.899 Y127.496 E39.8718
G1 X95.715 Y124.285 E39.97705
G1 X92.504 Y120.101 E40.0823
G1 X90.487 Y115.231 E40.18749
G1 X89.799 Y110 E40.29278
G1 X90.487 Y104.769 E40.39807
G1 X92.504 Y99.899 E40.50326
G1 X95.715 Y95.715 E40.60851
G0 F9000 X95.428 Y95.432
G1 F1800 X99.701 Y92.154 E40.71599
G1 X104.664 Y90.098 E40.82319
G1 X110 Y89.395 E40.9306
G1 X115.336 Y90.098 E41.038
G1 X120.299 Y92.154 E41.14521
G1 X124.57 Y95.43 E41.25263
G1 X127.846 Y99.701 E41.36004
G1 X129.902 Y104.664 E41.46725
G1 X130.605 Y110 E41.57465
G1 X129.902 Y115.336 E41.68206
G1 X127.846 Y120.299 E41.78926
G1 X124.568 Y124.572 E41.89674
G1 X120.302 Y127.846 E42.00405
G1 X115.335 Y129.903 E42.11134
G1 X110 Y130.605 E42.21872
G1 X104.665 Y129.903 E42.3261
G1 X99.698 Y127.846 E42.43339
G1 X95.43 Y124.57 E42.54076
G1 X92.154 Y120.302 E42.64813
G1 X90.097 Y115.335 E42.75542
G1 X89.395 Y110 E42.8628
G1 X90.097 Y104.665 E42.97018
G1 X92.154 Y99.698 E43.07747
G1 X95.428 Y95.432 E43.18478
G1 F2400 E42.38478
G1 F300 Z0.32
;MESH:vertMount_Cover_RPi_r01.stl
G0 F9000 X100.87 Y104.083
;TYPE:WALL-INNER
G1 F300 Z0.12
G1 F2400 E43.18478
G1 F1800 X100.611 Y104.073 E43.18996
G1 X99.949 Y103.986 E43.20328
G1 X99.338 Y103.741 E43.21642
G1 X99.061 Y103.604 E43.22258
G1 X98.605 Y103.254 E43.23406
G1 X98.387 Y103.061 E43.23987
G1 X98.055 Y102.627 E43.25077
G1 X97.822 Y102.226 E43.26003
G1 X97.671 Y101.862 E43.26789
G1 X97.561 Y101.49 E43.27563
G1 X97.496 Y101.02 E43.2851
G1 X97.496 Y100.538 E43.29472
G1 X97.548 Y100.154 E43.30245
G1 X97.671 Y99.702 E43.3118
G1 X97.888 Y99.199 E43.32273
G1 X98.048 Y98.946 E43.32871
G1 X98.291 Y98.624 E43.33676
G1 X98.5 Y98.387 E43.34306
G1 X98.934 Y98.053 E43.35399
G1 X99.347 Y97.815 E43.3635
G1 X99.707 Y97.667 E43.37127
G1 X100.152 Y97.547 E43.38047
G1 X100.54 Y97.495 E43.38828
G1 X101.02 Y97.496 E43.39786
G1 X101.489 Y97.56 E43.40731
G1 X101.853 Y97.667 E43.41488
G1 X102.213 Y97.815 E43.42265
G1 X102.626 Y98.053 E43.43216
G1 X103.06 Y98.387 E43.44309
G1 X103.267 Y98.622 E43.44934
G1 X103.61 Y99.068 E43.46056
G1 X103.741 Y99.338 E43.46655
G1 X103.986 Y99.949 E43.47969
G1 X104.073 Y100.611 E43.49301
G1 X104.083 Y100.87 E43.49819
G1 X104.019 Y101.39 E43.50864
G1 X103.938 Y101.744 E43.51589
G1 X103.692 Y102.335 E43.52866
G1 X103.521 Y102.606 E43.53506
G1 X103.223 Y103.002 E43.54495
G1 X103.002 Y103.223 E43.55119
G1 X102.606 Y103.521 E43.56108
G1 X102.375 Y103.667 E43.56653
G1 X101.783 Y103.929 E43.57945
G1 X101.39 Y104.019 E43.5875
G1 X100.87 Y104.083 E43.59795
G0 F9000 X100.777 Y103.691
G1 F1800 X100.103 Y103.607 E43.61151
G1 X99.856 Y103.524 E43.61671
G1 X99.323 Y103.302 E43.62823
G1 X98.72 Y102.838 E43.64341
G1 X98.372 Y102.384 E43.65483
G1 X98.191 Y102.072 E43.66203
G1 X98.04 Y101.708 E43.66989
G1 X97.954 Y101.418 E43.67593
G1 X97.892 Y100.966 E43.68503
G1 X97.892 Y100.591 E43.69251
G1 X97.944 Y100.207 E43.70025
G1 X98.04 Y99.856 E43.70751
G1 X98.273 Y99.311 E43.71934
G1 X98.715 Y98.727 E43.73395
G1 X99.178 Y98.37 E43.74562
G1 X99.499 Y98.185 E43.75301
G1 X99.859 Y98.037 E43.76078
G1 X100.205 Y97.944 E43.76793
G1 X100.593 Y97.892 E43.77574
G1 X100.966 Y97.892 E43.78319
G1 X101.418 Y97.954 E43.79229
G1 X101.701 Y98.037 E43.79818
G1 X102.061 Y98.185 E43.80595
G1 X102.382 Y98.37 E43.81334
G1 X102.839 Y98.722 E43.82485
G1 X103.306 Y99.329 E43.84013
G1 X103.596 Y100.046 E43.85557
G1 X103.674 Y100.649 E43.8677
G1 X103.67 Y100.952 E43.87375
G1 X103.622 Y101.34 E43.88155
G1 X103.559 Y101.616 E43.8872
G1 X103.287 Y102.25 E43.90097
G1 X102.844 Y102.843 E43.91574
G1 X102.254 Y103.286 E43.93046
G1 X101.616 Y103.559 E43.94431
G1 X101.34 Y103.622 E43.94996
G1 X100.777 Y103.691 E43.96128
G0 F9000 X100.749 Y103.284
G1 F1800 X100.146 Y103.207 E43.97341
G1 X99.528 Y102.955 E43.98673
G1 X99.005 Y102.552 E43.99991
G1 X98.69 Y102.141 E44.01024
G1 X98.561 Y101.918 E44.01538
G1 X98.361 Y101.438 E44.02576
G1 X98.288 Y100.913 E44.03634
G1 X98.289 Y100.645 E44.04169
G1 X98.341 Y100.261 E44.04942
G1 X98.409 Y100.01 E44.05461
G1 X98.62 Y99.516 E44.06533
G1 X98.984 Y99.034 E44.07738
G1 X99.422 Y98.687 E44.08853
G1 X99.651 Y98.555 E44.09381
G1 X100.011 Y98.407 E44.10158
G1 X100.259 Y98.34 E44.1067
G1 X100.646 Y98.288 E44.11449
G1 X100.913 Y98.288 E44.11982
G1 X101.431 Y98.358 E44.13025
G1 X101.909 Y98.555 E44.14057
G1 X102.138 Y98.687 E44.14585
G1 X102.554 Y99.007 E44.15632
G1 X102.956 Y99.53 E44.16948
G1 X103.207 Y100.146 E44.18276
G1 X103.288 Y100.781 E44.19553
G1 X103.209 Y101.421 E44.2084
G1 X102.939 Y102.049 E44.22204
G1 X102.558 Y102.558 E44.23473
G1 X102.049 Y102.939 E44.24742
G1 X101.415 Y103.212 E44.26119
G1 X100.749 Y103.284 E44.27456
G0 F9000 X100.781 Y102.885
G1 F1800 X100.249 Y102.819 E44.28526
G1 X99.733 Y102.601 E44.29644
G1 X99.294 Y102.264 E44.30748
G1 X98.961 Y101.838 E44.31827
G1 X98.748 Y101.328 E44.3293
G1 X98.674 Y100.779 E44.34036
G1 X98.748 Y100.235 E44.35131
G1 X98.967 Y99.72 E44.36248
G1 X99.295 Y99.295 E44.3732
G1 X99.727 Y98.956 E44.38415
G1 X100.235 Y98.747 E44.39512
G1 X100.781 Y98.674 E44.40611
G1 X101.326 Y98.748 E44.41709
G1 X101.833 Y98.956 E44.42802
G1 X102.264 Y99.295 E44.43896
G1 X102.601 Y99.733 E44.44999
G1 X102.819 Y100.249 E44.46117
G1 X102.885 Y100.781 E44.47187
G1 X102.818 Y101.319 E44.48269
G1 X102.595 Y101.842 E44.49404
G1 X102.253 Y102.29 E44.50528
G1 X101.813 Y102.607 E44.5161
G1 X101.319 Y102.818 E44.52682
G1 X100.781 Y102.885 E44.53764
G1 F2400 E43.73764
G1 F300 Z0.32
G0 F9000 X110 Y115.788
G1 F300 Z0.12
G1 F2400 E44.53764
G1 F1800 X109.772 Y115.782 E44.5422
G1 X108.608 Y115.634 E44.56561
G1 X108.355 Y115.558 E44.57088
G1 X107.071 Y115.021 E44.59866
G1 X106.014 Y114.207 E44.62528
G1 X105.793 Y113.986 E44.63152
G1 X104.978 Y112.925 E44.65822
G1 X104.443 Y111.656 E44.6857
G1 X104.362 Y111.387 E44.69131
G1 X104.204 Y110.128 E44.71663
G1 X104.214 Y109.772 E44.72374
G1 X104.362 Y108.611 E44.74709
G1 X104.437 Y108.357 E44.75238
G1 X104.969 Y107.095 E44.77971
G1 X105.793 Y106.014 E44.80683
G1 X106.014 Y105.793 E44.81307
G1 X107.095 Y104.969 E44.8402
G1 X108.357 Y104.437 E44.86753
G1 X108.613 Y104.361 E44.87286
G1 X109.873 Y104.204 E44.89819
G1 X110.229 Y104.214 E44.9053
G1 X111.389 Y104.362 E44.92864
G1 X111.656 Y104.443 E44.93421
G1 X112.808 Y104.929 E44.95916
G1 X113.09 Y105.105 E44.96579
G1 X113.986 Y105.793 E44.98834
G1 X114.207 Y106.014 E44.99457
G1 X115.021 Y107.071 E45.0212
G1 X115.558 Y108.355 E45.04897
G1 X115.634 Y108.61 E45.05428
G1 X115.792 Y109.873 E45.07968
G1 X115.782 Y110.229 E45.08679
G1 X115.633 Y111.392 E45.11019
G1 X115.552 Y111.658 E45.11574
G1 X115.026 Y112.919 E45.143
G1 X114.207 Y113.986 E45.16984
G1 X113.986 Y114.207 E45.17608
G1 X112.919 Y115.026 E45.20292
G1 X111.658 Y115.552 E45.23019
G1 X111.39 Y115.634 E45.23578
G1 X110.128 Y115.792 E45.26116
G1 X110 Y115.788 E45.26372
G0 F9000 X109.998 Y115.406
G1 F1800 X108.581 Y115.22 E45.29224
G1 X107.298 Y114.684 E45.31999
G1 X106.271 Y113.901 E45.34576
G1 X106.099 Y113.729 E45.35062
G1 X105.313 Y112.693 E45.37657
G1 X104.766 Y111.394 E45.40469
G1 X104.59 Y109.998 E45.43277
G1 X104.776 Y108.579 E45.46133
G1 X105.32 Y107.292 E45.48922
G1 X106.099 Y106.271 E45.51485
G1 X106.271 Y106.099 E45.5197
G1 X107.309 Y105.306 E45.54577
G1 X108.58 Y104.776 E45.57325
G1 X109.998 Y104.59 E45.60179
G1 X111.394 Y104.766 E45.62987
G1 X112.628 Y105.286 E45.65659
G1 X112.847 Y105.423 E45.66175
G1 X113.729 Y106.099 E45.68392
G1 X113.901 Y106.271 E45.68878
G1 X114.684 Y107.298 E45.71455
G1 X115.22 Y108.581 E45.7423
G1 X115.406 Y109.998 E45.77082
G1 X115.23 Y111.391 E45.79884
G1 X114.687 Y112.692 E45.82697
G1 X113.901 Y113.729 E45.85294
G1 X113.729 Y113.901 E45.85779
G1 X112.677 Y114.698 E45.88413
G1 X111.389 Y115.231 E45.91195
G1 X109.998 Y115.406 E45.93992
G0 F9000 X110 Y115.004
G1 F1800 X109.99 Y115.005 E45.94013
G1 X108.689 Y114.832 E45.96632
G1 X107.497 Y114.336 E45.99208
G1 X106.455 Y113.538 E46.01827
G1 X105.663 Y112.495 E46.04441
G1 X105.165 Y111.312 E46.07002
G1 X104.991 Y109.991 E46.09661
G1 X105.163 Y108.69 E46.1228
G1 X105.667 Y107.494 E46.1487
G1 X106.459 Y106.459 E46.17471
G1 X107.506 Y105.658 E46.20102
G1 X108.691 Y105.163 E46.22664
G1 X110 Y104.993 E46.25299
G1 X111.312 Y105.165 E46.27939
G1 X112.496 Y105.663 E46.30503
G1 X113.541 Y106.458 E46.33123
G1 X114.336 Y107.497 E46.35734
G1 X114.833 Y108.69 E46.38313
G1 X115.003 Y110 E46.40949
G1 X114.832 Y111.308 E46.43581
G1 X114.339 Y112.493 E46.46143
G1 X113.539 Y113.545 E46.4878
G1 X112.493 Y114.339 E46.51401
G1 X111.308 Y114.832 E46.53962
G1 X110 Y115.004 E46.56595
G0 F9000 X110 Y114.598
G1 F1800 X108.8 Y114.445 E46.59009
G1 X107.699 Y113.988 E46.61388
G1 X106.744 Y113.256 E46.63789
G1 X106.009 Y112.292 E46.66208
G1 X105.55 Y111.195 E46.68581
G1 X105.396 Y110.017 E46.70952
G1 X105.551 Y108.8 E46.734
G1 X106.013 Y107.697 E46.75787
G1 X106.747 Y106.747 E46.78183
G1 X107.697 Y106.013 E46.80578
G1 X108.812 Y105.546 E46.82991
G1 X110.001 Y105.394 E46.85383
G1 X111.196 Y105.55 E46.87788
G1 X112.306 Y106.016 E46.9019
G1 X113.252 Y106.747 E46.92576
G1 X113.988 Y107.699 E46.94978
G1 X114.45 Y108.812 E46.97382
G1 X114.602 Y110.001 E46.99774
G1 X114.446 Y111.196 E47.02179
G1 X113.985 Y112.305 E47.04576
G1 X113.253 Y113.253 E47.06966
G1 X112.289 Y113.993 E47.09392
G1 X111.196 Y114.446 E47.11753
G1 X110.017 Y114.6 E47.14125
G1 X110 Y114.598 E47.1416
G1 F2400 E46.3416
G1 F300 Z0.32
G0 F9000 X118.992 Y122.502
G1 F300 Z0.12
G1 F2400 E47.1416
G1 F1800 X118.508 Y122.44 E47.15133
G1 X118.138 Y122.329 E47.15904
G1 X117.774 Y122.178 E47.16691
G1 X117.37 Y121.943 E47.17623
G1 X116.939 Y121.611 E47.18709
G1 X116.742 Y121.391 E47.19298
G1 X116.393 Y120.935 E47.20444
G1 X116.258 Y120.662 E47.21052
G1 X116.106 Y120.298 E47.21839
G1 X116.001 Y119.984 E47.225
G1 X115.923 Y119.384 E47.23708
G1 X115.913 Y119.115 E47.24245
G1 X115.984 Y118.59 E47.25302
G1 X116.059 Y118.264 E47.2597
G1 X116.302 Y117.664 E47.27261
G1 X116.491 Y117.369 E47.27961
G1 X116.777 Y116.998 E47.28895
G1 X116.998 Y116.777 E47.29519
G1 X117.369 Y116.491 E47.30454
G1 X117.664 Y116.302 E47.31153
G1 X118.264 Y116.059 E47.32445
G1 X118.59 Y115.984 E47.33112
G1 X119.115 Y115.913 E47.3417
G1 X119.384 Y115.923 E47.34707
G1 X119.844 Y115.983 E47.35633
G1 X120.135 Y116.047 E47.36227
G1 X120.662 Y116.258 E47.3736
G1 X120.935 Y116.393 E47.37968
G1 X121.39 Y116.741 E47.39111
G1 X121.608 Y116.934 E47.39692
G1 X121.943 Y117.37 E47.40789
G1 X122.178 Y117.774 E47.41722
G1 X122.33 Y118.138 E47.42509
G1 X122.439 Y118.509 E47.43281
G1 X122.502 Y118.992 E47.44253
G1 X122.502 Y119.438 E47.45143
G1 X122.455 Y119.826 E47.45923
G1 X122.329 Y120.298 E47.46898
G1 X122.178 Y120.662 E47.47684
G1 X121.945 Y121.064 E47.48611
G1 X121.599 Y121.507 E47.49733
G1 X121.383 Y121.696 E47.50306
G1 X121.065 Y121.944 E47.51111
G1 X120.803 Y122.114 E47.51734
G1 X120.298 Y122.329 E47.52829
G1 X119.826 Y122.455 E47.53804
G1 X119.438 Y122.502 E47.54584
G1 X118.992 Y122.502 E47.55474
G0 F9000 X119.042 Y122.105
G1 F1800 X118.58 Y122.046 E47.56404
G1 X118.292 Y121.96 E47.57003
G1 X117.928 Y121.808 E47.57791
G1 X117.614 Y121.626 E47.58515
G1 X117.154 Y121.272 E47.59673
G1 X116.693 Y120.67 E47.61186
G1 X116.404 Y119.951 E47.62733
G1 X116.303 Y119.208 E47.64229
G1 X116.38 Y118.644 E47.65365
G1 X116.439 Y118.39 E47.65886
G1 X116.711 Y117.738 E47.67295
G1 X117.158 Y117.158 E47.68757
G1 X117.738 Y116.711 E47.70218
G1 X118.39 Y116.439 E47.71628
G1 X118.644 Y116.38 E47.72148
G1 X119.208 Y116.303 E47.73284
G1 X119.952 Y116.404 E47.74783
G1 X120.673 Y116.695 E47.76334
G1 X121.274 Y117.157 E47.77847
G1 X121.626 Y117.614 E47.78998
G1 X121.808 Y117.928 E47.79722
G1 X121.961 Y118.292 E47.8051
G1 X122.046 Y118.581 E47.81111
G1 X122.106 Y119.042 E47.82039
G1 X122.106 Y119.388 E47.8273
G1 X122.058 Y119.777 E47.83512
G1 X121.96 Y120.144 E47.8427
G1 X121.809 Y120.508 E47.85056
G1 X121.628 Y120.821 E47.85778
G1 X121.271 Y121.277 E47.86934
G1 X120.691 Y121.728 E47.884
G1 X120.144 Y121.96 E47.89585
G1 X119.777 Y122.058 E47.90344
G1 X119.388 Y122.106 E47.91126
G1 X119.042 Y122.105 E47.91816
G0 F9000 X119.219 Y121.724
G1 F1800 X118.57 Y121.643 E47.93121
G1 X118.082 Y121.439 E47.94177
G1 X117.858 Y121.309 E47.94694
G1 X117.441 Y120.989 E47.95743
G1 X117.044 Y120.47 E47.97047
G1 X116.794 Y119.855 E47.98372
G1 X116.711 Y119.245 E47.996
G1 X116.791 Y118.585 E48.00927
G1 X117.055 Y117.947 E48.02305
G1 X117.443 Y117.443 E48.03574
G1 X117.947 Y117.055 E48.04843
G1 X118.584 Y116.791 E48.06219
G1 X119.251 Y116.71 E48.0756
G1 X119.855 Y116.794 E48.08777
G1 X120.476 Y117.046 E48.10115
G1 X120.984 Y117.448 E48.11407
G1 X121.309 Y117.858 E48.12451
G1 X121.439 Y118.082 E48.12968
G1 X121.641 Y118.565 E48.14013
G1 X121.725 Y119.212 E48.15315
G1 X121.661 Y119.727 E48.16351
G1 X121.591 Y119.99 E48.16894
G1 X121.439 Y120.354 E48.17681
G1 X121.306 Y120.583 E48.1821
G1 X120.984 Y120.984 E48.19236
G1 X120.491 Y121.379 E48.20496
G1 X119.99 Y121.591 E48.21582
G1 X119.727 Y121.661 E48.22125
G1 X119.219 Y121.724 E48.23147
G0 F9000 X119.215 Y121.321
G1 F1800 X118.673 Y121.253 E48.24237
G1 X118.162 Y121.039 E48.25342
G1 X117.732 Y120.701 E48.26434
G1 X117.395 Y120.272 E48.27523
G1 X117.186 Y119.753 E48.28639
G1 X117.11 Y119.216 E48.29721
G1 X117.183 Y118.679 E48.30803
G1 X117.401 Y118.153 E48.31939
G1 X117.731 Y117.731 E48.33008
G1 X118.153 Y117.401 E48.34077
G1 X118.679 Y117.183 E48.35214
G1 X119.214 Y117.11 E48.36291
G1 X119.753 Y117.182 E48.37376
G1 X120.266 Y117.399 E48.38488
G1 X120.701 Y117.731 E48.3958
G1 X121.039 Y118.162 E48.40673
G1 X121.253 Y118.673 E48.41779
G1 X121.321 Y119.215 E48.42869
G1 X121.254 Y119.76 E48.43964
G1 X121.037 Y120.278 E48.45085
G1 X120.701 Y120.701 E48.46163
G1 X120.279 Y121.035 E48.47237
G1 X119.761 Y121.254 E48.4836
G1 X119.215 Y121.321 E48.49457
G1 F2400 E47.69457
G1 F300 Z0.32
G0 F9000 X110 Y128.18
G1 F300 Z0.12
G1 F2400 E48.49457
G1 F1800 X114.71 Y127.562 E48.58937
G1 X119.087 Y125.747 E48.68393
G1 X122.856 Y122.856 E48.77873
G1 X125.747 Y119.088 E48.8735
G1 X127.558 Y114.71 E48.96805
G1 X128.18 Y110 E49.06286
G1 X127.558 Y105.286 E49.15775
G1 X125.747 Y100.908 E49.2523
G1 X122.856 Y97.14 E49.34707
G1 X119.088 Y94.249 E49.44185
G1 X114.71 Y92.438 E49.5364
G1 X110 Y91.816 E49.63121
G1 X105.286 Y92.438 E49.72609
G1 X100.908 Y94.249 E49.82064
G1 X97.14 Y97.14 E49.91542
G1 X94.248 Y100.909 E50.01022
G1 X92.434 Y105.286 E50.10478
G1 X91.816 Y110 E50.19965
G1 X92.434 Y114.71 E50.29445
G1 X94.248 Y119.087 E50.38901
G1 X97.14 Y122.856 E50.48381
G1 X100.908 Y125.747 E50.57859
G1 X105.286 Y127.562 E50.67317
G1 X110 Y128.18 E50.76804
G0 F9000 X110 Y128.584
G1 F1800 X114.814 Y127.952 E50.86494
G1 X119.289 Y126.097 E50.96161
G1 X123.141 Y123.141 E51.05851
G1 X126.096 Y119.29 E51.15537
G1 X127.948 Y114.814 E51.25204
G1 X128.583 Y110 E51.34894
G1 X127.948 Y105.182 E51.44592
G1 X126.096 Y100.706 E51.54259
G1 X123.141 Y96.855 E51.63946
G1 X119.29 Y93.899 E51.73634
G1 X114.814 Y92.048 E51.833
G1 X110 Y91.413 E51.9299
G1 X105.182 Y92.048 E52.02688
G1 X100.706 Y93.899 E52.12354
G1 X96.855 Y96.855 E52.22042
G1 X93.899 Y100.707 E52.31732
G1 X92.044 Y105.182 E52.41399
G1 X91.412 Y110 E52.51096
G1 X92.044 Y114.814 E52.60785
G1 X93.899 Y119.289 E52.70453
G1 X96.855 Y123.141 E52.80142
G1 X100.707 Y126.097 E52.89832
G1 X105.182 Y127.951 E52.99498
G1 X110 Y128.584 E53.09196
G0 F9000 X110 Y128.987
G1 F1800 X114.918 Y128.341 E53.19095
G1 X119.491 Y126.446 E53.28973
G1 X123.426 Y123.426 E53.38872
G1 X126.446 Y119.491 E53.48771
G1 X128.337 Y114.919 E53.58644
G1 X128.987 Y110 E53.68546
G1 X128.337 Y105.077 E53.78456
G1 X126.446 Y100.505 E53.88329
G1 X123.426 Y96.57 E53.98228
G1 X119.491 Y93.55 E54.08127
G1 X114.919 Y91.659 E54.18
G1 X110 Y91.009 E54.27902
G1 X105.077 Y91.659 E54.37812
G1 X100.505 Y93.55 E54.47685
G1 X96.569 Y96.569 E54.57584
G1 X93.55 Y100.505 E54.67484
G1 X91.655 Y105.077 E54.7736
G1 X91.009 Y110 E54.87269
G1 X91.655 Y114.918 E54.97167
G1 X93.55 Y119.491 E55.07046
G1 X96.569 Y123.427 E55.16945
G1 X100.505 Y126.446 E55.26844
G1 X105.077 Y128.341 E55.36721
G1 X110 Y128.987 E55.46629
G0 F9000 X110 Y129.39
G1 F1800 X115.023 Y128.731 E55.56739
G1 X119.693 Y126.795 E55.66828
G1 X123.712 Y123.712 E55.76936
G1 X126.795 Y119.693 E55.87045
G1 X128.727 Y115.023 E55.9713
G1 X129.39 Y110 E56.07241
G1 X128.727 Y104.973 E56.1736
G1 X126.795 Y100.303 E56.27445
G1 X123.712 Y96.284 E56.37554
G1 X119.693 Y93.201 E56.47662
G1 X115.023 Y91.269 E56.57748
G1 X110 Y90.606 E56.67858
G1 X104.973 Y91.269 E56.77977
G1 X100.303 Y93.201 E56.88063
G1 X96.284 Y96.284 E56.98171
G1 X93.2 Y100.303 E57.08281
G1 X91.265 Y104.973 E57.18368
G1 X90.606 Y110 E57.28486
G1 X91.265 Y115.023 E57.38596
G1 X93.2 Y119.693 E57.48684
G1 X96.284 Y123.712 E57.58793
G1 X100.303 Y126.795 E57.68902
G1 X104.973 Y128.731 E57.7899
G1 X110 Y129.39 E57.89108
G1 F2400 E57.09108
G1 F300 Z0.32
G0 F9000 X101.002 Y122.502
G1 F300 Z0.12
G1 F2400 E57.89108
G1 F1800 X100.557 Y122.502 E57.89996
G1 X100.172 Y122.455 E57.9077
G1 X99.708 Y122.332 E57.91728
G1 X99.195 Y122.113 E57.92841
G1 X98.932 Y121.945 E57.93464
G1 X98.496 Y121.605 E57.94567
G1 X98.291 Y121.372 E57.95187
G1 X98.055 Y121.064 E57.95961
G1 X97.823 Y120.662 E57.96887
G1 X97.671 Y120.298 E57.97675
G1 X97.547 Y119.844 E57.98614
G1 X97.495 Y119.456 E57.99395
G1 X97.496 Y118.974 E58.00357
G1 X97.561 Y118.508 E58.01296
G1 X97.671 Y118.138 E58.02066
G1 X97.822 Y117.774 E58.02853
G1 X98.048 Y117.382 E58.03756
G1 X98.382 Y116.941 E58.04859
G1 X98.605 Y116.742 E58.05456
G1 X99.071 Y116.389 E58.06623
G1 X99.338 Y116.258 E58.07216
G1 X99.946 Y116.015 E58.08523
G1 X100.612 Y115.923 E58.09864
G1 X100.884 Y115.913 E58.10408
G1 X101.408 Y115.983 E58.11463
G1 X101.742 Y116.061 E58.12147
G1 X102.332 Y116.302 E58.13419
G1 X102.619 Y116.484 E58.14097
G1 X103.002 Y116.777 E58.15059
G1 X103.223 Y116.998 E58.15683
G1 X103.515 Y117.38 E58.16643
G1 X103.668 Y117.622 E58.17214
G1 X103.93 Y118.221 E58.18519
G1 X104.019 Y118.608 E58.19311
G1 X104.083 Y119.122 E58.20345
G1 X104.073 Y119.385 E58.2087
G1 X103.999 Y119.951 E58.22009
G1 X103.936 Y120.197 E58.22516
G1 X103.68 Y120.81 E58.23842
G1 X103.501 Y121.075 E58.2448
G1 X103.168 Y121.501 E58.25559
G1 X102.947 Y121.696 E58.26147
G1 X102.639 Y121.936 E58.26926
G1 X102.226 Y122.178 E58.27882
G1 X101.862 Y122.329 E58.28668
G1 X101.489 Y122.44 E58.29445
G1 X101.002 Y122.502 E58.30424
G0 F9000 X100.953 Y122.106
G1 F1800 X100.606 Y122.106 E58.31117
G1 X100.222 Y122.058 E58.31889
G1 X99.861 Y121.962 E58.32634
G1 X99.299 Y121.724 E58.33852
G1 X98.718 Y121.272 E58.35321
G1 X98.372 Y120.82 E58.36457
G1 X98.192 Y120.508 E58.37176
G1 X98.04 Y120.144 E58.37963
G1 X97.944 Y119.791 E58.38693
G1 X97.892 Y119.403 E58.39475
G1 X97.892 Y119.028 E58.40223
G1 X97.954 Y118.58 E58.41126
G1 X98.04 Y118.292 E58.41725
G1 X98.191 Y117.928 E58.42512
G1 X98.367 Y117.623 E58.43215
G1 X98.719 Y117.158 E58.44378
G1 X99.33 Y116.694 E58.45909
G1 X99.856 Y116.476 E58.47046
G1 X100.097 Y116.395 E58.47553
G1 X100.781 Y116.303 E58.4893
G1 X101.355 Y116.38 E58.50086
G1 X101.615 Y116.44 E58.50619
G1 X102.256 Y116.711 E58.52007
G1 X102.843 Y117.157 E58.53479
G1 X103.284 Y117.738 E58.54934
G1 X103.561 Y118.389 E58.56346
G1 X103.622 Y118.658 E58.56897
G1 X103.691 Y119.211 E58.58009
G1 X103.598 Y119.949 E58.59493
G1 X103.327 Y120.619 E58.60935
G1 X103.185 Y120.829 E58.61441
G1 X102.835 Y121.277 E58.62576
G1 X102.393 Y121.621 E58.63693
G1 X102.072 Y121.808 E58.64435
G1 X101.708 Y121.96 E58.65222
G1 X101.418 Y122.046 E58.65826
G1 X100.953 Y122.106 E58.66761
G0 F9000 X100.78 Y121.725
G1 F1800 X100.272 Y121.661 E58.67783
G1 X100.014 Y121.593 E58.68316
G1 X99.502 Y121.376 E58.69425
G1 X98.986 Y120.963 E58.70744
G1 X98.69 Y120.577 E58.71715
G1 X98.561 Y120.354 E58.72229
G1 X98.409 Y119.99 E58.73016
G1 X98.34 Y119.737 E58.7354
G1 X98.288 Y119.35 E58.74319
G1 X98.288 Y119.081 E58.74856
G1 X98.361 Y118.562 E58.75902
G1 X98.561 Y118.082 E58.76939
G1 X98.686 Y117.864 E58.77441
G1 X99.006 Y117.441 E58.78499
G1 X99.533 Y117.043 E58.79817
G1 X100.144 Y116.794 E58.81134
G1 X100.784 Y116.707 E58.82423
G1 X101.42 Y116.792 E58.83703
G1 X102.051 Y117.057 E58.85069
G1 X102.558 Y117.443 E58.86341
G1 X102.94 Y117.946 E58.87601
G1 X103.212 Y118.59 E58.88996
G1 X103.284 Y119.246 E58.90313
G1 X103.207 Y119.852 E58.91532
G1 X102.954 Y120.475 E58.92874
G1 X102.576 Y120.96 E58.94101
G1 X102.147 Y121.305 E58.952
G1 X101.918 Y121.439 E58.95729
G1 X101.431 Y121.642 E58.96782
G1 X100.78 Y121.725 E58.98092
G0 F9000 X100.78 Y121.321
G1 F1800 X100.24 Y121.254 E58.99178
G1 X99.715 Y121.034 E59.00314
G1 X99.295 Y120.701 E59.01383
G1 X98.962 Y120.277 E59.02459
G1 X98.748 Y119.763 E59.0357
G1 X98.674 Y119.215 E59.04674
G1 X98.748 Y118.671 E59.0577
G1 X98.96 Y118.164 E59.06866
G1 X99.293 Y117.733 E59.07953
G1 X99.735 Y117.398 E59.0906
G1 X100.246 Y117.182 E59.10167
G1 X100.781 Y117.11 E59.11244
G1 X101.322 Y117.183 E59.12334
G1 X101.845 Y117.403 E59.13466
G1 X102.272 Y117.728 E59.14537
G1 X102.594 Y118.152 E59.15599
G1 X102.818 Y118.681 E59.16746
G1 X102.885 Y119.214 E59.17818
G1 X102.819 Y119.75 E59.18895
G1 X102.601 Y120.268 E59.20017
G1 X102.266 Y120.7 E59.21108
G1 X101.84 Y121.038 E59.22193
G1 X101.327 Y121.252 E59.23302
G1 X100.78 Y121.321 E59.24403
G1 F2400 E58.44403
G1 F300 Z0.32
G0 F9000 X119.122 Y104.083
G1 F300 Z0.12
G1 F2400 E59.24403
G1 F1800 X118.608 Y104.019 E59.25436
G1 X118.263 Y103.94 E59.26143
G1 X117.662 Y103.693 E59.27439
G1 X117.38 Y103.514 E59.28106
G1 X116.998 Y103.223 E59.29064
G1 X116.777 Y103.002 E59.29688
G1 X116.484 Y102.618 E59.30652
G1 X116.327 Y102.371 E59.31236
G1 X116.072 Y101.783 E59.32515
G1 X115.983 Y101.408 E59.33284
G1 X115.913 Y100.884 E59.34339
G1 X115.923 Y100.612 E59.34882
G1 X116.015 Y99.945 E59.36226
G1 X116.259 Y99.338 E59.37531
G1 X116.388 Y99.073 E59.3812
G1 X116.741 Y98.606 E59.39288
G1 X116.939 Y98.385 E59.3988
G1 X117.37 Y98.053 E59.40966
G1 X117.783 Y97.815 E59.41917
G1 X118.143 Y97.667 E59.42694
G1 X118.507 Y97.56 E59.43451
G1 X118.976 Y97.495 E59.44396
G1 X119.456 Y97.495 E59.45354
G1 X119.844 Y97.547 E59.46135
G1 X120.289 Y97.667 E59.47055
G1 X120.649 Y97.814 E59.47831
G1 X121.062 Y98.053 E59.48783
G1 X121.502 Y98.391 E59.4989
G1 X121.704 Y98.621 E59.50501
G1 X121.944 Y98.933 E59.51286
G1 X122.113 Y99.197 E59.51912
G1 X122.329 Y99.702 E59.53008
G1 X122.455 Y100.172 E59.53979
G1 X122.502 Y100.557 E59.54753
G1 X122.502 Y101.002 E59.55641
G1 X122.44 Y101.489 E59.56621
G1 X122.33 Y101.862 E59.57397
G1 X122.178 Y102.226 E59.58184
G1 X121.936 Y102.639 E59.59139
G1 X121.602 Y103.068 E59.60224
G1 X121.383 Y103.26 E59.60806
G1 X120.943 Y103.603 E59.61919
G1 X120.662 Y103.742 E59.62545
G1 X120.054 Y103.985 E59.63851
G1 X119.385 Y104.073 E59.65198
G1 X119.122 Y104.083 E59.65723
G0 F9000 X119.347 Y103.674
G1 F1800 X119.042 Y103.67 E59.66332
G1 X118.658 Y103.622 E59.67104
G1 X118.389 Y103.561 E59.67654
G1 X117.738 Y103.284 E59.69066
G1 X117.157 Y102.843 E59.70522
G1 X116.711 Y102.256 E59.71993
G1 X116.441 Y101.615 E59.73381
G1 X116.38 Y101.355 E59.73914
G1 X116.304 Y100.789 E59.75054
G1 X116.394 Y100.098 E59.76444
G1 X116.476 Y99.856 E59.76954
G1 X116.696 Y99.329 E59.78094
G1 X117.153 Y98.725 E59.79605
G1 X117.614 Y98.37 E59.80767
G1 X117.935 Y98.185 E59.81506
G1 X118.295 Y98.037 E59.82283
G1 X118.578 Y97.954 E59.82871
G1 X119.03 Y97.892 E59.83782
G1 X119.403 Y97.892 E59.84526
G1 X119.791 Y97.943 E59.85307
G1 X120.137 Y98.037 E59.86023
G1 X120.497 Y98.184 E59.86799
G1 X120.818 Y98.37 E59.87539
G1 X121.275 Y98.721 E59.88689
G1 X121.725 Y99.305 E59.9016
G1 X121.96 Y99.856 E59.91356
G1 X122.058 Y100.222 E59.92112
G1 X122.106 Y100.606 E59.92884
G1 X122.106 Y100.953 E59.93576
G1 X122.047 Y101.418 E59.94512
G1 X121.961 Y101.708 E59.95115
G1 X121.808 Y102.072 E59.95903
G1 X121.621 Y102.393 E59.96645
G1 X121.276 Y102.837 E59.97767
G1 X120.676 Y103.304 E59.99284
G1 X119.953 Y103.596 E60.0084
G1 X119.347 Y103.674 E60.0206
G0 F9000 X119.214 Y103.288
G1 F1800 X118.583 Y103.21 E60.03328
G1 X117.95 Y102.941 E60.04701
G1 X117.438 Y102.554 E60.05982
G1 X117.057 Y102.05 E60.07243
G1 X116.792 Y101.421 E60.08605
G1 X116.707 Y100.784 E60.09887
G1 X116.794 Y100.144 E60.11176
G1 X117.043 Y99.532 E60.12495
G1 X117.441 Y99.007 E60.13809
G1 X117.858 Y98.687 E60.14858
G1 X118.087 Y98.555 E60.15386
G1 X118.565 Y98.358 E60.16417
G1 X119.083 Y98.288 E60.17461
G1 X119.35 Y98.288 E60.17993
G1 X119.737 Y98.34 E60.18773
G1 X119.985 Y98.407 E60.19285
G1 X120.345 Y98.554 E60.20061
G1 X120.574 Y98.687 E60.2059
G1 X121.011 Y99.033 E60.21702
G1 X121.382 Y99.516 E60.22918
G1 X121.591 Y100.01 E60.23988
G1 X121.661 Y100.272 E60.24529
G1 X121.725 Y100.78 E60.25551
G1 X121.642 Y101.431 E60.26861
G1 X121.439 Y101.918 E60.27913
G1 X121.305 Y102.147 E60.28443
G1 X120.982 Y102.549 E60.29472
G1 X120.48 Y102.951 E60.30756
G1 X119.853 Y103.207 E60.32107
G1 X119.214 Y103.288 E60.33392
G0 F9000 X119.217 Y102.886
G1 F1800 X118.681 Y102.818 E60.34471
G1 X118.152 Y102.594 E60.35617
G1 X117.724 Y102.269 E60.3669
G1 X117.401 Y101.841 E60.3776
G1 X117.182 Y101.319 E60.38889
G1 X117.116 Y100.787 E60.39959
G1 X117.181 Y100.249 E60.4104
G1 X117.398 Y99.735 E60.42154
G1 X117.722 Y99.296 E60.43243
G1 X118.166 Y98.955 E60.4436
G1 X118.67 Y98.748 E60.45447
G1 X119.216 Y98.674 E60.46547
G1 X119.76 Y98.747 E60.47642
G1 X120.266 Y98.954 E60.48733
G1 X120.701 Y99.295 E60.49836
G1 X121.035 Y99.72 E60.50915
G1 X121.254 Y100.24 E60.52041
G1 X121.321 Y100.78 E60.53127
G1 X121.252 Y101.327 E60.54227
G1 X121.038 Y101.84 E60.55336
G1 X120.7 Y102.266 E60.56421
G1 X120.273 Y102.604 E60.57508
G1 X119.753 Y102.814 E60.58627
G1 X119.217 Y102.886 E60.59707
G0 F9000 X119.235 Y102.48
;TYPE:WALL-OUTER
G1 F1800 X118.778 Y102.428 E60.60625
G1 X118.385 Y102.261 E60.61477
G1 X118.002 Y101.973 E60.62433
G1 X117.735 Y101.61 E60.63332
G1 X117.578 Y101.232 E60.64149
G1 X117.516 Y100.761 E60.65097
G1 X117.576 Y100.336 E60.65954
G1 X117.746 Y99.933 E60.66827
G1 X118.014 Y99.578 E60.67714
G1 X118.368 Y99.304 E60.68607
G1 X118.801 Y99.133 E60.69537
G1 X119.216 Y99.077 E60.70372
G1 X119.631 Y99.133 E60.71208
G1 X120.041 Y99.294 E60.72087
G1 X120.418 Y99.578 E60.73029
G1 X120.694 Y99.939 E60.73936
G1 X120.864 Y100.343 E60.7481
G1 X120.915 Y100.755 E60.75639
G1 X120.865 Y101.204 E60.7654
G1 X120.701 Y101.61 E60.77414
G1 X120.418 Y101.982 E60.78347
G1 X120.068 Y102.254 E60.79232
G1 X119.663 Y102.424 E60.80108
G1 X119.235 Y102.48 E60.8097
G1 F2400 E60.0097
G1 F300 Z0.32
G0 F9000 X110 Y114.194
G1 F300 Z0.12
G1 F2400 E60.8097
G1 F1800 X108.896 Y114.053 E60.83191
G1 X107.908 Y113.643 E60.85325
G1 X107.018 Y112.957 E60.87568
G1 X106.366 Y112.103 E60.89712
G1 X105.944 Y111.102 E60.9188
G1 X105.8 Y110.015 E60.94068
G1 X105.943 Y108.896 E60.96319
G1 X106.367 Y107.891 E60.98496
G1 X107.043 Y107.018 E61.00699
G1 X107.891 Y106.367 E61.02833
G1 X108.896 Y105.943 E61.0501
G1 X109.985 Y105.8 E61.07201
G1 X111.085 Y105.936 E61.09413
G1 X112.103 Y106.366 E61.11619
G1 X112.982 Y107.043 E61.13833
G1 X113.643 Y107.908 E61.16005
G1 X114.053 Y108.896 E61.1814
G1 X114.196 Y109.985 E61.20332
G1 X114.052 Y111.102 E61.22579
G1 X113.634 Y112.103 E61.24744
G1 X112.957 Y112.982 E61.26958
G1 X112.103 Y113.634 E61.29102
G1 X111.102 Y114.052 E61.31267
G1 X110.015 Y114.196 E61.33455
G1 X110 Y114.194 E61.33486
G1 F2400 E60.53486
G1 F300 Z0.32
G0 F9000 X119.191 Y120.915
G1 F300 Z0.12
G1 F2400 E61.33486
G1 F1800 X118.796 Y120.865 E61.3428
G1 X118.39 Y120.701 E61.35154
G1 X118.014 Y120.418 E61.36093
G1 X117.746 Y120.068 E61.36973
G1 X117.576 Y119.663 E61.37849
G1 X117.516 Y119.235 E61.38712
G1 X117.578 Y118.768 E61.39652
G1 X117.742 Y118.37 E61.40511
G1 X118.027 Y118.002 E61.4144
G1 X118.37 Y117.742 E61.42299
G1 X118.768 Y117.578 E61.43158
G1 X119.235 Y117.516 E61.44098
G1 X119.663 Y117.576 E61.4496
G1 X120.068 Y117.746 E61.45837
G1 X120.418 Y118.014 E61.46717
G1 X120.701 Y118.39 E61.47656
G1 X120.864 Y118.781 E61.48501
G1 X120.915 Y119.241 E61.49425
G1 X120.864 Y119.657 E61.50261
G1 X120.701 Y120.046 E61.51103
G1 X120.418 Y120.418 E61.52036
G1 X120.061 Y120.694 E61.52936
G1 X119.656 Y120.864 E61.53813
G1 X119.191 Y120.915 E61.54746
G1 F2400 E60.74746
G1 F300 Z0.32
G0 F9000 X110 Y129.794
G1 F300 Z0.12
G1 F2400 E61.54746
G1 F1800 X115.127 Y129.121 E61.65065
G1 X119.895 Y127.145 E61.75365
G1 X123.997 Y123.997 E61.85684
G1 X127.145 Y119.895 E61.96003
G1 X129.117 Y115.127 E62.06299
G1 X129.794 Y110 E62.1662
G1 X129.117 Y104.869 E62.26948
G1 X127.145 Y100.101 E62.37245
G1 X123.997 Y95.999 E62.47563
G1 X119.895 Y92.851 E62.57882
G1 X115.127 Y90.879 E62.68179
G1 X110 Y90.202 E62.78499
G1 X104.869 Y90.879 E62.88827
G1 X100.101 Y92.851 E62.99124
G1 X95.999 Y95.999 E63.09443
G1 X92.851 Y100.101 E63.19762
G1 X90.875 Y104.869 E63.30061
G1 X90.202 Y110 E63.40389
G1 X90.875 Y115.127 E63.50708
G1 X92.851 Y119.895 E63.61008
G1 X95.999 Y123.997 E63.71326
G1 X100.101 Y127.145 E63.81645
G1 X104.869 Y129.121 E63.91945
G1 X110 Y129.794 E64.02272
G1 F2400 E63.22272
G1 F300 Z0.32
G0 F9000 X100.755 Y120.915
G1 F300 Z0.12
G1 F2400 E64.02272
G1 F1800 X100.345 Y120.864 E64.03097
G1 X99.935 Y120.694 E64.03982
G1 X99.578 Y120.418 E64.04883
G1 X99.299 Y120.046 E64.05811
G1 X99.133 Y119.631 E64.06703
G1 X99.077 Y119.216 E64.07538
G1 X99.135 Y118.796 E64.08385
G1 X99.299 Y118.39 E64.09258
G1 X99.577 Y118.015 E64.1019
G1 X99.954 Y117.735 E64.11127
G1 X100.336 Y117.576 E64.11953
G1 X100.761 Y117.516 E64.12809
G1 X101.232 Y117.578 E64.13757
G1 X101.626 Y117.743 E64.1461
G1 X101.998 Y118.027 E64.15544
G1 X102.261 Y118.385 E64.1643
G1 X102.422 Y118.768 E64.17259
G1 X102.48 Y119.235 E64.18199
G1 X102.424 Y119.663 E64.1906
G1 X102.254 Y120.068 E64.19936
G1 X101.982 Y120.418 E64.20821
G1 X101.61 Y120.701 E64.21754
G1 X101.219 Y120.864 E64.22599
G1 X100.755 Y120.915 E64.23531
G1 F2400 E63.43531
G1 F300 Z0.32
G0 F9000 X100.761 Y102.48
G1 F300 Z0.12
G1 F2400 E64.23531
G1 F1800 X100.336 Y102.424 E64.24386
G1 X99.932 Y102.254 E64.25261
G1 X99.578 Y101.982 E64.26152
G1 X99.299 Y101.61 E64.2708
G1 X99.133 Y101.195 E64.27972
G1 X99.077 Y100.78 E64.28807
G1 X99.137 Y100.343 E64.29688
G1 X99.306 Y99.939 E64.30562
G1 X99.578 Y99.578 E64.31464
G1 X99.932 Y99.304 E64.32357
G1 X100.365 Y99.133 E64.33286
G1 X100.78 Y99.077 E64.34122
G1 X101.204 Y99.135 E64.34976
G1 X101.629 Y99.304 E64.35888
G1 X101.982 Y99.578 E64.3678
G1 X102.254 Y99.932 E64.37671
G1 X102.424 Y100.336 E64.38546
G1 X102.48 Y100.761 E64.39401
G1 X102.422 Y101.232 E64.40348
G1 X102.253 Y101.626 E64.41204
G1 X101.973 Y101.998 E64.42133
G1 X101.626 Y102.253 E64.42992
G1 X101.232 Y102.422 E64.43848
G1 X100.761 Y102.48 E64.44795
G1 F2400 E63.64795
G1 F300 Z0.32
G0 F9000 X119.096 Y104.439
;TYPE:SKIN
G1 F300 Z0.12
G1 F2400 E64.44795
G1 F1800 X119.406 Y104.432 E64.45414
G1 X120.152 Y104.333 E64.46915
G1 X120.791 Y104.078 E64.48288
G1 X121.113 Y103.92 E64.49004
G1 X121.754 Y103.421 E64.50625
G1 X121.966 Y103.181 E64.51264
G1 X122.222 Y102.856 E64.5209
G1 X122.501 Y102.381 E64.53189
G1 X122.661 Y101.997 E64.54019
G1 X122.793 Y101.552 E64.54946
G1 X122.859 Y101.046 E64.55964
G1 X122.861 Y100.536 E64.56982
G1 X122.811 Y100.127 E64.57804
G1 X122.666 Y99.587 E64.5892
G1 X122.434 Y99.03 E64.60124
G1 X122.223 Y98.705 E64.60897
G1 X121.883 Y98.265 E64.62007
G1 X121.605 Y98.014 E64.62754
G1 X121.286 Y97.769 E64.63557
G1 X120.797 Y97.486 E64.64685
G1 X120.428 Y97.334 E64.65481
G1 X119.908 Y97.194 E64.66556
G1 X119.504 Y97.137 E64.6737
G1 X118.929 Y97.137 E64.68517
G1 X118.449 Y97.201 E64.69484
G1 X118 Y97.334 E64.70418
G1 X117.648 Y97.478 E64.71177
G1 X117.145 Y97.765 E64.72333
G1 X116.825 Y98.013 E64.73141
G1 X116.544 Y98.266 E64.73895
G1 X116.2 Y98.718 E64.75029
G1 X115.987 Y99.046 E64.75809
G1 X115.723 Y99.678 E64.77176
G1 X115.649 Y99.968 E64.77774
G1 X115.56 Y100.584 E64.79016
G1 X115.553 Y100.908 E64.79662
G1 X115.621 Y101.446 E64.80745
G1 X115.713 Y101.839 E64.8155
G1 X115.97 Y102.476 E64.82921
G1 X116.183 Y102.816 E64.83721
G1 X116.501 Y103.231 E64.84765
G1 X116.769 Y103.499 E64.85521
G1 X117.153 Y103.795 E64.86489
G1 X117.499 Y104.016 E64.87308
G1 X118.164 Y104.288 E64.88742
G1 X118.54 Y104.372 E64.89511
G1 X119.096 Y104.439 E64.90628
G1 F2400 E64.10628
G1 F300 Z0.32
G0 F9000 X101.05 Y122.859
G1 F300 Z0.12
G1 F2400 E64.90628
G1 F1800 X101.546 Y122.795 E64.91626
G1 X101.998 Y122.661 E64.92567
G1 X102.358 Y122.509 E64.93347
G1 X102.837 Y122.234 E64.94449
G1 X103.167 Y121.978 E64.95283
G1 X103.447 Y121.727 E64.96033
G1 X103.791 Y121.283 E64.97154
G1 X103.942 Y121.061 E64.9769
G1 X104.068 Y120.809 E64.98252
G1 X104.331 Y120.158 E64.99653
G1 X104.431 Y119.427 E65.01125
G1 X104.439 Y119.097 E65.01784
G1 X104.375 Y118.56 E65.02863
G1 X104.269 Y118.1 E65.03805
G1 X103.992 Y117.464 E65.0519
G1 X103.809 Y117.172 E65.05878
G1 X103.494 Y116.759 E65.06914
G1 X103.249 Y116.517 E65.07601
G1 X102.83 Y116.193 E65.08658
G1 X102.508 Y115.987 E65.09421
G1 X101.868 Y115.722 E65.10803
G1 X101.451 Y115.625 E65.11658
G1 X100.919 Y115.553 E65.12729
G1 X100.59 Y115.56 E65.13386
G1 X99.973 Y115.648 E65.1463
G1 X99.67 Y115.727 E65.15255
G1 X99.05 Y115.987 E65.16596
G1 X98.722 Y116.196 E65.17372
G1 X98.27 Y116.54 E65.18506
G1 X97.993 Y116.852 E65.19338
G1 X97.76 Y117.159 E65.20108
G1 X97.487 Y117.638 E65.21208
G1 X97.335 Y117.998 E65.21988
G1 X97.212 Y118.415 E65.22855
G1 X97.138 Y118.923 E65.2388
G1 X97.137 Y119.503 E65.25037
G1 X97.189 Y119.891 E65.25818
G1 X97.326 Y120.405 E65.2688
G1 X97.487 Y120.797 E65.27726
G1 X97.754 Y121.264 E65.28799
G1 X97.993 Y121.578 E65.29587
G1 X98.256 Y121.874 E65.30377
G1 X98.727 Y122.241 E65.31568
G1 X99.007 Y122.421 E65.32233
G1 X99.589 Y122.67 E65.33496
G1 X100.109 Y122.806 E65.34569
G1 X100.506 Y122.859 E65.35368
G1 X101.05 Y122.859 E65.36454
G1 F2400 E64.56454
G1 F300 Z0.32
G0 F9000 X109.999 Y127.814
G1 F300 Z0.12
G1 F2400 E65.36454
G1 F1800 X105.373 Y127.209 E65.45764
G1 X101.089 Y125.433 E65.55019
G1 X97.395 Y122.597 E65.64312
G1 X94.559 Y118.903 E65.73606
G1 X92.783 Y114.619 E65.82861
G1 X92.178 Y110.001 E65.92155
G1 X92.787 Y105.373 E66.01471
G1 X94.559 Y101.089 E66.10722
G1 X97.395 Y97.395 E66.20016
G1 X101.089 Y94.559 E66.2931
G1 X105.373 Y92.791 E66.38558
G1 X109.999 Y92.178 E66.47871
G1 X114.619 Y92.791 E66.57171
G1 X118.903 Y94.559 E66.6642
G1 X122.597 Y97.395 E66.75714
G1 X125.433 Y101.089 E66.85007
G1 X127.205 Y105.373 E66.94259
G1 X127.814 Y109.999 E67.0357
G1 X127.201 Y114.619 E67.12871
G1 X125.433 Y118.903 E67.22119
G1 X122.597 Y122.597 E67.31413
G1 X118.903 Y125.433 E67.40707
G1 X114.619 Y127.209 E67.49962
G1 X109.999 Y127.814 E67.5926
G1 F2400 E66.7926
G1 F300 Z0.32
G0 F9000 X118.942 Y122.859
G1 F300 Z0.12
G1 F2400 E67.5926
G1 F1800 X119.477 Y122.859 E67.60328
G1 X119.869 Y122.811 E67.61116
G1 X120.408 Y122.67 E67.62228
G1 X120.959 Y122.436 E67.63422
G1 X121.287 Y122.227 E67.64198
G1 X121.607 Y121.979 E67.65006
G1 X121.879 Y121.734 E67.65737
G1 X122.227 Y121.282 E67.66875
G1 X122.501 Y120.818 E67.67951
G1 X122.661 Y120.437 E67.68775
G1 X122.806 Y119.895 E67.69895
G1 X122.86 Y119.452 E67.70786
G1 X122.859 Y118.942 E67.71803
G1 X122.795 Y118.45 E67.72793
G1 X122.668 Y118.014 E67.737
G1 X122.501 Y117.614 E67.74565
G1 X122.237 Y117.166 E67.75602
G1 X121.992 Y116.839 E67.76418
G1 X121.759 Y116.572 E67.77125
G1 X121.29 Y116.209 E67.78308
G1 X120.95 Y115.987 E67.79119
G1 X120.446 Y115.775 E67.8021
G1 X120.058 Y115.648 E67.81025
G1 X119.426 Y115.565 E67.82297
G1 X119.117 Y115.552 E67.82914
G1 X118.545 Y115.625 E67.84065
G1 X118.133 Y115.722 E67.84909
G1 X117.525 Y115.966 E67.86217
G1 X117.16 Y116.195 E67.87077
G1 X116.746 Y116.514 E67.8812
G1 X116.502 Y116.759 E67.8881
G1 X116.205 Y117.146 E67.89783
G1 X115.967 Y117.522 E67.90671
G1 X115.722 Y118.133 E67.91985
G1 X115.625 Y118.541 E67.92822
G1 X115.553 Y119.077 E67.93901
G1 X115.564 Y119.409 E67.94564
G1 X115.648 Y120.062 E67.95878
G1 X115.771 Y120.438 E67.96667
G1 X115.987 Y120.95 E67.97776
G1 X116.197 Y121.271 E67.98542
G1 X116.545 Y121.726 E67.99685
G1 X116.823 Y121.978 E68.00434
G1 X117.163 Y122.238 E68.01288
G1 X117.619 Y122.502 E68.02339
G1 X118.018 Y122.668 E68.03202
G1 X118.44 Y122.793 E68.0408
G1 X118.942 Y122.859 E68.0509
G1 F2400 E67.2509
G1 F300 Z0.32
G0 F9000 X110 Y116.145
G1 F300 Z0.12
G1 F2400 E68.0509
G1 F1800 X110.153 Y116.148 E68.05396
G1 X111.469 Y115.984 E68.08042
G1 X111.798 Y115.885 E68.08728
G1 X113.116 Y115.325 E68.11586
G1 X114.221 Y114.478 E68.14364
G1 X114.466 Y114.234 E68.15054
G1 X115.349 Y113.074 E68.17964
G1 X115.889 Y111.79 E68.20743
G1 X115.984 Y111.461 E68.21427
G1 X116.156 Y110.123 E68.24119
G1 X116.148 Y109.836 E68.24692
G1 X115.987 Y108.551 E68.27276
G1 X115.901 Y108.244 E68.27912
G1 X115.421 Y107.079 E68.30427
G1 X115.247 Y106.777 E68.31122
G1 X114.478 Y105.775 E68.33643
G1 X114.215 Y105.517 E68.34378
G1 X113.083 Y104.655 E68.37218
G1 X111.791 Y104.107 E68.40018
G1 X111.448 Y104.006 E68.40732
G1 X110.151 Y103.844 E68.4334
G1 X109.729 Y103.852 E68.44183
G1 X108.55 Y104.005 E68.46555
G1 X108.25 Y104.092 E68.47178
G1 X107.075 Y104.579 E68.49717
G1 X106.773 Y104.749 E68.50408
G1 X105.781 Y105.513 E68.52907
G1 X105.518 Y105.775 E68.53648
G1 X104.757 Y106.761 E68.56133
G1 X104.585 Y107.062 E68.56825
G1 X104.092 Y108.246 E68.59385
G1 X104.006 Y108.545 E68.60006
G1 X103.853 Y109.718 E68.62366
G1 X103.844 Y110.159 E68.63247
G1 X104.009 Y111.468 E68.65879
G1 X104.1 Y111.767 E68.66503
G1 X104.675 Y113.124 E68.69444
G1 X105.516 Y114.214 E68.72192
G1 X105.775 Y114.478 E68.7293
G1 X106.769 Y115.242 E68.75432
G1 X107.071 Y115.416 E68.76127
G1 X108.242 Y115.9 E68.78656
G1 X108.541 Y115.986 E68.79277
G1 X109.718 Y116.139 E68.81645
G1 X110 Y116.145 E68.82208
G1 F2400 E68.02208
G1 F300 Z0.32
G0 F9000 X100.874 Y104.44
G1 F300 Z0.12
G1 F2400 E68.82208
G1 F1800 X101.428 Y104.375 E68.83321
G1 X101.904 Y104.265 E68.84296
G1 X102.559 Y103.974 E68.85727
G1 X102.807 Y103.818 E68.86311
G1 X103.229 Y103.5 E68.87366
G1 X103.503 Y103.227 E68.88138
G1 X103.813 Y102.812 E68.89171
G1 X104.015 Y102.494 E68.89923
G1 X104.273 Y101.869 E68.91272
G1 X104.375 Y101.432 E68.92168
G1 X104.44 Y100.875 E68.93287
G1 X104.431 Y100.56 E68.93916
G1 X104.349 Y99.978 E68.95089
G1 X104.278 Y99.698 E68.95665
G1 X103.992 Y99.014 E68.97145
G1 X103.8 Y98.722 E68.97842
G1 X103.451 Y98.269 E68.98983
G1 X103.169 Y98.014 E68.99742
G1 X102.846 Y97.765 E69.00556
G1 X102.372 Y97.49 E69.0165
G1 X101.992 Y97.334 E69.02469
G1 X101.552 Y97.203 E69.03385
G1 X101.067 Y97.137 E69.04362
G1 X100.489 Y97.137 E69.05516
G1 X100.105 Y97.189 E69.06289
G1 X99.588 Y97.326 E69.07356
G1 X99.212 Y97.478 E69.08166
G1 X98.732 Y97.75 E69.09267
G1 X98.401 Y98.006 E69.10102
G1 X98.127 Y98.245 E69.10827
G1 X97.76 Y98.723 E69.1203
G1 X97.57 Y99.027 E69.12745
G1 X97.33 Y99.583 E69.13954
G1 X97.189 Y100.112 E69.15046
G1 X97.137 Y100.488 E69.15804
G1 X97.136 Y101.036 E69.16898
G1 X97.205 Y101.56 E69.17952
G1 X97.335 Y101.998 E69.18864
G1 X97.487 Y102.358 E69.19644
G1 X97.754 Y102.828 E69.20723
G1 X98.006 Y103.155 E69.21546
G1 X98.223 Y103.41 E69.22215
G1 X98.72 Y103.795 E69.23469
G1 X99.012 Y103.991 E69.24171
G1 X99.674 Y104.273 E69.25607
G1 X99.968 Y104.347 E69.26212
G1 X100.564 Y104.431 E69.27413
G1 X100.874 Y104.44 E69.28032
G1 F2400 E68.48032
G1 F300 Z0.32
G0 F9000 X97.658 Y122.548
G1 F300 Z0.12
G1 F2400 E69.28032
G1 F1800 X97.444 Y122.334 E69.28636
G0 F9000 X97.555 Y121.313
G1 F1800 X94.514 Y118.273 E69.37217
G0 F9000 X94.113 Y117.306
G1 F1800 X97.086 Y120.279 E69.45607
G0 F9000 X96.945 Y119.572
G1 F1800 X93.713 Y116.34 E69.54729
G0 F9000 X93.312 Y115.374
G1 F1800 X96.939 Y119.001 E69.64965
G0 F9000 X96.997 Y118.493
G1 F1800 X92.963 Y114.459 E69.7635
G0 F9000 X92.878 Y113.808
G1 F1800 X97.115 Y118.045 E69.88308
G0 F9000 X97.273 Y117.638
G1 F1800 X92.793 Y113.158 E70.00951
G0 F9000 X92.707 Y112.506
G1 F1800 X97.468 Y117.267 E70.14388
G0 F9000 X97.688 Y116.922
G1 F1800 X92.623 Y111.856 E70.28684
G0 F9000 X92.537 Y111.205
G1 F1800 X97.941 Y116.608 E70.43933
G0 F9000 X98.223 Y116.325
G1 F1800 X92.452 Y110.554 E70.6022
G0 F9000 X92.389 Y109.925
G1 F1800 X98.544 Y116.08 E70.77591
G0 F9000 X98.887 Y115.857
G1 F1800 X92.455 Y109.425 E70.95744
G0 F9000 X92.521 Y108.926
G1 F1800 X99.274 Y115.678 E71.14801
G0 F9000 X99.678 Y115.517
G1 F1800 X92.586 Y108.426 E71.34814
G0 F9000 X92.652 Y107.926
G1 F1800 X100.148 Y115.421 E71.55968
G0 F9000 X100.65 Y115.358
G1 F1800 X92.718 Y107.426 E71.78354
G0 F9000 X92.784 Y106.926
G1 F1800 X101.256 Y115.398 E72.02264
G0 F9000 X101.979 Y115.555
G1 F1800 X92.849 Y106.426 E72.28029
G0 F9000 X92.915 Y105.926
G1 F1800 X103.276 Y116.287 E72.5727
G0 F9000 X103.736 Y116.747
G1 F1800 X114.068 Y127.079 E72.8643
G0 F9000 X113.568 Y127.144
G1 F1800 X104.457 Y118.033 E73.12143
G0 F9000 X104.598 Y118.74
G1 F1800 X113.068 Y127.21 E73.36047
G0 F9000 X112.567 Y127.275
G1 F1800 X104.631 Y119.339 E73.58444
G0 F9000 X104.575 Y119.848
G1 F1800 X112.067 Y127.341 E73.79589
G0 F9000 X111.567 Y127.406
G1 F1800 X104.48 Y120.319 E73.9959
G0 F9000 X104.318 Y120.723
G1 F1800 X111.067 Y127.472 E74.18638
G0 F9000 X110.566 Y127.537
G1 F1800 X104.142 Y121.113 E74.36768
G0 F9000 X103.914 Y121.45
G1 F1800 X110.066 Y127.602 E74.5413
G0 F9000 X109.436 Y127.538
G1 F1800 X103.667 Y121.769 E74.70411
G0 F9000 X103.385 Y122.052
G1 F1800 X108.785 Y127.452 E74.85651
G0 F9000 X108.134 Y127.368
G1 F1800 X103.071 Y122.304 E74.99941
G0 F9000 X102.729 Y122.528
G1 F1800 X107.484 Y127.283 E75.13361
G0 F9000 X106.833 Y127.198
G1 F1800 X102.359 Y122.723 E75.25989
G0 F9000 X101.953 Y122.884
G1 F1800 X106.183 Y127.113 E75.37926
G0 F9000 X105.531 Y127.027
G1 F1800 X101.506 Y123.002 E75.49285
G0 F9000 X100.995 Y123.057
G1 F1800 X104.617 Y126.679 E75.59507
G0 F9000 X103.651 Y126.279
G1 F1800 X100.423 Y123.05 E75.68619
G0 F9000 X99.717 Y122.91
G1 F1800 X102.685 Y125.878 E75.76995
G0 F9000 X101.719 Y125.478
G1 F1800 X98.7 Y122.459 E75.85515
G1 F2400 E75.05515
G1 F300 Z0.32
G0 F9000 X100.09 Y124.414
G1 F300 Z0.12
G1 F2400 E75.85515
G1 F1800 X95.578 Y119.902 E75.98249
G1 F2400 E75.18249
G1 F300 Z0.32
G0 F9000 X104.319 Y112.804
G1 F300 Z0.12
G1 F2400 E75.98249
G1 F1800 X94.14 Y102.625 E76.26976
G0 F9000 X94.305 Y102.225
G1 F1800 X103.913 Y111.832 E76.54091
G0 F9000 X103.763 Y111.117
G1 F1800 X94.471 Y101.825 E76.80315
G0 F9000 X94.636 Y101.425
G1 F1800 X103.682 Y110.47 E77.05843
G0 F9000 X103.651 Y109.873
G1 F1800 X94.835 Y101.058 E77.30723
G0 F9000 X95.08 Y100.737
G1 F1800 X103.699 Y109.356 E77.55047
G0 F9000 X103.765 Y108.856
G1 F1800 X99.197 Y104.288 E77.67939
G0 F9000 X100.034 Y104.559
G1 F1800 X103.847 Y108.373 E77.78702
G0 F9000 X103.997 Y107.957
G1 F1800 X100.673 Y104.633 E77.88083
G0 F9000 X101.209 Y104.603
G1 F1800 X104.162 Y107.557 E77.96418
G0 F9000 X104.329 Y107.157
G1 F1800 X101.69 Y104.519 E78.03864
G0 F9000 X102.123 Y104.386
G1 F1800 X104.519 Y106.782 E78.10626
G0 F9000 X104.749 Y106.446
G1 F1800 X102.514 Y104.211 E78.16934
G0 F9000 X102.878 Y104.009
G1 F1800 X104.995 Y106.126 E78.22909
G0 F9000 X105.242 Y105.807
G1 F1800 X103.204 Y103.77 E78.28659
G0 F9000 X103.506 Y103.506
G1 F1800 X105.505 Y105.505 E78.34301
G0 F9000 X105.807 Y105.241
G1 F1800 X103.769 Y103.204 E78.40051
G0 F9000 X104.008 Y102.877
G1 F1800 X106.127 Y104.995 E78.4603
G0 F9000 X106.447 Y104.75
G1 F1800 X104.219 Y102.522 E78.52318
G0 F9000 X104.385 Y102.122
G1 F1800 X106.778 Y104.515 E78.59071
G0 F9000 X107.156 Y104.328
G1 F1800 X104.518 Y101.69 E78.66516
G0 F9000 X104.603 Y101.209
G1 F1800 X107.557 Y104.162 E78.74852
G0 F9000 X107.957 Y103.997
G1 F1800 X104.632 Y100.672 E78.84236
G0 F9000 X104.558 Y100.032
G1 F1800 X108.372 Y103.846 E78.94999
G0 F9000 X108.856 Y103.764
G1 F1800 X104.289 Y99.198 E79.07887
G1 F2400 E78.27887
G1 F300 Z0.32
G0 F9000 X102.362 Y97.271
G1 F300 Z0.12
G1 F2400 E79.07887
G1 F1800 X100.418 Y95.327 E79.13374
G0 F9000 X100.098 Y95.573
G1 F1800 X101.522 Y96.997 E79.17392
G0 F9000 X100.898 Y96.939
G1 F1800 X99.778 Y95.819 E79.20553
G0 F9000 X99.458 Y96.064
G1 F1800 X100.349 Y96.955 E79.23068
G0 F9000 X99.872 Y97.043
G1 F1800 X99.138 Y96.31 E79.25138
G0 F9000 X98.818 Y96.555
G1 F1800 X99.435 Y97.173 E79.26881
G0 F9000 X99.042 Y97.345
G1 F1800 X98.499 Y96.802 E79.28413
G0 F9000 X98.178 Y97.047
G1 F1800 X98.68 Y97.549 E79.2983
G0 F9000 X98.354 Y97.789
G1 F1800 X97.859 Y97.293 E79.31228
G0 F9000 X97.538 Y97.538
G1 F1800 X98.048 Y98.048 E79.32668
G0 F9000 X97.789 Y98.354
G1 F1800 X97.292 Y97.858 E79.34069
G0 F9000 X97.046 Y98.178
G1 F1800 X97.551 Y98.682 E79.35493
G0 F9000 X97.345 Y99.042
G1 F1800 X96.801 Y98.498 E79.37028
G0 F9000 X96.555 Y98.817
G1 F1800 X97.176 Y99.439 E79.38782
G0 F9000 X97.047 Y99.875
G1 F1800 X96.309 Y99.138 E79.40863
G0 F9000 X96.063 Y99.457
G1 F1800 X96.955 Y100.349 E79.43381
G0 F9000 X96.937 Y100.897
G1 F1800 X95.818 Y99.778 E79.46539
G0 F9000 X95.572 Y100.097
G1 F1800 X97 Y101.526 E79.5057
G0 F9000 X97.273 Y102.364
G1 F1800 X95.326 Y100.418 E79.56064
G1 F2400 E78.76064
G1 F300 Z0.32
G0 F9000 X93.974 Y103.025
G1 F300 Z0.12
G1 F2400 E79.56064
G1 F1800 X116.967 Y126.018 E80.20955
G0 F9000 X116.567 Y126.184
G1 F1800 X93.808 Y103.425 E80.85186
G0 F9000 X93.643 Y103.825
G1 F1800 X116.168 Y126.35 E81.48756
G0 F9000 X115.768 Y126.516
G1 F1800 X93.477 Y104.225 E82.11666
G0 F9000 X93.312 Y104.626
G1 F1800 X115.368 Y126.682 E82.73913
G0 F9000 X114.968 Y126.847
G1 F1800 X93.146 Y105.026 E83.35498
G0 F9000 X92.981 Y105.426
G1 F1800 X114.568 Y127.013 E83.96421
G1 F2400 E83.16421
G1 F300 Z0.32
G0 F9000 X117.367 Y125.852
G1 F300 Z0.12
G1 F2400 E83.96421
G1 F1800 X107.2 Y115.685 E84.25115
G0 F9000 X108.165 Y116.084
G1 F1800 X117.767 Y125.686 E84.52214
G0 F9000 X118.167 Y125.521
G1 F1800 X108.875 Y116.229 E84.78438
G0 F9000 X109.527 Y116.315
G1 F1800 X118.566 Y125.354 E85.03948
G0 F9000 X118.933 Y125.156
G1 F1800 X110.125 Y116.347 E85.28807
G0 F9000 X110.633 Y116.29
G1 F1800 X119.254 Y124.91 E85.53136
G0 F9000 X119.573 Y124.664
G1 F1800 X117.631 Y122.722 E85.58617
G0 F9000 X118.474 Y122.999
G1 F1800 X119.893 Y124.419 E85.62623
G0 F9000 X120.213 Y124.173
G1 F1800 X119.099 Y123.059 E85.65767
G0 F9000 X119.645 Y123.039
G1 F1800 X120.533 Y123.928 E85.68274
G0 F9000 X120.854 Y123.682
G1 F1800 X120.123 Y122.951 E85.70337
G0 F9000 X120.559 Y122.822
G1 F1800 X121.173 Y123.436 E85.7207
G0 F9000 X121.494 Y123.191
G1 F1800 X120.957 Y122.654 E85.73586
G0 F9000 X121.314 Y122.445
G1 F1800 X121.813 Y122.945 E85.74995
G0 F9000 X122.134 Y122.699
G1 F1800 X121.641 Y122.206 E85.76387
G0 F9000 X121.948 Y121.948
G1 F1800 X122.454 Y122.454 E85.77815
G0 F9000 X122.7 Y122.134
G1 F1800 X122.204 Y121.638 E85.79215
G0 F9000 X122.443 Y121.312
G1 F1800 X122.945 Y121.814 E85.80631
G0 F9000 X123.191 Y121.494
G1 F1800 X122.652 Y120.955 E85.82153
G0 F9000 X122.825 Y120.562
G1 F1800 X123.437 Y121.174 E85.8388
G0 F9000 X123.683 Y120.854
G1 F1800 X122.95 Y120.121 E85.85949
G0 F9000 X123.039 Y119.645
G1 F1800 X123.928 Y120.534 E85.88457
G0 F9000 X124.174 Y120.214
G1 F1800 X123.057 Y119.097 E85.9161
G0 F9000 X122.998 Y118.473
G1 F1800 X124.42 Y119.894 E85.95622
G0 F9000 X124.665 Y119.574
G1 F1800 X122.729 Y117.638 E86.01085
G1 F2400 E85.21085
G1 F300 Z0.32
G0 F9000 X124.911 Y119.254
G1 F300 Z0.12
G1 F2400 E86.01085
G1 F1800 X116.29 Y110.633 E86.25416
G0 F9000 X116.354 Y110.132
G1 F1800 X125.156 Y118.934 E86.50257
G0 F9000 X125.355 Y118.567
G1 F1800 X116.309 Y109.521 E86.75787
G0 F9000 X116.226 Y108.873
G1 F1800 X125.521 Y118.167 E87.02018
G0 F9000 X125.685 Y117.766
G1 F1800 X116.084 Y108.164 E87.29115
G0 F9000 X115.688 Y107.202
G1 F1800 X125.851 Y117.366 E87.57799
G0 F9000 X126.016 Y116.965
G1 F1800 X103.027 Y93.976 E88.22679
G0 F9000 X102.627 Y94.141
G1 F1800 X112.806 Y104.321 E88.51408
G0 F9000 X111.831 Y103.911
G1 F1800 X102.226 Y94.307 E88.78514
G0 F9000 X101.825 Y94.472
G1 F1800 X111.117 Y103.763 E89.04736
G0 F9000 X110.471 Y103.682
G1 F1800 X101.425 Y94.637 E89.30265
G0 F9000 X101.058 Y94.836
G1 F1800 X109.872 Y103.649 E89.55138
G0 F9000 X109.355 Y103.699
G1 F1800 X100.738 Y95.081 E89.79459
G1 F2400 E88.99459
G1 F300 Z0.32
G0 F9000 X103.428 Y93.811
G1 F300 Z0.12
G1 F2400 E89.79459
G1 F1800 X126.182 Y116.565 E90.43675
G0 F9000 X126.347 Y116.165
G1 F1800 X103.828 Y93.646 E91.07229
G0 F9000 X104.228 Y93.48
G1 F1800 X126.512 Y115.764 E91.70119
G0 F9000 X126.677 Y115.364
G1 F1800 X104.629 Y93.315 E92.32345
G0 F9000 X105.029 Y93.15
G1 F1800 X126.843 Y114.964 E92.93908
G0 F9000 X127.007 Y114.562
G1 F1800 X105.431 Y92.986 E93.54801
G0 F9000 X105.93 Y92.919
G1 F1800 X116.288 Y103.277 E93.84033
G0 F9000 X116.733 Y103.723
G1 F1800 X127.073 Y114.063 E94.13215
G0 F9000 X127.14 Y113.563
G1 F1800 X118.028 Y104.452 E94.38929
G0 F9000 X118.741 Y104.599
G1 F1800 X127.206 Y113.064 E94.6282
G0 F9000 X127.272 Y112.564
G1 F1800 X119.342 Y104.634 E94.852
G0 F9000 X119.848 Y104.574
G1 F1800 X127.338 Y112.064 E95.06338
G0 F9000 X127.404 Y111.565
G1 F1800 X120.32 Y104.481 E95.26331
G0 F9000 X120.725 Y104.32
G1 F1800 X127.471 Y111.066 E95.45369
G0 F9000 X127.537 Y110.566
G1 F1800 X121.113 Y104.143 E95.63498
G0 F9000 X121.451 Y103.915
G1 F1800 X127.603 Y110.067 E95.8086
G0 F9000 X127.538 Y109.436
G1 F1800 X121.769 Y103.668 E95.9714
G0 F9000 X122.051 Y103.383
G1 F1800 X127.452 Y108.784 E96.12383
G0 F9000 X127.366 Y108.133
G1 F1800 X122.305 Y103.071 E96.26667
G0 F9000 X122.527 Y102.728
G1 F1800 X127.281 Y107.482 E96.40084
G0 F9000 X127.195 Y106.83
G1 F1800 X122.724 Y102.359 E96.52702
G0 F9000 X122.883 Y101.953
G1 F1800 X127.11 Y106.179 E96.64631
G0 F9000 X127.024 Y105.528
G1 F1800 X123.001 Y101.504 E96.75986
G0 F9000 X123.058 Y100.996
G1 F1800 X126.674 Y104.612 E96.86191
G0 F9000 X126.275 Y103.648
G1 F1800 X123.047 Y100.42 E96.95301
G0 F9000 X122.906 Y99.713
G1 F1800 X125.876 Y102.683 E97.03683
G0 F9000 X125.477 Y101.718
G1 F1800 X122.456 Y98.697 E97.12209
G0 F9000 X122.539 Y97.649
G1 F1800 X122.344 Y97.454 E97.12759
G0 F9000 X121.315 Y97.556
G1 F1800 X118.276 Y94.517 E97.21336
G0 F9000 X117.313 Y94.119
G1 F1800 X120.283 Y97.09 E97.29719
G0 F9000 X119.571 Y96.944
G1 F1800 X116.349 Y93.721 E97.38814
G0 F9000 X115.386 Y93.324
G1 F1800 X119 Y96.939 E97.49015
G0 F9000 X118.49 Y96.994
G1 F1800 X114.469 Y92.973 E97.60363
G0 F9000 X113.817 Y92.887
G1 F1800 X118.043 Y97.113 E97.7229
G0 F9000 X117.633 Y97.268
G1 F1800 X113.165 Y92.8 E97.84899
G0 F9000 X112.513 Y92.714
G1 F1800 X117.264 Y97.465 E97.98308
G0 F9000 X116.922 Y97.688
G1 F1800 X111.861 Y92.627 E98.12591
G0 F9000 X111.208 Y92.54
G1 F1800 X116.607 Y97.939 E98.27828
G0 F9000 X116.326 Y98.224
G1 F1800 X110.556 Y92.454 E98.44112
G0 F9000 X109.926 Y92.39
G1 F1800 X116.081 Y98.545 E98.61483
G0 F9000 X115.856 Y98.885
G1 F1800 X109.427 Y92.456 E98.79627
G0 F9000 X108.927 Y92.522
G1 F1800 X115.677 Y99.272 E98.98677
G0 F9000 X115.516 Y99.677
G1 F1800 X108.428 Y92.589 E99.18681
G0 F9000 X107.929 Y92.655
G1 F1800 X115.422 Y100.149 E99.39829
G0 F9000 X115.36 Y100.652
G1 F1800 X107.429 Y92.721 E99.62212
G0 F9000 X106.929 Y92.787
G1 F1800 X115.396 Y101.254 E99.86108
G0 F9000 X115.556 Y101.98
G1 F1800 X106.429 Y92.853 E100.11866
G1 F2400 E99.31866
G1 F300 Z0.32
G0 F9000 X119.906 Y95.582
G1 F300 Z0.12
G1 F2400 E100.11866
G1 F1800 X124.411 Y100.087 E100.2458
G1 F2400 E99.4458
G1 F300 Z0.32
G0 F9000 X116.226 Y111.135
G1 F300 Z0.12
G1 F2400 E100.2458
G1 F1800 X120.796 Y115.705 E100.37478
G0 F9000 X119.959 Y115.433
G1 F1800 X116.146 Y111.62 E100.48239
G0 F9000 X115.999 Y112.039
G1 F1800 X119.321 Y115.361 E100.57614
G0 F9000 X118.785 Y115.391
G1 F1800 X115.832 Y112.438 E100.65948
G0 F9000 X115.665 Y112.837
M104 S200
G1 F1800 X118.305 Y115.477 E100.73399
G0 F9000 X117.873 Y115.611
G1 F1800 X115.491 Y113.228 E100.80123
G0 F9000 X115.246 Y113.549
G1 F1800 X117.47 Y115.772 E100.86398
G0 F9000 X117.117 Y115.985
G1 F1800 X115 Y113.868 E100.92373
G0 F9000 X114.754 Y114.189
G1 F1800 X116.791 Y116.226 E100.98122
G0 F9000 X116.49 Y116.49
G1 F1800 X114.49 Y114.49 E101.03766
G0 F9000 X114.189 Y114.755
G1 F1800 X116.226 Y116.791 E101.09513
G0 F9000 X115.986 Y117.117
G1 F1800 X113.869 Y115 E101.15488
G0 F9000 X113.549 Y115.246
G1 F1800 X115.777 Y117.474 E101.21776
G0 F9000 X115.612 Y117.875
G1 F1800 X113.229 Y115.492 E101.28501
G0 F9000 X112.837 Y115.666
G1 F1800 X115.476 Y118.305 E101.35949
G0 F9000 X115.391 Y118.785
G1 F1800 X112.438 Y115.832 E101.44283
G0 F9000 X112.039 Y115.999
G1 F1800 X115.362 Y119.321 E101.5366
G0 F9000 X115.434 Y119.959
G1 F1800 X111.622 Y116.147 E101.64418
G0 F9000 X111.136 Y116.227
G1 F1800 X115.706 Y120.797 E101.77316
G1 F2400 E100.97316
G1 F300 Z0.32
;MESH:NONMESH
G0 F9000 X100.87 Y104.083
;TIME_ELAPSED:210.324503
;LAYER:1
M140 S60
M106 S85
;MESH:vertMount_Cover_RPi_r01.stl
G0 F12000 Z0.44
;TYPE:WALL-INNER
G1 F300 Z0.24
G1 F2400 E101.77316
G1 F3600 X100.611 Y104.073 E101.77833
G1 X99.949 Y103.986 E101.79165
G1 X99.338 Y103.741 E101.80479
G1 X99.061 Y103.604 E101.81096
G1 X98.605 Y103.254 E101.82243
G1 X98.387 Y103.061 E101.82824
G1 X98.055 Y102.627 E101.83914
G1 X97.822 Y102.226 E101.8484
G1 X97.671 Y101.862 E101.85626
G1 X97.561 Y101.49 E101.86401
G1 X97.496 Y101.02 E101.87347
G1 X97.496 Y100.538 E101.88309
G1 X97.548 Y100.154 E101.89083
G1 X97.671 Y99.702 E101.90017
G1 X97.888 Y99.199 E101.91111
G1 X98.048 Y98.946 E101.91708
G1 X98.291 Y98.624 E101.92513
G1 X98.5 Y98.387 E101.93144
G1 X98.934 Y98.053 E101.94236
G1 X99.347 Y97.815 E101.95188
G1 X99.707 Y97.667 E101.95964
G1 X100.152 Y97.547 E101.96884
G1 X100.54 Y97.495 E101.97665
G1 X101.02 Y97.496 E101.98623
G1 X101.489 Y97.56 E101.99568
G1 X101.853 Y97.667 E102.00325
G1 X102.213 Y97.815 E102.01102
G1 X102.626 Y98.053 E102.02053
G1 X103.06 Y98.387 E102.03146
G1 X103.267 Y98.622 E102.03771
G1 X103.61 Y99.068 E102.04894
G1 X103.741 Y99.338 E102.05493
G1 X103.986 Y99.949 E102.06806
G1 X104.073 Y100.611 E102.08139
G1 X104.083 Y100.87 E102.08656
G1 X104.019 Y101.39 E102.09702
G1 X103.938 Y101.744 E102.10426
G1 X103.692 Y102.335 E102.11704
G1 X103.521 Y102.606 E102.12343
G1 X103.223 Y103.002 E102.13332
G1 X103.002 Y103.223 E102.13956
G1 X102.606 Y103.521 E102.14945
G1 X102.375 Y103.667 E102.1549
G1 X101.783 Y103.929 E102.16782
G1 X101.39 Y104.019 E102.17587
G1 X100.87 Y104.083 E102.18632
G0 F12000 X100.777 Y103.691
G1 F3600 X100.103 Y103.607 E102.19988
G1 X99.856 Y103.524 E102.20508
G1 X99.323 Y103.302 E102.2166
G1 X98.72 Y102.838 E102.23178
G1 X98.372 Y102.384 E102.2432
G1 X98.191 Y102.072 E102.2504
G1 X98.04 Y101.708 E102.25826
G1 X97.954 Y101.418 E102.2643
G1 X97.892 Y100.966 E102.2734
G1 X97.892 Y100.591 E102.28089
G1 X97.944 Y100.207 E102.28862
G1 X98.04 Y99.856 E102.29588
G1 X98.273 Y99.311 E102.30771
G1 X98.715 Y98.727 E102.32233
G1 X99.178 Y98.37 E102.33399
G1 X99.499 Y98.185 E102.34139
G1 X99.859 Y98.037 E102.34916
G1 X100.205 Y97.944 E102.3563
G1 X100.593 Y97.892 E102.36412
G1 X100.966 Y97.892 E102.37156
G1 X101.418 Y97.954 E102.38067
G1 X101.701 Y98.037 E102.38655
G1 X102.061 Y98.185 E102.39432
G1 X102.382 Y98.37 E102.40171
G1 X102.839 Y98.722 E102.41322
G1 X103.306 Y99.329 E102.42851
G1 X103.596 Y100.046 E102.44394
G1 X103.674 Y100.649 E102.45608
G1 X103.67 Y100.952 E102.46212
G1 X103.622 Y101.34 E102.46992
G1 X103.559 Y101.616 E102.47557
G1 X103.287 Y102.25 E102.48934
G1 X102.844 Y102.843 E102.50411
G1 X102.254 Y103.286 E102.51884
G1 X101.616 Y103.559 E102.53269
G1 X101.34 Y103.622 E102.53833
G1 X100.777 Y103.691 E102.54965
G0 F12000 X100.749 Y103.284
G1 F3600 X100.146 Y103.207 E102.56179
G1 X99.528 Y102.955 E102.5751
G1 X99.005 Y102.552 E102.58828
G1 X98.69 Y102.141 E102.59861
G1 X98.561 Y101.918 E102.60376
G1 X98.361 Y101.438 E102.61413
G1 X98.288 Y100.913 E102.62471
G1 X98.289 Y100.645 E102.63006
G1 X98.341 Y100.261 E102.63779
G1 X98.409 Y100.01 E102.64298
G1 X98.62 Y99.516 E102.6537
G1 X98.984 Y99.034 E102.66575
G1 X99.422 Y98.687 E102.67691
G1 X99.651 Y98.555 E102.68218
G1 X100.011 Y98.407 E102.68995
G1 X100.259 Y98.34 E102.69507
G1 X100.646 Y98.288 E102.70287
G1 X100.913 Y98.288 E102.7082
G1 X101.431 Y98.358 E102.71863
G1 X101.909 Y98.555 E102.72894
G1 X102.138 Y98.687 E102.73422
G1 X102.554 Y99.007 E102.74469
G1 X102.956 Y99.53 E102.75786
G1 X103.207 Y100.146 E102.77113
G1 X103.288 Y100.781 E102.78391
G1 X103.209 Y101.421 E102.79677
G1 X102.939 Y102.049 E102.81042
G1 X102.558 Y102.558 E102.8231
G1 X102.049 Y102.939 E102.83579
G1 X101.415 Y103.212 E102.84957
G1 X100.749 Y103.284 E102.86294
G0 F12000 X100.781 Y102.885
G1 F3600 X100.249 Y102.819 E102.87363
G1 X99.733 Y102.601 E102.88481
G1 X99.294 Y102.264 E102.89586
G1 X98.961 Y101.838 E102.90665
G1 X98.748 Y101.328 E102.91768
G1 X98.674 Y100.779 E102.92873
G1 X98.748 Y100.235 E102.93969
G1 X98.967 Y99.72 E102.95086
G1 X99.295 Y99.295 E102.96157
G1 X99.727 Y98.956 E102.97253
G1 X100.235 Y98.747 E102.98349
G1 X100.781 Y98.674 E102.99448
G1 X101.326 Y98.748 E103.00546
G1 X101.833 Y98.956 E103.01639
G1 X102.264 Y99.295 E103.02734
G1 X102.601 Y99.733 E103.03837
G1 X102.819 Y100.249 E103.04954
G1 X102.885 Y100.781 E103.06024
G1 X102.818 Y101.319 E103.07106
G1 X102.595 Y101.842 E103.08241
G1 X102.269 Y102.269 E103.09313
G1 X101.842 Y102.595 E103.10385
G1 X101.319 Y102.818 E103.1152
G1 X100.781 Y102.885 E103.12602
G1 F2400 E102.32602
G1 F300 Z0.44
G0 F12000 X110 Y115.788
G1 F300 Z0.24
G1 F2400 E103.12602
G1 F3600 X109.772 Y115.782 E103.13057
G1 X108.608 Y115.634 E103.15398
G1 X108.355 Y115.558 E103.15925
G1 X107.071 Y115.021 E103.18703
G1 X106.014 Y114.207 E103.21365
G1 X105.793 Y113.986 E103.21989
G1 X104.978 Y112.925 E103.24659
G1 X104.443 Y111.656 E103.27407
G1 X104.362 Y111.387 E103.27968
G1 X104.204 Y110.128 E103.305
G1 X104.214 Y109.772 E103.31211
G1 X104.362 Y108.611 E103.33546
G1 X104.437 Y108.357 E103.34075
G1 X104.969 Y107.095 E103.36808
G1 X105.793 Y106.014 E103.3952
G1 X106.014 Y105.793 E103.40144
G1 X107.095 Y104.969 E103.42857
G1 X108.357 Y104.437 E103.4559
G1 X108.613 Y104.361 E103.46123
G1 X109.873 Y104.204 E103.48657
G1 X110.229 Y104.214 E103.49367
G1 X111.389 Y104.362 E103.51701
G1 X111.656 Y104.443 E103.52258
G1 X112.808 Y104.929 E103.54753
G1 X113.09 Y105.105 E103.55416
G1 X113.986 Y105.793 E103.57671
G1 X114.207 Y106.014 E103.58294
G1 X115.021 Y107.071 E103.60957
G1 X115.558 Y108.355 E103.63734
G1 X115.634 Y108.61 E103.64265
G1 X115.792 Y109.873 E103.66805
G1 X115.782 Y110.229 E103.67516
G1 X115.633 Y111.392 E103.69856
G1 X115.552 Y111.658 E103.70411
G1 X115.026 Y112.919 E103.73137
G1 X114.207 Y113.986 E103.75822
G1 X113.986 Y114.207 E103.76445
G1 X112.919 Y115.026 E103.7913
G1 X111.658 Y115.552 E103.81856
G1 X111.39 Y115.634 E103.82415
G1 X110.128 Y115.792 E103.84954
G1 X110 Y115.788 E103.85209
G0 F12000 X109.998 Y115.406
G1 F3600 X108.581 Y115.22 E103.88061
G1 X107.298 Y114.684 E103.90836
G1 X106.271 Y113.901 E103.93413
G1 X106.099 Y113.729 E103.93899
G1 X105.313 Y112.693 E103.96494
G1 X104.766 Y111.394 E103.99307
G1 X104.59 Y109.998 E104.02114
G1 X104.776 Y108.579 E104.0497
G1 X105.32 Y107.292 E104.07759
G1 X106.099 Y106.271 E104.10322
G1 X106.271 Y106.099 E104.10807
G1 X107.309 Y105.306 E104.13414
G1 X108.58 Y104.776 E104.16162
G1 X109.998 Y104.59 E104.19016
G1 X111.394 Y104.766 E104.21824
G1 X112.628 Y105.286 E104.24496
G1 X112.847 Y105.423 E104.25012
G1 X113.729 Y106.099 E104.27229
G1 X113.901 Y106.271 E104.27715
G1 X114.684 Y107.298 E104.30292
G1 X115.22 Y108.581 E104.33067
G1 X115.406 Y109.998 E104.35919
G1 X115.23 Y111.391 E104.38721
G1 X114.687 Y112.692 E104.41534
G1 X113.901 Y113.729 E104.44131
G1 X113.729 Y113.901 E104.44616
G1 X112.677 Y114.698 E104.4725
G1 X111.389 Y115.231 E104.50032
G1 X109.998 Y115.406 E104.5283
G0 F12000 X110 Y115.004
G1 F3600 X109.99 Y115.005 E104.5285
G1 X108.689 Y114.832 E104.55469
G1 X107.497 Y114.336 E104.58045
G1 X106.455 Y113.538 E104.60664
G1 X105.663 Y112.495 E104.63278
G1 X105.165 Y111.312 E104.65839
G1 X104.991 Y109.991 E104.68498
G1 X105.163 Y108.69 E104.71117
G1 X105.667 Y107.494 E104.73707
G1 X106.459 Y106.459 E104.76308
G1 X107.506 Y105.658 E104.78939
G1 X108.691 Y105.163 E104.81502
G1 X110 Y104.993 E104.84136
G1 X111.312 Y105.165 E104.86776
G1 X112.496 Y105.663 E104.8934
G1 X113.541 Y106.458 E104.9196
G1 X114.336 Y107.497 E104.94571
G1 X114.833 Y108.69 E104.9715
G1 X115.004 Y110.006 E104.99798
G1 X114.832 Y111.309 E105.02421
G1 X114.339 Y112.493 E105.0498
G1 X113.539 Y113.545 E105.07618
G1 X112.493 Y114.339 E105.10239
G1 X111.308 Y114.832 E105.128
G1 X110 Y115.004 E105.15433
G0 F12000 X110 Y114.598
G1 F3600 X108.8 Y114.445 E105.17847
G1 X107.699 Y113.988 E105.20226
G1 X106.744 Y113.256 E105.22627
G1 X106.009 Y112.292 E105.25046
G1 X105.55 Y111.195 E105.27419
G1 X105.396 Y110.017 E105.2979
G1 X105.551 Y108.8 E105.32238
G1 X106.013 Y107.697 E105.34625
G1 X106.747 Y106.747 E105.3702
G1 X107.697 Y106.013 E105.39416
G1 X108.812 Y105.546 E105.41829
G1 X110.001 Y105.394 E105.44221
G1 X111.196 Y105.55 E105.46626
G1 X112.306 Y106.016 E105.49028
G1 X113.252 Y106.747 E105.51414
G1 X113.988 Y107.699 E105.53815
G1 X114.45 Y108.812 E105.5622
G1 X114.602 Y110.001 E105.58612
G1 X114.446 Y111.196 E105.61017
G1 X113.985 Y112.305 E105.63414
G1 X113.253 Y113.253 E105.65804
G1 X112.289 Y113.993 E105.68229
G1 X111.196 Y114.446 E105.7059
G1 X110.017 Y114.6 E105.72963
G1 X110 Y114.598 E105.72997
G1 F2400 E104.92997
G1 F300 Z0.44
G0 F12000 X118.992 Y122.502
G1 F300 Z0.24
G1 F2400 E105.72997
G1 F3600 X118.508 Y122.44 E105.73971
G1 X118.138 Y122.329 E105.74742
G1 X117.774 Y122.178 E105.75529
G1 X117.37 Y121.943 E105.76461
G1 X116.939 Y121.611 E105.77547
G1 X116.742 Y121.391 E105.78136
G1 X116.393 Y120.935 E105.79282
G1 X116.258 Y120.662 E105.7989
G1 X116.106 Y120.298 E105.80677
G1 X116.001 Y119.984 E105.81338
G1 X115.923 Y119.384 E105.82545
G1 X115.913 Y119.115 E105.83083
G1 X115.984 Y118.59 E105.8414
G1 X116.059 Y118.264 E105.84807
G1 X116.302 Y117.664 E105.86099
G1 X116.491 Y117.369 E105.86798
G1 X116.777 Y116.998 E105.87733
G1 X116.998 Y116.777 E105.88357
G1 X117.369 Y116.491 E105.89292
G1 X117.664 Y116.302 E105.89991
G1 X118.264 Y116.059 E105.91283
G1 X118.59 Y115.984 E105.9195
G1 X119.115 Y115.913 E105.93007
G1 X119.384 Y115.923 E105.93545
G1 X119.844 Y115.983 E105.9447
G1 X120.135 Y116.047 E105.95065
G1 X120.662 Y116.258 E105.96198
G1 X120.935 Y116.393 E105.96806
G1 X121.39 Y116.741 E105.97949
G1 X121.608 Y116.934 E105.9853
G1 X121.943 Y117.37 E105.99627
G1 X122.178 Y117.774 E106.0056
G1 X122.33 Y118.138 E106.01347
G1 X122.439 Y118.509 E106.02119
G1 X122.502 Y118.992 E106.03091
G1 X122.502 Y119.438 E106.03981
G1 X122.455 Y119.826 E106.04761
G1 X122.329 Y120.298 E106.05736
G1 X122.178 Y120.662 E106.06522
G1 X121.945 Y121.064 E106.07449
G1 X121.599 Y121.507 E106.08571
G1 X121.383 Y121.696 E106.09144
G1 X121.065 Y121.944 E106.09949
G1 X120.803 Y122.114 E106.10572
G1 X120.298 Y122.329 E106.11667
G1 X119.826 Y122.455 E106.12642
G1 X119.438 Y122.502 E106.13422
G1 X118.992 Y122.502 E106.14312
G0 F12000 X119.042 Y122.105
G1 F3600 X118.58 Y122.046 E106.15241
G1 X118.292 Y121.96 E106.15841
G1 X117.928 Y121.808 E106.16628
G1 X117.614 Y121.626 E106.17353
G1 X117.154 Y121.272 E106.18511
G1 X116.693 Y120.67 E106.20024
G1 X116.404 Y119.951 E106.21571
G1 X116.303 Y119.208 E106.23067
G1 X116.38 Y118.644 E106.24203
G1 X116.439 Y118.39 E106.24723
G1 X116.711 Y117.738 E106.26133
G1 X117.158 Y117.158 E106.27594
G1 X117.738 Y116.711 E106.29056
G1 X118.39 Y116.439 E106.30466
G1 X118.644 Y116.38 E106.30986
G1 X119.208 Y116.303 E106.32122
G1 X119.952 Y116.404 E106.3362
G1 X120.673 Y116.695 E106.35172
G1 X121.274 Y117.157 E106.36685
G1 X121.626 Y117.614 E106.37836
G1 X121.808 Y117.928 E106.3856
G1 X121.961 Y118.292 E106.39348
G1 X122.046 Y118.581 E106.39949
G1 X122.106 Y119.042 E106.40877
G1 X122.106 Y119.388 E106.41567
G1 X122.058 Y119.777 E106.4235
G1 X121.96 Y120.144 E106.43108
G1 X121.809 Y120.508 E106.43894
G1 X121.628 Y120.821 E106.44616
G1 X121.271 Y121.277 E106.45771
G1 X120.691 Y121.728 E106.47238
G1 X120.144 Y121.96 E106.48423
G1 X119.777 Y122.058 E106.49181
G1 X119.388 Y122.106 E106.49964
G1 X119.042 Y122.105 E106.50654
G0 F12000 X119.219 Y121.724
G1 F3600 X118.57 Y121.643 E106.51959
G1 X118.082 Y121.439 E106.53015
G1 X117.858 Y121.309 E106.53532
G1 X117.441 Y120.989 E106.54581
G1 X117.044 Y120.47 E106.55885
G1 X116.794 Y119.855 E106.57209
G1 X116.711 Y119.245 E106.58438
G1 X116.791 Y118.585 E106.59765
G1 X117.055 Y117.947 E106.61143
G1 X117.443 Y117.443 E106.62412
G1 X117.947 Y117.055 E106.63681
G1 X118.584 Y116.791 E106.65057
G1 X119.251 Y116.71 E106.66398
G1 X119.855 Y116.794 E106.67615
G1 X120.476 Y117.046 E106.68952
G1 X120.984 Y117.448 E106.70245
G1 X121.309 Y117.858 E106.71289
G1 X121.439 Y118.082 E106.71806
G1 X121.641 Y118.565 E106.72851
G1 X121.725 Y119.212 E106.74153
G1 X121.661 Y119.727 E106.75189
G1 X121.591 Y119.99 E106.75732
G1 X121.439 Y120.354 E106.76519
G1 X121.306 Y120.583 E106.77047
G1 X120.984 Y120.984 E106.78074
G1 X120.491 Y121.379 E106.79334
G1 X119.99 Y121.591 E106.8042
G1 X119.727 Y121.661 E106.80963
G1 X119.219 Y121.724 E106.81985
G0 F12000 X119.215 Y121.321
G1 F3600 X118.673 Y121.253 E106.83075
G1 X118.162 Y121.039 E106.8418
G1 X117.732 Y120.701 E106.85272
G1 X117.395 Y120.272 E106.8636
G1 X117.186 Y119.753 E106.87477
G1 X117.11 Y119.216 E106.88559
G1 X117.183 Y118.679 E106.89641
G1 X117.401 Y118.153 E106.90777
G1 X117.731 Y117.731 E106.91846
G1 X118.153 Y117.401 E106.92915
G1 X118.679 Y117.183 E106.94051
G1 X119.214 Y117.11 E106.95129
G1 X119.753 Y117.182 E106.96214
G1 X120.266 Y117.399 E106.97326
G1 X120.701 Y117.731 E106.98418
G1 X121.039 Y118.162 E106.99511
G1 X121.253 Y118.673 E107.00616
G1 X121.321 Y119.215 E107.01706
G1 X121.254 Y119.76 E107.02802
G1 X121.037 Y120.278 E107.03923
G1 X120.701 Y120.701 E107.05001
G1 X120.279 Y121.035 E107.06075
G1 X119.761 Y121.254 E107.07197
G1 X119.215 Y121.321 E107.08295
G1 F2400 E106.28295
G1 F300 Z0.44
G0 F12000 X110 Y128.18
G1 F300 Z0.24
G1 F2400 E107.08295
G1 F3600 X114.71 Y127.562 E107.17775
G1 X119.087 Y125.747 E107.27231
G1 X122.856 Y122.856 E107.3671
G1 X125.747 Y119.088 E107.46188
G1 X127.558 Y114.71 E107.55643
G1 X128.18 Y110 E107.65124
G1 X127.558 Y105.286 E107.74613
G1 X125.747 Y100.908 E107.84067
G1 X122.856 Y97.14 E107.93545
G1 X119.088 Y94.249 E108.03023
G1 X114.71 Y92.438 E108.12477
G1 X110 Y91.816 E108.21958
G1 X105.286 Y92.438 E108.31447
G1 X100.908 Y94.249 E108.40902
G1 X97.14 Y97.14 E108.5038
G1 X94.248 Y100.909 E108.5986
G1 X92.434 Y105.286 E108.69315
G1 X91.816 Y110 E108.78803
G1 X92.434 Y114.71 E108.88283
G1 X94.248 Y119.087 E108.97738
G1 X97.14 Y122.856 E109.07219
G1 X100.908 Y125.747 E109.16697
G1 X105.286 Y127.562 E109.26154
G1 X110 Y128.18 E109.35642
G0 F12000 X110 Y128.584
G1 F3600 X114.814 Y127.952 E109.45331
G1 X119.289 Y126.097 E109.54999
G1 X123.141 Y123.141 E109.64688
G1 X126.096 Y119.29 E109.74375
G1 X127.948 Y114.814 E109.84042
G1 X128.583 Y110 E109.93732
G1 X127.948 Y105.182 E110.0343
G1 X126.096 Y100.706 E110.13097
G1 X123.141 Y96.855 E110.22784
G1 X119.29 Y93.899 E110.32472
G1 X114.814 Y92.048 E110.42138
G1 X110 Y91.413 E110.51828
G1 X105.182 Y92.048 E110.61526
G1 X100.706 Y93.899 E110.71192
G1 X96.855 Y96.855 E110.8088
G1 X93.899 Y100.707 E110.90569
G1 X92.044 Y105.182 E111.00237
G1 X91.412 Y110 E111.09934
G1 X92.044 Y114.814 E111.19623
G1 X93.899 Y119.289 E111.2929
G1 X96.855 Y123.141 E111.3898
G1 X100.707 Y126.097 E111.4867
G1 X105.182 Y127.951 E111.58336
G1 X110 Y128.584 E111.68034
G0 F12000 X110 Y128.987
G1 F3600 X114.918 Y128.341 E111.77932
G1 X119.491 Y126.446 E111.87811
G1 X123.426 Y123.426 E111.9771
G1 X126.446 Y119.491 E112.07608
G1 X128.337 Y114.919 E112.17482
G1 X128.987 Y110 E112.27384
G1 X128.337 Y105.077 E112.37293
G1 X126.446 Y100.505 E112.47167
G1 X123.426 Y96.57 E112.57066
G1 X119.491 Y93.55 E112.66965
G1 X114.919 Y91.659 E112.76838
G1 X110 Y91.009 E112.8674
G1 X105.077 Y91.659 E112.96649
G1 X100.505 Y93.55 E113.06523
G1 X96.569 Y96.569 E113.16422
G1 X93.55 Y100.505 E113.26321
G1 X91.655 Y105.077 E113.36198
G1 X91.009 Y110 E113.46107
G1 X91.655 Y114.918 E113.56005
G1 X93.55 Y119.491 E113.65884
G1 X96.569 Y123.427 E113.75783
G1 X100.505 Y126.446 E113.85682
G1 X105.077 Y128.341 E113.95559
G1 X110 Y128.987 E114.05467
G0 F12000 X110 Y129.39
G1 F3600 X115.023 Y128.731 E114.15577
G1 X119.693 Y126.795 E114.25666
G1 X123.712 Y123.712 E114.35774
G1 X126.795 Y119.693 E114.45882
G1 X128.727 Y115.023 E114.55968
G1 X129.39 Y110 E114.66079
G1 X128.727 Y104.973 E114.76198
G1 X126.795 Y100.303 E114.86283
G1 X123.712 Y96.284 E114.96391
G1 X119.693 Y93.201 E115.065
G1 X115.023 Y91.269 E115.16585
G1 X110 Y90.606 E115.26696
G1 X104.973 Y91.269 E115.36815
G1 X100.303 Y93.201 E115.46901
G1 X96.284 Y96.284 E115.57009
G1 X93.2 Y100.303 E115.67118
G1 X91.265 Y104.973 E115.77206
G1 X90.606 Y110 E115.87324
G1 X91.265 Y115.023 E115.97434
G1 X93.2 Y119.693 E116.07522
G1 X96.284 Y123.712 E116.17631
G1 X100.303 Y126.795 E116.2774
G1 X104.973 Y128.731 E116.37828
G1 X110 Y129.39 E116.47946
G1 F2400 E115.67946
G1 F300 Z0.44
G0 F12000 X101.002 Y122.502
G1 F300 Z0.24
G1 F2400 E116.47946
G1 F3600 X100.557 Y122.502 E116.48834
G1 X100.172 Y122.455 E116.49608
G1 X99.708 Y122.332 E116.50566
G1 X99.195 Y122.113 E116.51679
G1 X98.932 Y121.945 E116.52302
G1 X98.496 Y121.605 E116.53405
G1 X98.291 Y121.372 E116.54025
G1 X98.055 Y121.064 E116.54799
G1 X97.823 Y120.662 E116.55725
G1 X97.671 Y120.298 E116.56512
G1 X97.547 Y119.844 E116.57452
G1 X97.495 Y119.456 E116.58233
G1 X97.496 Y118.974 E116.59195
G1 X97.561 Y118.508 E116.60134
G1 X97.671 Y118.138 E116.60904
G1 X97.822 Y117.774 E116.6169
G1 X98.048 Y117.382 E116.62593
G1 X98.382 Y116.941 E116.63697
G1 X98.605 Y116.742 E116.64294
G1 X99.071 Y116.389 E116.6546
G1 X99.338 Y116.258 E116.66054
G1 X99.946 Y116.015 E116.67361
G1 X100.612 Y115.923 E116.68702
G1 X100.884 Y115.913 E116.69245
G1 X101.408 Y115.983 E116.703
G1 X101.742 Y116.061 E116.70985
G1 X102.332 Y116.302 E116.72257
G1 X102.619 Y116.484 E116.72935
G1 X103.002 Y116.777 E116.73897
G1 X103.223 Y116.998 E116.74521
G1 X103.515 Y117.38 E116.7548
G1 X103.694 Y117.662 E116.76147
G1 X103.94 Y118.263 E116.77443
G1 X104.019 Y118.608 E116.78149
G1 X104.083 Y119.122 E116.79183
G1 X104.073 Y119.385 E116.79708
G1 X103.999 Y119.951 E116.80847
G1 X103.936 Y120.197 E116.81354
G1 X103.68 Y120.81 E116.8268
G1 X103.501 Y121.075 E116.83318
G1 X103.168 Y121.501 E116.84397
G1 X102.947 Y121.696 E116.84985
G1 X102.639 Y121.936 E116.85764
G1 X102.226 Y122.178 E116.8672
G1 X101.862 Y122.329 E116.87506
G1 X101.489 Y122.44 E116.88283
G1 X101.002 Y122.502 E116.89262
G0 F12000 X100.953 Y122.106
G1 F3600 X100.606 Y122.106 E116.89955
G1 X100.222 Y122.058 E116.90727
G1 X99.861 Y121.962 E116.91473
G1 X99.299 Y121.724 E116.92691
G1 X98.718 Y121.272 E116.9416
G1 X98.372 Y120.82 E116.95295
G1 X98.192 Y120.508 E116.96014
G1 X98.04 Y120.144 E116.96801
G1 X97.944 Y119.791 E116.97532
G1 X97.892 Y119.403 E116.98313
G1 X97.892 Y119.028 E116.99061
G1 X97.954 Y118.58 E116.99964
G1 X98.04 Y118.292 E117.00563
G1 X98.191 Y117.928 E117.0135
G1 X98.367 Y117.623 E117.02053
G1 X98.719 Y117.158 E117.03216
G1 X99.33 Y116.694 E117.04748
G1 X99.856 Y116.476 E117.05884
G1 X100.097 Y116.395 E117.06391
G1 X100.781 Y116.303 E117.07768
G1 X101.355 Y116.38 E117.08924
G1 X101.615 Y116.44 E117.09457
G1 X102.256 Y116.711 E117.10845
G1 X102.843 Y117.157 E117.12317
G1 X103.284 Y117.738 E117.13772
G1 X103.561 Y118.389 E117.15184
G1 X103.622 Y118.658 E117.15735
G1 X103.691 Y119.211 E117.16847
G1 X103.598 Y119.949 E117.18331
G1 X103.327 Y120.619 E117.19773
G1 X103.185 Y120.829 E117.20279
G1 X102.835 Y121.277 E117.21414
G1 X102.393 Y121.621 E117.22532
G1 X102.072 Y121.808 E117.23273
G1 X101.708 Y121.96 E117.2406
G1 X101.418 Y122.046 E117.24664
G1 X100.953 Y122.106 E117.25599
G0 F12000 X100.78 Y121.725
G1 F3600 X100.272 Y121.661 E117.26621
G1 X100.014 Y121.593 E117.27154
G1 X99.502 Y121.376 E117.28263
G1 X98.986 Y120.963 E117.29582
G1 X98.69 Y120.577 E117.30553
G1 X98.561 Y120.354 E117.31067
G1 X98.409 Y119.99 E117.31854
G1 X98.34 Y119.737 E117.32378
G1 X98.288 Y119.35 E117.33157
G1 X98.288 Y119.081 E117.33694
G1 X98.361 Y118.562 E117.3474
G1 X98.561 Y118.082 E117.35777
G1 X98.686 Y117.864 E117.36279
G1 X99.006 Y117.441 E117.37337
G1 X99.533 Y117.043 E117.38655
G1 X100.144 Y116.794 E117.39972
G1 X100.784 Y116.707 E117.41261
G1 X101.42 Y116.792 E117.42541
G1 X102.051 Y117.057 E117.43907
G1 X102.558 Y117.443 E117.45179
G1 X102.94 Y117.946 E117.46439
G1 X103.212 Y118.59 E117.47834
G1 X103.284 Y119.246 E117.49151
G1 X103.207 Y119.852 E117.5037
G1 X102.954 Y120.475 E117.51712
G1 X102.576 Y120.96 E117.52939
G1 X102.147 Y121.305 E117.54038
G1 X101.918 Y121.439 E117.54567
G1 X101.431 Y121.642 E117.5562
G1 X100.78 Y121.725 E117.5693
G0 F12000 X100.78 Y121.321
G1 F3600 X100.24 Y121.254 E117.58016
G1 X99.715 Y121.034 E117.59152
G1 X99.295 Y120.701 E117.60221
G1 X98.962 Y120.277 E117.61297
G1 X98.748 Y119.763 E117.62408
G1 X98.674 Y119.215 E117.63512
G1 X98.748 Y118.671 E117.64608
G1 X98.96 Y118.164 E117.65704
G1 X99.293 Y117.733 E117.66791
G1 X99.735 Y117.398 E117.67898
G1 X100.246 Y117.182 E117.69005
G1 X100.781 Y117.11 E117.70082
G1 X101.322 Y117.183 E117.71172
G1 X101.845 Y117.403 E117.72304
G1 X102.272 Y117.728 E117.73375
G1 X102.594 Y118.152 E117.74437
G1 X102.818 Y118.681 E117.75584
G1 X102.885 Y119.214 E117.76656
G1 X102.819 Y119.75 E117.77734
G1 X102.601 Y120.268 E117.78855
G1 X102.266 Y120.7 E117.79946
G1 X101.84 Y121.038 E117.81031
G1 X101.327 Y121.252 E117.82141
G1 X100.78 Y121.321 E117.83241
G1 F2400 E117.03241
G1 F300 Z0.44
G0 F12000 X119.122 Y104.083
G1 F300 Z0.24
G1 F2400 E117.83241
G1 F3600 X118.608 Y104.019 E117.84274
G1 X118.263 Y103.94 E117.84981
G1 X117.662 Y103.693 E117.86277
G1 X117.38 Y103.514 E117.86944
G1 X116.998 Y103.223 E117.87902
G1 X116.777 Y103.002 E117.88526
G1 X116.484 Y102.618 E117.8949
G1 X116.327 Y102.371 E117.90074
G1 X116.072 Y101.783 E117.91353
G1 X115.983 Y101.408 E117.92122
G1 X115.913 Y100.884 E117.93177
G1 X115.923 Y100.612 E117.9372
G1 X116.015 Y99.945 E117.95064
G1 X116.259 Y99.338 E117.9637
G1 X116.388 Y99.073 E117.96958
G1 X116.741 Y98.606 E117.98126
G1 X116.939 Y98.385 E117.98718
G1 X117.37 Y98.053 E117.99804
G1 X117.783 Y97.815 E118.00755
G1 X118.143 Y97.667 E118.01532
G1 X118.507 Y97.56 E118.02289
G1 X118.976 Y97.495 E118.03234
G1 X119.456 Y97.495 E118.04192
G1 X119.844 Y97.547 E118.04973
G1 X120.289 Y97.667 E118.05893
G1 X120.649 Y97.814 E118.06669
G1 X121.062 Y98.053 E118.07621
G1 X121.502 Y98.391 E118.08728
G1 X121.704 Y98.621 E118.09339
G1 X121.944 Y98.933 E118.10125
G1 X122.113 Y99.197 E118.1075
G1 X122.329 Y99.702 E118.11846
G1 X122.455 Y100.172 E118.12817
G1 X122.502 Y100.557 E118.13591
G1 X122.502 Y101.002 E118.14479
G1 X122.44 Y101.489 E118.15459
G1 X122.33 Y101.862 E118.16235
G1 X122.178 Y102.226 E118.17022
G1 X121.936 Y102.639 E118.17978
G1 X121.602 Y103.068 E118.19063
G1 X121.383 Y103.26 E118.19644
G1 X120.943 Y103.603 E118.20757
G1 X120.662 Y103.742 E118.21383
G1 X120.054 Y103.985 E118.22689
G1 X119.385 Y104.073 E118.24036
G1 X119.122 Y104.083 E118.24561
G0 F12000 X119.347 Y103.674
G1 F3600 X119.042 Y103.67 E118.2517
G1 X118.658 Y103.622 E118.25942
G1 X118.389 Y103.561 E118.26493
G1 X117.738 Y103.284 E118.27904
G1 X117.157 Y102.843 E118.2936
G1 X116.711 Y102.256 E118.30831
G1 X116.441 Y101.615 E118.32219
G1 X116.38 Y101.355 E118.32752
G1 X116.304 Y100.789 E118.33892
G1 X116.394 Y100.098 E118.35282
G1 X116.476 Y99.856 E118.35792
G1 X116.696 Y99.329 E118.36932
G1 X117.153 Y98.725 E118.38444
G1 X117.614 Y98.37 E118.39605
G1 X117.935 Y98.185 E118.40344
G1 X118.295 Y98.037 E118.41121
G1 X118.578 Y97.954 E118.41709
G1 X119.03 Y97.892 E118.4262
G1 X119.403 Y97.892 E118.43364
G1 X119.791 Y97.943 E118.44145
G1 X120.137 Y98.037 E118.44861
G1 X120.497 Y98.184 E118.45637
G1 X120.818 Y98.37 E118.46377
G1 X121.275 Y98.721 E118.47527
G1 X121.725 Y99.305 E118.48998
G1 X121.96 Y99.856 E118.50194
G1 X122.058 Y100.222 E118.5095
G1 X122.106 Y100.606 E118.51722
G1 X122.106 Y100.953 E118.52414
G1 X122.047 Y101.418 E118.5335
G1 X121.961 Y101.708 E118.53954
G1 X121.808 Y102.072 E118.54741
G1 X121.621 Y102.393 E118.55483
G1 X121.276 Y102.837 E118.56605
G1 X120.676 Y103.304 E118.58122
G1 X119.953 Y103.596 E118.59678
G1 X119.347 Y103.674 E118.60898
G0 F12000 X119.214 Y103.288
G1 F3600 X118.583 Y103.21 E118.62166
G1 X117.95 Y102.941 E118.63539
G1 X117.438 Y102.554 E118.6482
G1 X117.057 Y102.05 E118.66081
G1 X116.792 Y101.421 E118.67443
G1 X116.707 Y100.784 E118.68725
G1 X116.794 Y100.144 E118.70014
G1 X117.043 Y99.532 E118.71333
G1 X117.441 Y99.007 E118.72647
G1 X117.858 Y98.687 E118.73696
G1 X118.087 Y98.555 E118.74224
G1 X118.565 Y98.358 E118.75256
G1 X119.083 Y98.288 E118.76299
G1 X119.35 Y98.288 E118.76831
G1 X119.737 Y98.34 E118.77611
G1 X119.985 Y98.407 E118.78123
G1 X120.345 Y98.554 E118.78899
G1 X120.574 Y98.687 E118.79428
G1 X121.011 Y99.033 E118.8054
G1 X121.382 Y99.516 E118.81756
G1 X121.591 Y100.01 E118.82826
G1 X121.661 Y100.272 E118.83367
G1 X121.725 Y100.78 E118.84389
G1 X121.642 Y101.431 E118.85699
G1 X121.439 Y101.918 E118.86752
G1 X121.305 Y102.147 E118.87281
G1 X120.982 Y102.549 E118.8831
G1 X120.48 Y102.951 E118.89594
G1 X119.852 Y103.207 E118.90947
G1 X119.214 Y103.288 E118.9223
G0 F12000 X119.214 Y102.885
G1 F3600 X118.681 Y102.818 E118.93302
G1 X118.152 Y102.594 E118.94449
G1 X117.724 Y102.269 E118.95521
G1 X117.401 Y101.841 E118.96591
G1 X117.182 Y101.319 E118.97721
G1 X117.116 Y100.787 E118.98791
G1 X117.181 Y100.249 E118.99872
G1 X117.398 Y99.735 E119.00986
G1 X117.722 Y99.296 E119.02074
G1 X118.166 Y98.955 E119.03192
G1 X118.67 Y98.748 E119.04279
G1 X119.216 Y98.674 E119.05379
G1 X119.76 Y98.747 E119.06474
G1 X120.266 Y98.954 E119.07565
G1 X120.701 Y99.295 E119.08668
G1 X121.035 Y99.72 E119.09747
G1 X121.254 Y100.24 E119.10873
G1 X121.321 Y100.78 E119.11959
G1 X121.252 Y101.327 E119.13059
G1 X121.038 Y101.84 E119.14168
G1 X120.7 Y102.266 E119.15253
G1 X120.275 Y102.603 E119.16336
G1 X119.749 Y102.819 E119.1747
G1 X119.214 Y102.885 E119.18546
G0 F12000 X119.235 Y102.48
;TYPE:WALL-OUTER
G1 F3600 X118.778 Y102.428 E119.19464
G1 X118.385 Y102.261 E119.20316
G1 X118.002 Y101.973 E119.21272
G1 X117.735 Y101.61 E119.22172
G1 X117.578 Y101.232 E119.22989
G1 X117.516 Y100.761 E119.23937
G1 X117.576 Y100.336 E119.24793
G1 X117.746 Y99.933 E119.25666
G1 X118.014 Y99.578 E119.26554
G1 X118.368 Y99.304 E119.27447
G1 X118.801 Y99.133 E119.28376
G1 X119.216 Y99.077 E119.29212
G1 X119.631 Y99.133 E119.30047
G1 X120.041 Y99.294 E119.30926
G1 X120.418 Y99.578 E119.31868
G1 X120.694 Y99.939 E119.32775
G1 X120.864 Y100.344 E119.33652
G1 X120.915 Y100.805 E119.34577
G1 X120.865 Y101.204 E119.3538
G1 X120.701 Y101.61 E119.36254
G1 X120.418 Y101.982 E119.37186
G1 X120.068 Y102.254 E119.38071
G1 X119.663 Y102.424 E119.38947
G1 X119.235 Y102.48 E119.39809
G1 F2400 E118.59809
G1 F300 Z0.44
G0 F12000 X110 Y114.194
G1 F300 Z0.24
G1 F2400 E119.39809
G1 F3600 X108.896 Y114.053 E119.4203
G1 X107.908 Y113.643 E119.44165
G1 X107.018 Y112.957 E119.46407
G1 X106.366 Y112.103 E119.48551
G1 X105.944 Y111.102 E119.50719
G1 X105.8 Y110.015 E119.52907
G1 X105.943 Y108.896 E119.55159
G1 X106.367 Y107.891 E119.57335
G1 X107.043 Y107.018 E119.59539
G1 X107.891 Y106.367 E119.61672
G1 X108.896 Y105.943 E119.63849
G1 X109.985 Y105.8 E119.66041
G1 X111.085 Y105.936 E119.68253
G1 X112.103 Y106.366 E119.70458
G1 X112.982 Y107.043 E119.72672
G1 X113.643 Y107.908 E119.74845
G1 X114.053 Y108.896 E119.76979
G1 X114.196 Y109.985 E119.79171
G1 X114.052 Y111.102 E119.81419
G1 X113.634 Y112.103 E119.83583
G1 X112.957 Y112.982 E119.85798
G1 X112.103 Y113.634 E119.87942
G1 X111.102 Y114.052 E119.90107
G1 X110.015 Y114.196 E119.92295
G1 X110 Y114.194 E119.92325
G1 F2400 E119.12325
G1 F300 Z0.44
G0 F12000 X119.191 Y120.915
G1 F300 Z0.24
G1 F2400 E119.92325
G1 F3600 X118.796 Y120.865 E119.93119
G1 X118.39 Y120.701 E119.93993
G1 X118.014 Y120.418 E119.94932
G1 X117.746 Y120.068 E119.95812
G1 X117.576 Y119.663 E119.96689
G1 X117.516 Y119.235 E119.97551
G1 X117.578 Y118.768 E119.98491
G1 X117.742 Y118.37 E119.9935
G1 X118.027 Y118.002 E120.00279
G1 X118.37 Y117.742 E120.01138
G1 X118.768 Y117.578 E120.01997
G1 X119.235 Y117.516 E120.02937
G1 X119.663 Y117.576 E120.038
G1 X120.068 Y117.746 E120.04676
G1 X120.418 Y118.014 E120.05556
G1 X120.701 Y118.39 E120.06495
G1 X120.864 Y118.781 E120.0734
G1 X120.915 Y119.241 E120.08264
G1 X120.864 Y119.657 E120.091
G1 X120.701 Y120.046 E120.09942
G1 X120.418 Y120.418 E120.10875
G1 X120.061 Y120.694 E120.11775
G1 X119.656 Y120.864 E120.12652
G1 X119.191 Y120.915 E120.13586
G1 F2400 E119.33586
G1 F300 Z0.44
G0 F12000 X110 Y129.794
G1 F300 Z0.24
G1 F2400 E120.13586
G1 F3600 X115.127 Y129.121 E120.23905
G1 X119.895 Y127.145 E120.34205
G1 X123.997 Y123.997 E120.44523
G1 X127.145 Y119.895 E120.54842
G1 X129.117 Y115.127 E120.65139
G1 X129.794 Y110 E120.75459
G1 X129.117 Y104.869 E120.85787
G1 X127.145 Y100.101 E120.96084
G1 X123.997 Y95.999 E121.06403
G1 X119.895 Y92.851 E121.16721
G1 X115.127 Y90.879 E121.27018
G1 X110 Y90.202 E121.37339
G1 X104.869 Y90.879 E121.47667
G1 X100.101 Y92.851 E121.57964
G1 X95.999 Y95.999 E121.68282
G1 X92.851 Y100.101 E121.78601
G1 X90.875 Y104.869 E121.88901
G1 X90.202 Y110 E121.99228
G1 X90.875 Y115.127 E122.09547
G1 X92.851 Y119.895 E122.19847
G1 X95.999 Y123.997 E122.30166
G1 X100.101 Y127.145 E122.40484
G1 X104.869 Y129.121 E122.50784
G1 X110 Y129.794 E122.61111
G1 F2400 E121.81111
G1 F300 Z0.44
G0 F12000 X100.755 Y120.915
G1 F300 Z0.24
G1 F2400 E122.61111
G1 F3600 X100.345 Y120.864 E122.61936
G1 X99.935 Y120.694 E122.62822
G1 X99.578 Y120.418 E122.63722
G1 X99.299 Y120.046 E122.6465
G1 X99.133 Y119.631 E122.65542
G1 X99.077 Y119.216 E122.66378
G1 X99.135 Y118.796 E122.67224
G1 X99.299 Y118.39 E122.68098
G1 X99.577 Y118.015 E122.69029
G1 X99.954 Y117.735 E122.69966
G1 X100.336 Y117.576 E122.70792
G1 X100.761 Y117.516 E122.71649
G1 X101.232 Y117.578 E122.72597
G1 X101.626 Y117.743 E122.73449
G1 X101.998 Y118.027 E122.74383
G1 X102.261 Y118.385 E122.7527
G1 X102.422 Y118.768 E122.76099
G1 X102.48 Y119.235 E122.77038
G1 X102.424 Y119.663 E122.77899
G1 X102.254 Y120.068 E122.78776
G1 X101.982 Y120.418 E122.7966
G1 X101.61 Y120.701 E122.80593
G1 X101.219 Y120.864 E122.81439
G1 X100.755 Y120.915 E122.8237
G1 F2400 E122.0237
G1 F300 Z0.44
G0 F12000 X100.761 Y102.48
G1 F300 Z0.24
G1 F2400 E122.8237
G1 F3600 X100.336 Y102.424 E122.83226
G1 X99.932 Y102.254 E122.841
G1 X99.578 Y101.982 E122.84991
G1 X99.299 Y101.61 E122.85919
G1 X99.133 Y101.195 E122.86811
G1 X99.077 Y100.78 E122.87647
G1 X99.137 Y100.343 E122.88527
G1 X99.306 Y99.939 E122.89401
G1 X99.578 Y99.578 E122.90303
G1 X99.932 Y99.304 E122.91196
G1 X100.365 Y99.133 E122.92125
G1 X100.78 Y99.077 E122.92961
G1 X101.204 Y99.135 E122.93815
G1 X101.629 Y99.304 E122.94728
G1 X101.982 Y99.578 E122.9562
G1 X102.254 Y99.932 E122.9651
G1 X102.424 Y100.336 E122.97385
G1 X102.48 Y100.761 E122.98241
G1 X102.422 Y101.232 E122.99188
G1 X102.253 Y101.626 E123.00043
G1 X101.973 Y101.998 E123.00972
G1 X101.626 Y102.253 E123.01832
G1 X101.232 Y102.422 E123.02687
G1 X100.761 Y102.48 E123.03634
G1 F2400 E122.23634
G1 F300 Z0.44
G0 F12000 X119.096 Y104.439
;TYPE:SKIN
G1 F300 Z0.24
G1 F2400 E123.03634
G1 F3600 X119.406 Y104.432 E123.04253
G1 X120.152 Y104.333 E123.05755
G1 X120.791 Y104.078 E123.07128
G1 X121.113 Y103.92 E123.07844
G1 X121.754 Y103.421 E123.09465
G1 X121.966 Y103.181 E123.10104
G1 X122.222 Y102.856 E123.10929
G1 X122.501 Y102.381 E123.12029
G1 X122.661 Y101.997 E123.12859
G1 X122.793 Y101.552 E123.13785
G1 X122.859 Y101.046 E123.14803
G1 X122.861 Y100.536 E123.15821
G1 X122.811 Y100.127 E123.16644
G1 X122.666 Y99.587 E123.17759
G1 X122.434 Y99.03 E123.18963
G1 X122.223 Y98.705 E123.19737
G1 X121.883 Y98.265 E123.20846
G1 X121.605 Y98.014 E123.21594
G1 X121.286 Y97.769 E123.22397
G1 X120.797 Y97.486 E123.23524
G1 X120.428 Y97.334 E123.2432
G1 X119.908 Y97.194 E123.25395
G1 X119.504 Y97.137 E123.26209
G1 X118.929 Y97.137 E123.27357
G1 X118.449 Y97.201 E123.28323
G1 X118 Y97.334 E123.29258
G1 X117.648 Y97.478 E123.30017
G1 X117.145 Y97.765 E123.31172
G1 X116.825 Y98.013 E123.3198
G1 X116.544 Y98.266 E123.32735
G1 X116.2 Y98.718 E123.33868
G1 X115.987 Y99.046 E123.34649
G1 X115.723 Y99.678 E123.36016
G1 X115.649 Y99.968 E123.36613
G1 X115.56 Y100.584 E123.37855
G1 X115.553 Y100.908 E123.38502
G1 X115.621 Y101.446 E123.39584
G1 X115.713 Y101.839 E123.40389
G1 X115.97 Y102.476 E123.4176
G1 X116.183 Y102.816 E123.42561
G1 X116.501 Y103.231 E123.43604
G1 X116.769 Y103.499 E123.4436
G1 X117.153 Y103.795 E123.45328
G1 X117.499 Y104.016 E123.46147
G1 X118.164 Y104.288 E123.47581
G1 X118.54 Y104.372 E123.4835
G1 X119.096 Y104.439 E123.49468
G1 F2400 E122.69468
G1 F300 Z0.44
G0 F12000 X98.417 Y122.911
G1 F300 Z0.24
G1 F2400 E123.49468
G1 F4079.3 X97.665 Y122.323 E123.51149
G1 F4067.8 X97.079 Y121.575 E123.52827
G1 F4137.9 X97.385 Y121.398 E123.53441
G1 F4161.8 X97.689 Y121.8 E123.54311
G1 F4137.9 X98.002 Y122.15 E123.55126
G1 F4126.1 X98.593 Y122.61 E123.5643
G1 F4149.9 X98.417 Y122.911 E123.57033
G1 F2400 E122.77033
G1 F300 Z0.44
G0 F12000 X101.05 Y122.859
G1 F300 Z0.24
G1 F2400 E123.57033
G1 F3600 X101.546 Y122.795 E123.58032
G1 X101.998 Y122.661 E123.58972
G1 X102.358 Y122.509 E123.59752
G1 X102.837 Y122.234 E123.60854
G1 X103.167 Y121.978 E123.61688
G1 X103.447 Y121.727 E123.62438
G1 X103.791 Y121.283 E123.63559
G1 X103.942 Y121.061 E123.64095
G1 X104.068 Y120.809 E123.64657
G1 X104.331 Y120.158 E123.66058
G1 X104.431 Y119.427 E123.67531
G1 X104.44 Y119.114 E123.68156
G1 X104.375 Y118.56 E123.69269
G1 X104.276 Y118.137 E123.70136
G1 X104.016 Y117.499 E123.71511
G1 X103.809 Y117.172 E123.72283
G1 X103.494 Y116.759 E123.73319
G1 X103.249 Y116.517 E123.74007
G1 X102.83 Y116.193 E123.75064
G1 X102.508 Y115.987 E123.75827
G1 X101.868 Y115.722 E123.77209
G1 X101.451 Y115.625 E123.78063
G1 X100.919 Y115.553 E123.79135
G1 X100.59 Y115.56 E123.79791
G1 X99.973 Y115.648 E123.81035
G1 X99.67 Y115.727 E123.8166
G1 X99.05 Y115.987 E123.83002
G1 X98.722 Y116.196 E123.83778
G1 X98.27 Y116.54 E123.84911
G1 X97.993 Y116.852 E123.85744
G1 X97.76 Y117.159 E123.86513
G1 X97.487 Y117.638 E123.87613
G1 X97.335 Y117.998 E123.88393
G1 X97.212 Y118.415 E123.89261
G1 X97.138 Y118.923 E123.90285
G1 X97.137 Y119.503 E123.91443
G1 X97.189 Y119.891 E123.92224
G1 X97.326 Y120.405 E123.93285
G1 X97.487 Y120.797 E123.94131
G1 X97.754 Y121.264 E123.95205
G1 X97.993 Y121.578 E123.95992
G1 X98.256 Y121.874 E123.96782
G1 X98.727 Y122.241 E123.97974
G1 X99.007 Y122.421 E123.98638
G1 X99.589 Y122.67 E123.99901
G1 X100.109 Y122.806 E124.00974
G1 X100.506 Y122.859 E124.01773
G1 X101.05 Y122.859 E124.02859
G1 F2400 E123.22859
G1 F300 Z0.44
G0 F12000 X109.999 Y127.814
G1 F300 Z0.24
G1 F2400 E124.02859
G1 F3600 X105.373 Y127.209 E124.12169
G1 X101.089 Y125.433 E124.21424
G1 X97.395 Y122.597 E124.30718
G1 X94.559 Y118.903 E124.40011
G1 X92.783 Y114.619 E124.49266
G1 X92.178 Y110.001 E124.58561
G1 X92.787 Y105.373 E124.67876
G1 X94.559 Y101.089 E124.77128
G1 X97.395 Y97.395 E124.86421
G1 X101.089 Y94.559 E124.95715
G1 X105.373 Y92.791 E125.04964
G1 X109.999 Y92.178 E125.14276
G1 X114.619 Y92.791 E125.23577
G1 X118.903 Y94.559 E125.32825
G1 X122.597 Y97.395 E125.42119
G1 X125.433 Y101.089 E125.51413
G1 X127.205 Y105.373 E125.60664
G1 X127.814 Y109.999 E125.69976
G1 X127.201 Y114.619 E125.79276
G1 X125.433 Y118.903 E125.88525
G1 X122.597 Y122.597 E125.97819
G1 X118.903 Y125.433 E126.07112
G1 X114.619 Y127.209 E126.16367
G1 X109.999 Y127.814 E126.25665
G1 F2400 E125.45665
G1 F300 Z0.44
G0 F12000 X121.563 Y122.916
G1 F300 Z0.24
G1 F2400 E126.25665
G1 F4173.9 X121.388 Y122.616 E126.26263
G1 X121.829 Y122.277 E126.27221
G1 F4161.8 X122.131 Y122.017 E126.27908
G1 F4137.9 X122.622 Y121.372 E126.29316
G1 F4149.9 X122.926 Y121.551 E126.29927
G1 F4090.9 X122.325 Y122.325 E126.31648
G1 F4114.3 X121.563 Y122.916 E126.33331
G1 F2400 E125.53331
G1 F300 Z0.44
G0 F12000 X118.942 Y122.859
G1 F300 Z0.24
G1 F2400 E126.33331
G1 F3600 X119.477 Y122.859 E126.34399
G1 X119.869 Y122.811 E126.35187
G1 X120.408 Y122.67 E126.36299
G1 X120.959 Y122.436 E126.37494
G1 X121.287 Y122.227 E126.3827
G1 X121.607 Y121.979 E126.39078
G1 X121.879 Y121.734 E126.39808
G1 X122.227 Y121.282 E126.40947
G1 X122.501 Y120.818 E126.42022
G1 X122.661 Y120.437 E126.42847
G1 X122.806 Y119.895 E126.43966
G1 X122.86 Y119.452 E126.44857
G1 X122.859 Y118.942 E126.45875
G1 X122.795 Y118.45 E126.46865
G1 X122.668 Y118.014 E126.47771
G1 X122.501 Y117.614 E126.48636
G1 X122.237 Y117.166 E126.49674
G1 X121.992 Y116.839 E126.50489
G1 X121.759 Y116.572 E126.51196
G1 X121.29 Y116.209 E126.5238
G1 X120.95 Y115.987 E126.5319
G1 X120.446 Y115.775 E126.54281
G1 X120.058 Y115.648 E126.55096
G1 X119.426 Y115.565 E126.56368
G1 X119.117 Y115.552 E126.56985
G1 X118.545 Y115.625 E126.58136
G1 X118.133 Y115.722 E126.58981
G1 X117.525 Y115.966 E126.60288
G1 X117.16 Y116.195 E126.61148
G1 X116.746 Y116.514 E126.62191
G1 X116.502 Y116.759 E126.62881
G1 X116.205 Y117.146 E126.63855
G1 X115.967 Y117.522 E126.64743
G1 X115.722 Y118.133 E126.66056
G1 X115.625 Y118.541 E126.66893
G1 X115.553 Y119.077 E126.67972
G1 X115.564 Y119.409 E126.68635
G1 X115.648 Y120.062 E126.69949
G1 X115.771 Y120.438 E126.70739
G1 X115.987 Y120.95 E126.71848
G1 X116.197 Y121.271 E126.72613
G1 X116.545 Y121.726 E126.73756
G1 X116.823 Y121.978 E126.74505
G1 X117.163 Y122.238 E126.75359
G1 X117.619 Y122.502 E126.76411
G1 X118.018 Y122.668 E126.77273
G1 X118.44 Y122.793 E126.78151
G1 X118.942 Y122.859 E126.79162
G1 F2400 E125.99162
G1 F300 Z0.44
G0 F12000 X110 Y116.145
G1 F300 Z0.24
G1 F2400 E126.79162
G1 F3600 X110.153 Y116.148 E126.79467
G1 X111.469 Y115.984 E126.82114
G1 X111.798 Y115.885 E126.82799
G1 X113.116 Y115.325 E126.85657
G1 X114.221 Y114.478 E126.88436
G1 X114.466 Y114.234 E126.89126
G1 X115.349 Y113.074 E126.92035
G1 X115.889 Y111.79 E126.94815
G1 X115.984 Y111.461 E126.95498
G1 X116.156 Y110.123 E126.9819
G1 X116.148 Y109.836 E126.98763
G1 X115.987 Y108.551 E127.01347
G1 X115.901 Y108.244 E127.01984
G1 X115.421 Y107.079 E127.04498
G1 X115.247 Y106.777 E127.05194
G1 X114.478 Y105.775 E127.07714
G1 X114.215 Y105.517 E127.0845
G1 X113.083 Y104.655 E127.11289
G1 X111.791 Y104.107 E127.1409
G1 X111.448 Y104.006 E127.14803
G1 X110.151 Y103.844 E127.17412
G1 X109.729 Y103.852 E127.18254
G1 X108.55 Y104.005 E127.20626
G1 X108.25 Y104.092 E127.2125
G1 X107.071 Y104.579 E127.23795
G1 X106.773 Y104.749 E127.2448
G1 X105.781 Y105.513 E127.26979
G1 X105.518 Y105.775 E127.2772
G1 X104.757 Y106.761 E127.30205
G1 X104.585 Y107.062 E127.30897
G1 X104.092 Y108.246 E127.33457
G1 X104.006 Y108.545 E127.34077
G1 X103.853 Y109.718 E127.36438
G1 X103.844 Y110.159 E127.37318
G1 X104.009 Y111.468 E127.39951
G1 X104.1 Y111.767 E127.40575
G1 X104.675 Y113.124 E127.43516
G1 X105.516 Y114.214 E127.46263
G1 X105.775 Y114.478 E127.47002
G1 X106.778 Y115.248 E127.49525
G1 X107.06 Y115.41 E127.50174
G1 X108.242 Y115.9 E127.52727
G1 X108.541 Y115.986 E127.53348
G1 X109.718 Y116.139 E127.55717
G1 X110 Y116.145 E127.5628
G1 F2400 E126.7628
G1 F300 Z0.44
G0 F12000 X100.874 Y104.44
G1 F300 Z0.24
G1 F2400 E127.5628
G1 F3600 X101.428 Y104.375 E127.57393
G1 X101.904 Y104.265 E127.58368
G1 X102.559 Y103.974 E127.59798
G1 X102.807 Y103.818 E127.60383
G1 X103.229 Y103.5 E127.61437
G1 X103.503 Y103.227 E127.62209
G1 X103.813 Y102.812 E127.63243
G1 X104.015 Y102.494 E127.63995
G1 X104.274 Y101.869 E127.65345
G1 X104.375 Y101.432 E127.6624
G1 X104.44 Y100.875 E127.67359
G1 X104.431 Y100.56 E127.67988
G1 X104.349 Y99.978 E127.69161
G1 X104.278 Y99.698 E127.69737
G1 X103.992 Y99.014 E127.71217
G1 X103.8 Y98.722 E127.71914
G1 X103.451 Y98.269 E127.73055
G1 X103.169 Y98.014 E127.73814
G1 X102.846 Y97.765 E127.74628
G1 X102.372 Y97.49 E127.75722
G1 X101.992 Y97.334 E127.76541
G1 X101.574 Y97.208 E127.77413
G1 X101.067 Y97.137 E127.78434
G1 X100.489 Y97.137 E127.79588
G1 X100.105 Y97.189 E127.80361
G1 X99.588 Y97.326 E127.81428
G1 X99.212 Y97.478 E127.82238
G1 X98.732 Y97.75 E127.83339
G1 X98.401 Y98.006 E127.84174
G1 X98.127 Y98.245 E127.84899
G1 X97.76 Y98.723 E127.86102
G1 X97.57 Y99.027 E127.86817
G1 X97.33 Y99.583 E127.88026
G1 X97.189 Y100.112 E127.89118
G1 X97.137 Y100.488 E127.89876
G1 X97.136 Y101.036 E127.90969
G1 X97.205 Y101.56 E127.92024
G1 X97.335 Y101.998 E127.92936
G1 X97.487 Y102.358 E127.93716
G1 X97.754 Y102.828 E127.94794
G1 X98.006 Y103.155 E127.95618
G1 X98.223 Y103.41 E127.96287
G1 X98.72 Y103.795 E127.97541
G1 X99.012 Y103.991 E127.98243
G1 X99.674 Y104.273 E127.99679
G1 X99.968 Y104.347 E128.00284
G1 X100.564 Y104.431 E128.01485
G1 X100.874 Y104.44 E128.02104
G1 F2400 E127.22104
G1 F300 Z0.44
G0 F12000 X97.258 Y97.904
G1 F300 Z0.24
G1 F2400 E128.02104
G1 F3600 X97.905 Y97.257 E128.0393
G0 F12000 X98.824 Y97.469
G1 F3600 X101.818 Y94.474 E128.12381
G0 F12000 X102.782 Y94.077
G1 F3600 X99.794 Y97.065 E128.20814
G0 F12000 X100.485 Y96.939
G1 F3600 X103.745 Y93.679 E128.30014
G0 F12000 X104.708 Y93.282
G1 F3600 X101.051 Y96.939 E128.40335
G0 F12000 X101.551 Y97.004
G1 F3600 X105.592 Y92.963 E128.5174
G0 F12000 X106.244 Y92.877
G1 F3600 X101.994 Y97.127 E128.63734
G0 F12000 X102.4 Y97.287
G1 F3600 X106.896 Y92.791 E128.76423
G0 F12000 X107.548 Y92.705
G1 F3600 X102.765 Y97.488 E128.89921
G0 F12000 X103.106 Y97.712
G1 F3600 X108.2 Y92.618 E129.04298
G0 F12000 X108.852 Y92.532
G1 F3600 X103.414 Y97.97 E129.19645
G0 F12000 X103.694 Y98.256
G1 F3600 X109.505 Y92.445 E129.36045
G0 F12000 X110.12 Y92.396
G1 F3600 X103.94 Y98.576 E129.53486
G0 F12000 X104.162 Y98.919
G1 F3600 X110.619 Y92.462 E129.71709
G0 F12000 X111.119 Y92.528
G1 F3600 X104.336 Y99.31 E129.90851
G0 F12000 X104.489 Y99.723
G1 F3600 X111.618 Y92.594 E130.10971
G0 F12000 X112.117 Y92.661
G1 F3600 X104.582 Y100.196 E130.32236
G0 F12000 X104.634 Y100.71
G1 F3600 X112.617 Y92.727 E130.54766
G0 F12000 X113.117 Y92.793
G1 F3600 X104.591 Y101.319 E130.78828
G0 F12000 X104.409 Y102.066
G1 F3600 X113.616 Y92.859 E131.04812
G0 F12000 X114.115 Y92.926
G1 F3600 X92.919 Y114.121 E131.6463
G0 F12000 X92.996 Y114.611
G1 F3600 X114.605 Y93.002 E132.25616
G0 F12000 X115.006 Y93.166
G1 F3600 X93.162 Y115.01 E132.87264
G0 F12000 X93.327 Y115.41
G1 F3600 X115.406 Y93.332 E133.49574
G0 F12000 X115.806 Y93.497
G1 F3600 X93.494 Y115.81 E134.12545
G0 F12000 X93.66 Y116.209
G1 F3600 X116.207 Y93.663 E134.76176
G0 F12000 X116.608 Y93.827
G1 F3600 X93.825 Y116.61 E135.40475
G0 F12000 X93.991 Y117.009
G1 F3600 X117.008 Y93.993 E136.05432
G0 F12000 X117.408 Y94.158
G1 F3600 X107.297 Y104.269 E136.33968
G0 F12000 X108.248 Y103.884
G1 F3600 X117.809 Y94.323 E136.60951
G0 F12000 X118.209 Y94.489
G1 F3600 X108.945 Y103.753 E136.87096
G0 F12000 X109.596 Y103.668
G1 F3600 X118.609 Y94.654 E137.12534
G0 F12000 X118.969 Y94.86
G1 F3600 X110.182 Y103.647 E137.37333
G0 F12000 X110.685 Y103.71
G1 F3600 X119.288 Y95.107 E137.61612
G0 F12000 X119.609 Y95.352
G1 F3600 X117.732 Y97.229 E137.6691
G0 F12000 X118.537 Y96.989
G1 F3600 X119.928 Y95.598 E137.70835
G0 F12000 X120.248 Y95.843
G1 F3600 X119.154 Y96.938 E137.73924
G0 F12000 X119.696 Y96.961
G1 F3600 X120.568 Y96.089 E137.76385
G0 F12000 X120.888 Y96.335
G1 F3600 X120.164 Y97.06 E137.7843
G0 F12000 X120.6 Y97.189
G1 F3600 X121.208 Y96.581 E137.80146
G0 F12000 X121.528 Y96.826
G1 F3600 X120.986 Y97.369 E137.81677
G0 F12000 X121.346 Y97.574
G1 F3600 X121.848 Y97.072 E137.83094
G0 F12000 X122.168 Y97.318
G1 F3600 X121.672 Y97.814 E137.84493
G0 F12000 X121.972 Y98.08
G1 F3600 X122.479 Y97.572 E137.85926
G0 F12000 X122.725 Y97.892
G1 F3600 X122.23 Y98.388 E137.87324
G0 F12000 X122.468 Y98.715
G1 F3600 X122.971 Y98.212 E137.88744
G0 F12000 X123.217 Y98.532
G1 F3600 X122.67 Y99.078 E137.90286
G0 F12000 X122.836 Y99.478
G1 F3600 X123.462 Y98.852 E137.92053
G0 F12000 X123.708 Y99.172
G1 F3600 X122.962 Y99.918 E137.94158
G0 F12000 X123.046 Y100.4
G1 F3600 X123.954 Y99.492 E137.96721
G0 F12000 X124.2 Y99.812
G1 F3600 X123.059 Y100.952 E137.99939
G0 F12000 X122.991 Y101.586
G1 F3600 X124.445 Y100.132 E138.04043
G0 F12000 X124.691 Y100.452
G1 F3600 X122.683 Y102.46 E138.0971
G1 F2400 E137.2971
G1 F300 Z0.44
G0 F12000 X120.893 Y104.249
G1 F300 Z0.24
G1 F2400 E138.0971
G1 F3600 X116.232 Y108.911 E138.22866
G0 F12000 X116.159 Y108.418
G1 F3600 X120.029 Y104.549 E138.33786
G0 F12000 X119.379 Y104.633
G1 F3600 X116.015 Y107.996 E138.43279
G0 F12000 X115.85 Y107.595
G1 F3600 X118.836 Y104.609 E138.51706
G0 F12000 X118.349 Y104.531
G1 F3600 X115.685 Y107.195 E138.59224
G0 F12000 X115.5 Y106.815
G1 F3600 X117.911 Y104.403 E138.6603
G0 F12000 X117.512 Y104.237
G1 F3600 X115.27 Y106.478 E138.72356
G0 F12000 X115.025 Y106.158
G1 F3600 X117.153 Y104.03 E138.78362
G0 F12000 X116.825 Y103.793
G1 F3600 X114.779 Y105.838 E138.84135
G0 F12000 X114.515 Y105.536
G1 F3600 X116.52 Y103.532 E138.89792
G0 F12000 X116.253 Y103.233
G1 F3600 X114.218 Y105.268 E138.95535
G0 F12000 X113.898 Y105.022
G1 F3600 X116.007 Y102.913 E139.01487
G0 F12000 X115.792 Y102.563
G1 F3600 X113.578 Y104.776 E139.07734
G0 F12000 X113.258 Y104.531
G1 F3600 X115.628 Y102.161 E139.14423
G0 F12000 X115.483 Y101.74
G1 F3600 X112.873 Y104.35 E139.21789
G0 F12000 X112.476 Y104.182
G1 F3600 X115.396 Y101.261 E139.30031
G0 F12000 X115.357 Y100.735
G1 F3600 X112.079 Y104.013 E139.39282
G0 F12000 X111.663 Y103.863
G1 F3600 X115.429 Y100.097 E139.49911
G0 F12000 X115.668 Y99.293
G1 F3600 X111.188 Y103.772 E139.62553
G1 F2400 E138.82553
G1 F300 Z0.44
G0 F12000 X116.296 Y109.413
G1 F300 Z0.24
G1 F2400 E139.62553
G1 F3600 X124.937 Y100.772 E139.86939
G0 F12000 X125.183 Y101.092
G1 F3600 X116.351 Y109.923 E140.11864
G0 F12000 X116.304 Y110.536
G1 F3600 X125.373 Y101.467 E140.37458
G0 F12000 X125.538 Y101.867
G1 F3600 X116.22 Y111.185 E140.63756
G0 F12000 X116.048 Y111.924
G1 F3600 X125.704 Y102.267 E140.91009
G0 F12000 X125.869 Y102.668
G1 F3600 X115.64 Y112.897 E141.19877
G1 F2400 E140.39877
G1 F300 Z0.44
G0 F12000 X116.984 Y116.078
G1 F300 Z0.24
G1 F2400 E141.19877
G1 F3600 X127.083 Y105.98 E141.48377
G0 F12000 X127.148 Y106.48
G1 F3600 X118.102 Y115.526 E141.73907
G0 F12000 X118.805 Y115.389
G1 F3600 X127.214 Y106.98 E141.97639
G0 F12000 X127.28 Y107.48
G1 F3600 X119.396 Y115.363 E142.19888
G0 F12000 X119.899 Y115.426
G1 F3600 X127.346 Y107.979 E142.40905
G0 F12000 X127.411 Y108.479
G1 F3600 X120.355 Y115.536 E142.6082
G0 F12000 X120.764 Y115.693
G1 F3600 X127.477 Y108.979 E142.79767
G0 F12000 X127.543 Y109.479
G1 F3600 X121.144 Y115.878 E142.97826
G0 F12000 X121.482 Y116.106
G1 F3600 X127.609 Y109.979 E143.15118
G0 F12000 X127.528 Y110.625
G1 F3600 X121.803 Y116.35 E143.31275
G0 F12000 X122.083 Y116.637
G1 F3600 X127.442 Y111.277 E143.46401
G0 F12000 X127.356 Y111.929
G1 F3600 X122.329 Y116.956 E143.60588
G0 F12000 X122.548 Y117.303
G1 F3600 X127.269 Y112.581 E143.73913
G0 F12000 X127.182 Y113.234
G1 F3600 X122.744 Y117.672 E143.86438
G0 F12000 X122.897 Y118.085
G1 F3600 X127.096 Y113.886 E143.98289
G0 F12000 X127.01 Y114.538
G1 F3600 X123.008 Y118.539 E144.09582
G0 F12000 X123.058 Y119.056
G1 F3600 X126.626 Y115.488 E144.19651
G0 F12000 X126.228 Y116.451
G1 F3600 X123.042 Y119.638 E144.28644
G0 F12000 X122.887 Y120.358
G1 F3600 X125.83 Y117.414 E144.36952
G0 F12000 X125.432 Y118.378
G1 F3600 X122.631 Y121.179 E144.44857
G0 F12000 X122.988 Y121.388
G1 F3600 X124.208 Y120.168 E144.483
G1 F2400 E143.683
G1 F300 Z0.44
G0 F12000 X121.19 Y122.621
G1 F300 Z0.24
G1 F2400 E144.483
G1 F3600 X118.375 Y125.436 E144.56244
G0 F12000 X117.409 Y125.836
G1 F3600 X120.355 Y122.89 E144.64559
G0 F12000 X119.641 Y123.038
G1 F3600 X116.443 Y126.236 E144.73584
G0 F12000 X115.477 Y126.636
G1 F3600 X119.056 Y123.058 E144.83683
G0 F12000 X118.54 Y123.008
G1 F3600 X114.529 Y127.018 E144.95002
G0 F12000 X113.879 Y127.103
G1 F3600 X118.086 Y122.896 E145.06875
G0 F12000 X117.676 Y122.74
G1 F3600 X113.228 Y127.189 E145.19429
G0 F12000 X112.576 Y127.274
G1 F3600 X117.302 Y122.549 E145.32766
G0 F12000 X116.955 Y122.329
G1 F3600 X111.926 Y127.359 E145.4696
G0 F12000 X111.275 Y127.445
G1 F3600 X116.64 Y122.079 E145.62103
G0 F12000 X116.351 Y121.803
G1 F3600 X110.623 Y127.53 E145.78267
G0 F12000 X109.978 Y127.609
G1 F3600 X116.106 Y121.482 E145.9556
G0 F12000 X115.878 Y121.144
G1 F3600 X109.479 Y127.544 E146.13621
G0 F12000 X108.978 Y127.479
G1 F3600 X115.692 Y120.765 E146.32569
G0 F12000 X115.534 Y120.357
G1 F3600 X108.478 Y127.413 E146.52483
G0 F12000 X107.978 Y127.347
G1 F3600 X115.425 Y119.9 E146.735
G0 F12000 X115.363 Y119.396
G1 F3600 X107.477 Y127.282 E146.95756
G0 F12000 X106.977 Y127.216
G1 F3600 X115.388 Y118.806 E147.19492
G0 F12000 X115.525 Y118.103
G1 F3600 X106.477 Y127.151 E147.45028
G0 F12000 X105.977 Y127.085
G1 F3600 X116.069 Y116.994 E147.73508
G1 F2400 E146.93508
G1 F300 Z0.44
G0 F12000 X112.897 Y115.64
G1 F300 Z0.24
G1 F2400 E147.73508
G1 F3600 X102.666 Y125.871 E148.02382
G0 F12000 X102.267 Y125.704
G1 F3600 X111.927 Y116.045 E148.29643
G0 F12000 X111.185 Y116.22
G1 F3600 X101.867 Y125.539 E148.55942
G0 F12000 X101.466 Y125.374
G1 F3600 X110.538 Y116.301 E148.81547
G0 F12000 X109.931 Y116.343
G1 F3600 X101.092 Y125.183 E149.06494
G0 F12000 X100.771 Y124.937
G1 F3600 X109.41 Y116.299 E149.30873
G0 F12000 X108.909 Y116.234
G1 F3600 X104.25 Y120.893 E149.44022
G0 F12000 X104.551 Y120.026
G1 F3600 X108.416 Y116.161 E149.5493
G0 F12000 X107.997 Y116.014
G1 F3600 X104.631 Y119.38 E149.64429
G0 F12000 X104.61 Y118.836
G1 F3600 X107.597 Y115.849 E149.72859
G0 F12000 X107.196 Y115.684
G1 F3600 X104.53 Y118.35 E149.80383
G0 F12000 X104.401 Y117.914
G1 F3600 X106.816 Y115.499 E149.87199
G0 F12000 X106.48 Y115.268
G1 F3600 X104.237 Y117.511 E149.93529
G0 F12000 X104.032 Y117.151
G1 F3600 X106.16 Y115.023 E149.99535
G0 F12000 X105.84 Y114.778
G1 F3600 X103.795 Y116.823 E150.05306
G0 F12000 X103.534 Y116.518
G1 F3600 X105.534 Y114.517 E150.10952
G0 F12000 X105.267 Y114.219
G1 F3600 X103.232 Y116.254 E150.16695
G0 F12000 X102.912 Y116.008
G1 F3600 X105.021 Y113.899 E150.22648
G0 F12000 X104.774 Y113.58
G1 F3600 X102.562 Y115.792 E150.2889
G0 F12000 X102.16 Y115.629
G1 F3600 X104.528 Y113.261 E150.35573
G0 F12000 X104.348 Y112.875
G1 F3600 X101.739 Y115.485 E150.42938
G0 F12000 X101.259 Y115.398
G1 F3600 X104.181 Y112.477 E150.51183
G0 F12000 X104.014 Y112.078
G1 F3600 X100.735 Y115.357 E150.60437
G0 F12000 X100.097 Y115.429
G1 F3600 X103.86 Y111.666 E150.71057
G0 F12000 X103.773 Y111.188
G1 F3600 X99.288 Y115.672 E150.83713
G1 F2400 E150.03713
G1 F300 Z0.44
G0 F12000 X97.234 Y117.727
G1 F300 Z0.24
G1 F2400 E150.83713
G1 F3600 X95.353 Y119.607 E150.8902
G0 F12000 X95.599 Y119.927
G1 F3600 X96.99 Y118.536 E150.92946
G0 F12000 X96.939 Y119.152
G1 F3600 X95.844 Y120.248 E150.96038
G0 F12000 X96.09 Y120.567
G1 F3600 X96.961 Y119.697 E150.98495
G0 F12000 X97.056 Y120.167
G1 F3600 X96.336 Y120.888 E151.00528
G0 F12000 X96.581 Y121.208
G1 F3600 X97.19 Y120.598 E151.02248
G0 F12000 X97.357 Y120.997
G1 F3600 X96.845 Y121.509 E151.03693
G1 F2400 E150.23693
G1 F300 Z0.44
G0 F12000 X98.531 Y123.218
G1 F300 Z0.24
G1 F2400 E151.03693
G1 F3600 X99.08 Y122.669 E151.05243
G0 F12000 X99.477 Y122.837
G1 F3600 X98.851 Y123.464 E151.07011
G0 F12000 X99.171 Y123.709
G1 F3600 X99.919 Y122.961 E151.09122
G0 F12000 X100.399 Y123.046
G1 F3600 X99.491 Y123.954 E151.11684
G0 F12000 X99.811 Y124.2
G1 F3600 X100.954 Y123.057 E151.1491
G0 F12000 X101.59 Y122.987
G1 F3600 X100.131 Y124.446 E151.19028
G0 F12000 X100.452 Y124.691
G1 F3600 X102.465 Y122.678 E151.24709
G1 F2400 E150.44709
G1 F300 Z0.44
G0 F12000 X103.066 Y126.036
G1 F300 Z0.24
G1 F2400 E151.24709
G1 F3600 X126.035 Y103.068 E151.89531
G0 F12000 X126.2 Y103.468
G1 F3600 X103.466 Y126.202 E152.53691
G0 F12000 X103.866 Y126.368
G1 F3600 X126.366 Y103.868 E153.17191
G0 F12000 X126.531 Y104.269
G1 F3600 X104.266 Y126.533 E153.80026
G0 F12000 X104.666 Y126.699
G1 F3600 X126.697 Y104.669 E154.42201
G0 F12000 X126.862 Y105.069
G1 F3600 X105.066 Y126.865 E155.03714
G0 F12000 X105.477 Y127.02
G1 F3600 X127.017 Y105.48 E155.64505
G1 F2400 E154.84505
G1 F300 Z0.44
G0 F12000 X121.398 Y122.979
G1 F300 Z0.24
G1 F2400 E155.64505
G1 F3600 X120.165 Y124.211 E155.67983
G1 F2400 E154.87983
G1 F300 Z0.44
G0 F12000 X103.709 Y110.686
G1 F300 Z0.24
G1 F2400 E155.67983
G1 F3600 X95.107 Y119.287 E155.92258
G0 F12000 X94.862 Y118.967
G1 F3600 X103.646 Y110.183 E156.17049
G0 F12000 X103.668 Y109.595
G1 F3600 X94.655 Y118.609 E156.42487
G0 F12000 X94.489 Y118.209
G1 F3600 X103.753 Y108.945 E156.68632
G0 F12000 X103.882 Y108.25
G1 F3600 X94.323 Y117.809 E156.95609
G0 F12000 X94.157 Y117.409
G1 F3600 X104.271 Y107.296 E157.24152
G1 F2400 E156.44152
G1 F300 Z0.44
G0 F12000 X102.063 Y104.412
G1 F300 Z0.24
G1 F2400 E157.24152
G1 F3600 X92.854 Y113.621 E157.50141
G0 F12000 X92.789 Y113.121
G1 F3600 X101.32 Y104.59 E157.74218
G0 F12000 X100.711 Y104.633
G1 F3600 X92.723 Y112.621 E157.96762
G0 F12000 X92.658 Y112.12
G1 F3600 X100.197 Y104.581 E158.18038
G0 F12000 X99.721 Y104.491
G1 F3600 X92.592 Y111.62 E158.38158
G0 F12000 X92.527 Y111.12
G1 F3600 X99.311 Y104.336 E158.57304
G0 F12000 X98.916 Y104.165
G1 F3600 X92.461 Y110.62 E158.75521
G0 F12000 X92.396 Y110.12
G1 F3600 X98.578 Y103.937 E158.9297
G0 F12000 X98.257 Y103.692
G1 F3600 X92.446 Y109.504 E159.09371
G0 F12000 X92.531 Y108.853
G1 F3600 X97.966 Y103.418 E159.2471
G0 F12000 X97.714 Y103.104
G1 F3600 X92.617 Y108.201 E159.39094
G0 F12000 X92.702 Y107.55
G1 F3600 X97.488 Y102.765 E159.526
G0 F12000 X97.287 Y102.4
G1 F3600 X92.788 Y106.899 E159.65297
G0 F12000 X92.874 Y106.247
G1 F3600 X97.124 Y101.997 E159.77292
G0 F12000 X97.002 Y101.553
G1 F3600 X92.96 Y105.596 E159.88701
G0 F12000 X93.277 Y104.713
G1 F3600 X96.937 Y101.053 E159.9903
G0 F12000 X96.939 Y100.486
G1 F3600 X93.675 Y103.749 E160.0824
G0 F12000 X94.075 Y102.784
G1 F3600 X97.068 Y99.79 E160.16688
G0 F12000 X97.455 Y98.838
G1 F3600 X94.474 Y101.819 E160.25101
G1 F2400 E159.45101
G1 F300 Z0.44
G0 F12000 X95.385 Y100.342
G1 F300 Z0.24
G1 F2400 E160.25101
G1 F3600 X100.343 Y95.384 E160.39094
G1 F2400 E159.59094
G1 F300 Z0.44
;MESH:NONMESH
G0 F12000 X100.87 Y104.083
;TIME_ELAPSED:308.258180
;LAYER:2
M106 S170
;MESH:vertMount_Cover_RPi_r01.stl
G0 F15000 Z0.56
;TYPE:WALL-INNER
G1 F300 Z0.36
G1 F2400 E160.39094
G1 F5400 X100.611 Y104.073 E160.39611
G1 X99.949 Y103.986 E160.40944
G1 X99.338 Y103.741 E160.42257
G1 X99.061 Y103.604 E160.42874
G1 X98.605 Y103.254 E160.44021
G1 X98.387 Y103.061 E160.44602
G1 X98.055 Y102.627 E160.45693
G1 X97.822 Y102.226 E160.46618
G1 X97.671 Y101.862 E160.47405
G1 X97.561 Y101.49 E160.48179
G1 X97.496 Y101.02 E160.49126
G1 X97.496 Y100.538 E160.50088
G1 X97.548 Y100.154 E160.50861
G1 X97.671 Y99.702 E160.51796
G1 X97.888 Y99.199 E160.52889
G1 X98.048 Y98.946 E160.53486
G1 X98.291 Y98.624 E160.54291
G1 X98.5 Y98.387 E160.54922
G1 X98.934 Y98.053 E160.56015
G1 X99.347 Y97.815 E160.56966
G1 X99.707 Y97.667 E160.57743
G1 X100.152 Y97.547 E160.58663
G1 X100.54 Y97.495 E160.59444
G1 X101.02 Y97.496 E160.60402
G1 X101.489 Y97.56 E160.61346
G1 X101.853 Y97.667 E160.62103
G1 X102.213 Y97.815 E160.6288
G1 X102.626 Y98.053 E160.63831
G1 X103.06 Y98.387 E160.64924
G1 X103.267 Y98.622 E160.65549
G1 X103.61 Y99.068 E160.66672
G1 X103.741 Y99.338 E160.67271
G1 X103.986 Y99.949 E160.68585
G1 X104.073 Y100.611 E160.69917
G1 X104.083 Y100.87 E160.70434
G1 X104.019 Y101.39 E160.7148
G1 X103.938 Y101.744 E160.72205
G1 X103.692 Y102.335 E160.73482
G1 X103.521 Y102.606 E160.74122
G1 X103.223 Y103.002 E160.75111
G1 X103.002 Y103.223 E160.75734
G1 X102.606 Y103.521 E160.76723
G1 X102.375 Y103.667 E160.77269
G1 X101.783 Y103.929 E160.78561
G1 X101.39 Y104.019 E160.79365
G1 X100.87 Y104.083 E160.80411
G0 F15000 X100.777 Y103.691
G1 F5400 X100.103 Y103.607 E160.81766
G1 X99.856 Y103.524 E160.82286
G1 X99.323 Y103.302 E160.83438
G1 X98.72 Y102.838 E160.84957
G1 X98.372 Y102.384 E160.86098
G1 X98.191 Y102.072 E160.86818
G1 X98.04 Y101.708 E160.87605
G1 X97.954 Y101.418 E160.88208
G1 X97.892 Y100.966 E160.89119
G1 X97.892 Y100.591 E160.89867
G1 X97.944 Y100.207 E160.9064
G1 X98.04 Y99.856 E160.91367
G1 X98.273 Y99.311 E160.92549
G1 X98.715 Y98.727 E160.94011
G1 X99.178 Y98.37 E160.95178
G1 X99.499 Y98.185 E160.95917
G1 X99.859 Y98.037 E160.96694
G1 X100.205 Y97.944 E160.97409
G1 X100.593 Y97.892 E160.9819
G1 X100.966 Y97.892 E160.98934
G1 X101.418 Y97.954 E160.99845
G1 X101.701 Y98.037 E161.00433
G1 X102.061 Y98.185 E161.0121
G1 X102.382 Y98.37 E161.0195
G1 X102.839 Y98.722 E161.03101
G1 X103.306 Y99.329 E161.04629
G1 X103.596 Y100.046 E161.06172
G1 X103.674 Y100.649 E161.07386
G1 X103.67 Y100.952 E161.07991
G1 X103.622 Y101.34 E161.08771
G1 X103.559 Y101.616 E161.09336
G1 X103.287 Y102.25 E161.10712
G1 X102.844 Y102.843 E161.1219
G1 X102.254 Y103.286 E161.13662
G1 X101.616 Y103.559 E161.15047
G1 X101.34 Y103.622 E161.15612
G1 X100.777 Y103.691 E161.16744
G0 F15000 X100.749 Y103.284
G1 F5400 X100.146 Y103.207 E161.17957
G1 X99.528 Y102.955 E161.19289
G1 X99.005 Y102.552 E161.20606
G1 X98.69 Y102.141 E161.2164
G1 X98.561 Y101.918 E161.22154
G1 X98.361 Y101.438 E161.23192
G1 X98.288 Y100.913 E161.24249
G1 X98.289 Y100.645 E161.24784
G1 X98.341 Y100.261 E161.25557
G1 X98.409 Y100.01 E161.26076
G1 X98.62 Y99.516 E161.27148
G1 X98.984 Y99.034 E161.28354
G1 X99.422 Y98.687 E161.29469
G1 X99.651 Y98.555 E161.29996
G1 X100.011 Y98.407 E161.30773
G1 X100.259 Y98.34 E161.31286
G1 X100.646 Y98.288 E161.32065
G1 X100.913 Y98.288 E161.32598
G1 X101.431 Y98.358 E161.33641
G1 X101.909 Y98.555 E161.34673
G1 X102.138 Y98.687 E161.352
G1 X102.554 Y99.007 E161.36248
G1 X102.956 Y99.53 E161.37564
G1 X103.207 Y100.146 E161.38891
G1 X103.288 Y100.781 E161.40169
G1 X103.209 Y101.421 E161.41456
G1 X102.939 Y102.049 E161.4282
G1 X102.558 Y102.558 E161.44089
G1 X102.049 Y102.939 E161.45358
G1 X101.415 Y103.212 E161.46735
G1 X100.749 Y103.284 E161.48072
G0 F15000 X100.781 Y102.885
G1 F5400 X100.249 Y102.819 E161.49142
G1 X99.733 Y102.601 E161.5026
G1 X99.294 Y102.264 E161.51364
G1 X98.961 Y101.838 E161.52443
G1 X98.748 Y101.328 E161.53546
G1 X98.674 Y100.779 E161.54651
G1 X98.748 Y100.235 E161.55747
G1 X98.967 Y99.72 E161.56864
G1 X99.295 Y99.295 E161.57935
G1 X99.727 Y98.956 E161.59031
G1 X100.235 Y98.747 E161.60127
G1 X100.781 Y98.674 E161.61227
G1 X101.326 Y98.748 E161.62324
G1 X101.833 Y98.956 E161.63418
G1 X102.264 Y99.295 E161.64512
G1 X102.601 Y99.733 E161.65615
G1 X102.819 Y100.249 E161.66733
G1 X102.885 Y100.781 E161.67803
G1 X102.818 Y101.319 E161.68885
G1 X102.595 Y101.842 E161.70019
G1 X102.269 Y102.269 E161.71091
G1 X101.842 Y102.595 E161.72163
G1 X101.319 Y102.818 E161.73298
G1 X100.781 Y102.885 E161.7438
G1 F2400 E160.9438
G1 F300 Z0.56
G0 F15000 X110 Y115.788
G1 F300 Z0.36
G1 F2400 E161.7438
G1 F5400 X109.772 Y115.782 E161.74835
G1 X108.608 Y115.634 E161.77177
G1 X108.355 Y115.558 E161.77704
G1 X107.071 Y115.021 E161.80481
G1 X106.014 Y114.207 E161.83144
G1 X105.793 Y113.986 E161.83767
G1 X104.978 Y112.925 E161.86437
G1 X104.443 Y111.656 E161.89185
G1 X104.362 Y111.387 E161.89746
G1 X104.204 Y110.128 E161.92278
G1 X104.214 Y109.772 E161.92989
G1 X104.362 Y108.611 E161.95325
G1 X104.437 Y108.357 E161.95853
G1 X104.969 Y107.095 E161.98586
G1 X105.793 Y106.014 E162.01299
G1 X106.014 Y105.793 E162.01922
G1 X107.095 Y104.969 E162.04635
G1 X108.357 Y104.437 E162.07368
G1 X108.613 Y104.361 E162.07901
G1 X109.873 Y104.204 E162.10435
G1 X110.229 Y104.214 E162.11146
G1 X111.389 Y104.362 E162.13479
G1 X111.656 Y104.443 E162.14036
G1 X112.808 Y104.929 E162.16531
G1 X113.09 Y105.105 E162.17195
G1 X113.986 Y105.793 E162.19449
G1 X114.207 Y106.014 E162.20073
G1 X115.021 Y107.071 E162.22735
G1 X115.558 Y108.355 E162.25512
G1 X115.634 Y108.61 E162.26043
G1 X115.81 Y110.015 E162.28869
G1 X115.633 Y111.392 E162.3164
G1 X115.552 Y111.658 E162.32195
G1 X115.026 Y112.919 E162.34921
G1 X114.207 Y113.986 E162.37606
G1 X113.986 Y114.207 E162.38229
G1 X112.919 Y115.026 E162.40914
G1 X111.658 Y115.552 E162.4364
G1 X111.39 Y115.634 E162.44199
G1 X110.128 Y115.792 E162.46738
G1 X110 Y115.788 E162.46993
G0 F15000 X109.998 Y115.406
G1 F5400 X108.581 Y115.22 E162.49845
G1 X107.298 Y114.684 E162.5262
G1 X106.271 Y113.901 E162.55197
G1 X106.099 Y113.729 E162.55683
G1 X105.313 Y112.693 E162.58278
G1 X104.766 Y111.394 E162.6109
G1 X104.59 Y109.998 E162.63898
G1 X104.776 Y108.579 E162.66754
G1 X105.32 Y107.292 E162.69543
G1 X106.099 Y106.271 E162.72106
G1 X106.271 Y106.099 E162.72591
G1 X107.309 Y105.306 E162.75198
G1 X108.58 Y104.776 E162.77946
G1 X109.998 Y104.59 E162.808
G1 X111.394 Y104.766 E162.83608
G1 X112.628 Y105.286 E162.8628
G1 X112.847 Y105.423 E162.86796
G1 X113.729 Y106.099 E162.89013
G1 X113.901 Y106.271 E162.89499
G1 X114.684 Y107.298 E162.92076
G1 X115.22 Y108.581 E162.94851
G1 X115.406 Y109.998 E162.97703
G1 X115.23 Y111.391 E163.00505
G1 X114.687 Y112.692 E163.03318
G1 X113.901 Y113.729 E163.05915
G1 X113.729 Y113.901 E163.064
G1 X112.677 Y114.698 E163.09034
G1 X111.389 Y115.231 E163.11816
G1 X109.998 Y115.406 E163.14614
G0 F15000 X110 Y115.004
G1 F5400 X109.99 Y115.005 E163.14634
G1 X108.689 Y114.832 E163.17253
G1 X107.497 Y114.336 E163.19829
G1 X106.455 Y113.538 E163.22448
G1 X105.663 Y112.495 E163.25062
G1 X105.165 Y111.312 E163.27623
G1 X104.991 Y109.991 E163.30282
G1 X105.163 Y108.69 E163.32901
G1 X105.667 Y107.494 E163.35491
G1 X106.459 Y106.459 E163.38092
G1 X107.506 Y105.658 E163.40723
G1 X108.691 Y105.163 E163.43286
G1 X110 Y104.993 E163.4592
G1 X111.312 Y105.165 E163.4856
G1 X112.496 Y105.663 E163.51124
G1 X113.541 Y106.458 E163.53744
G1 X114.336 Y107.497 E163.56355
G1 X114.833 Y108.69 E163.58934
G1 X115.003 Y110 E163.6157
G1 X114.832 Y111.308 E163.64203
G1 X114.339 Y112.493 E163.66764
G1 X113.539 Y113.545 E163.69401
G1 X112.493 Y114.339 E163.72022
G1 X111.308 Y114.832 E163.74583
G1 X110 Y115.004 E163.77216
G0 F15000 X110 Y114.598
G1 F5400 X108.8 Y114.445 E163.7963
G1 X107.699 Y113.988 E163.82009
G1 X106.744 Y113.256 E163.8441
G1 X106.009 Y112.292 E163.86829
G1 X105.55 Y111.195 E163.89202
G1 X105.396 Y110.017 E163.91573
G1 X105.551 Y108.8 E163.94022
G1 X106.013 Y107.697 E163.96408
G1 X106.747 Y106.747 E163.98804
G1 X107.697 Y106.013 E164.012
G1 X108.812 Y105.546 E164.03612
G1 X110.001 Y105.394 E164.06004
G1 X111.196 Y105.55 E164.08409
G1 X112.306 Y106.016 E164.10811
G1 X113.252 Y106.747 E164.13197
G1 X113.988 Y107.699 E164.15599
G1 X114.45 Y108.812 E164.18003
G1 X114.6 Y109.984 E164.20361
G1 X114.446 Y111.196 E164.228
G1 X113.985 Y112.305 E164.25196
G1 X113.253 Y113.253 E164.27586
G1 X112.289 Y113.993 E164.30012
G1 X111.196 Y114.446 E164.32373
G1 X110.017 Y114.6 E164.34746
G1 X110 Y114.598 E164.3478
G1 F2400 E163.5478
G1 F300 Z0.56
G0 F15000 X118.992 Y122.502
G1 F300 Z0.36
G1 F2400 E164.3478
G1 F5400 X118.508 Y122.44 E164.35753
G1 X118.138 Y122.329 E164.36524
G1 X117.774 Y122.178 E164.37311
G1 X117.37 Y121.943 E164.38244
G1 X116.939 Y121.611 E164.39329
G1 X116.742 Y121.391 E164.39919
G1 X116.393 Y120.935 E164.41064
G1 X116.258 Y120.662 E164.41672
G1 X116.106 Y120.298 E164.42459
G1 X116.001 Y119.984 E164.4312
G1 X115.923 Y119.384 E164.44328
G1 X115.913 Y119.115 E164.44865
G1 X115.984 Y118.59 E164.45922
G1 X116.059 Y118.264 E164.4659
G1 X116.302 Y117.664 E164.47881
G1 X116.491 Y117.369 E164.48581
G1 X116.777 Y116.998 E164.49515
G1 X116.998 Y116.777 E164.50139
G1 X117.369 Y116.491 E164.51074
G1 X117.664 Y116.302 E164.51773
G1 X118.264 Y116.059 E164.53065
G1 X118.59 Y115.984 E164.53732
G1 X119.115 Y115.913 E164.5479
G1 X119.384 Y115.923 E164.55327
G1 X119.844 Y115.983 E164.56253
G1 X120.135 Y116.047 E164.56847
G1 X120.662 Y116.258 E164.5798
G1 X120.935 Y116.393 E164.58588
G1 X121.39 Y116.741 E164.59731
G1 X121.608 Y116.934 E164.60312
G1 X121.943 Y117.37 E164.61409
G1 X122.178 Y117.774 E164.62342
G1 X122.33 Y118.138 E164.63129
G1 X122.439 Y118.509 E164.63901
G1 X122.502 Y118.992 E164.64873
G1 X122.502 Y119.438 E164.65763
G1 X122.455 Y119.826 E164.66543
G1 X122.329 Y120.298 E164.67518
G1 X122.178 Y120.662 E164.68304
G1 X121.945 Y121.064 E164.69232
G1 X121.599 Y121.507 E164.70353
G1 X121.383 Y121.696 E164.70926
G1 X121.065 Y121.944 E164.71731
G1 X120.803 Y122.114 E164.72354
G1 X120.298 Y122.329 E164.73449
G1 X119.826 Y122.455 E164.74424
G1 X119.438 Y122.502 E164.75204
G1 X118.992 Y122.502 E164.76094
G0 F15000 X119.042 Y122.105
G1 F5400 X118.58 Y122.046 E164.77024
G1 X118.292 Y121.96 E164.77624
G1 X117.928 Y121.808 E164.78411
G1 X117.614 Y121.626 E164.79135
G1 X117.154 Y121.272 E164.80293
G1 X116.693 Y120.67 E164.81807
G1 X116.404 Y119.951 E164.83353
G1 X116.303 Y119.208 E164.84849
G1 X116.38 Y118.644 E164.85985
G1 X116.439 Y118.39 E164.86506
G1 X116.711 Y117.738 E164.87915
G1 X117.158 Y117.158 E164.89377
G1 X117.738 Y116.711 E164.90838
G1 X118.39 Y116.439 E164.92248
G1 X118.644 Y116.38 E164.92768
G1 X119.208 Y116.303 E164.93904
G1 X119.952 Y116.404 E164.95403
G1 X120.673 Y116.695 E164.96954
G1 X121.274 Y117.157 E164.98467
G1 X121.626 Y117.614 E164.99618
G1 X121.808 Y117.928 E165.00342
G1 X121.961 Y118.292 E165.0113
G1 X122.046 Y118.581 E165.01732
G1 X122.106 Y119.042 E165.02659
G1 X122.106 Y119.388 E165.0335
G1 X122.058 Y119.777 E165.04132
G1 X121.96 Y120.144 E165.0489
G1 X121.809 Y120.508 E165.05676
G1 X121.628 Y120.821 E165.06398
G1 X121.271 Y121.277 E165.07554
G1 X120.691 Y121.728 E165.0902
G1 X120.144 Y121.96 E165.10206
G1 X119.777 Y122.058 E165.10964
G1 X119.388 Y122.106 E165.11746
G1 X119.042 Y122.105 E165.12436
G0 F15000 X119.219 Y121.724
G1 F5400 X118.57 Y121.643 E165.13741
G1 X118.082 Y121.439 E165.14797
G1 X117.858 Y121.309 E165.15314
G1 X117.441 Y120.989 E165.16363
G1 X117.044 Y120.47 E165.17667
G1 X116.794 Y119.855 E165.18992
G1 X116.711 Y119.245 E165.2022
G1 X116.791 Y118.585 E165.21547
G1 X117.055 Y117.947 E165.22925
G1 X117.443 Y117.443 E165.24194
G1 X117.947 Y117.055 E165.25463
G1 X118.584 Y116.791 E165.26839
G1 X119.251 Y116.71 E165.2818
G1 X119.855 Y116.794 E165.29397
G1 X120.476 Y117.046 E165.30735
G1 X120.984 Y117.448 E165.32027
G1 X121.309 Y117.858 E165.33072
G1 X121.439 Y118.082 E165.33588
G1 X121.641 Y118.565 E165.34633
G1 X121.725 Y119.212 E165.35935
G1 X121.661 Y119.727 E165.36971
G1 X121.591 Y119.99 E165.37514
G1 X121.439 Y120.354 E165.38301
G1 X121.306 Y120.583 E165.3883
G1 X120.984 Y120.984 E165.39856
G1 X120.491 Y121.379 E165.41117
G1 X119.99 Y121.591 E165.42202
G1 X119.727 Y121.661 E165.42745
G1 X119.219 Y121.724 E165.43767
G0 F15000 X119.215 Y121.321
G1 F5400 X118.673 Y121.253 E165.44857
G1 X118.162 Y121.039 E165.45963
G1 X117.732 Y120.701 E165.47054
G1 X117.395 Y120.272 E165.48143
G1 X117.186 Y119.753 E165.49259
G1 X117.11 Y119.216 E165.50342
G1 X117.183 Y118.679 E165.51423
G1 X117.401 Y118.153 E165.52559
G1 X117.731 Y117.731 E165.53628
G1 X118.153 Y117.401 E165.54697
G1 X118.679 Y117.183 E165.55834
G1 X119.214 Y117.11 E165.56911
G1 X119.753 Y117.182 E165.57996
G1 X120.266 Y117.399 E165.59108
G1 X120.701 Y117.731 E165.602
G1 X121.039 Y118.162 E165.61293
G1 X121.253 Y118.673 E165.62399
G1 X121.321 Y119.215 E165.63489
G1 X121.254 Y119.76 E165.64585
G1 X121.037 Y120.278 E165.65705
G1 X120.701 Y120.701 E165.66783
G1 X120.279 Y121.035 E165.67857
G1 X119.761 Y121.254 E165.6898
G1 X119.215 Y121.321 E165.70077
G1 F2400 E164.90077
G1 F300 Z0.56
G0 F15000 X110 Y128.18
G1 F300 Z0.36
G1 F2400 E165.70077
G1 F5400 X114.71 Y127.562 E165.79557
G1 X119.087 Y125.747 E165.89013
G1 X122.856 Y122.856 E165.98493
G1 X125.747 Y119.088 E166.0797
G1 X127.558 Y114.71 E166.17425
G1 X128.18 Y110 E166.26906
G1 X127.558 Y105.286 E166.36395
G1 X125.747 Y100.908 E166.4585
G1 X122.856 Y97.14 E166.55327
G1 X119.088 Y94.249 E166.64805
G1 X114.71 Y92.438 E166.7426
G1 X110 Y91.816 E166.83741
G1 X105.286 Y92.438 E166.9323
G1 X100.908 Y94.249 E167.02684
G1 X97.14 Y97.14 E167.12162
G1 X94.248 Y100.909 E167.21642
G1 X92.434 Y105.286 E167.31098
G1 X91.816 Y110 E167.40585
G1 X92.434 Y114.71 E167.50065
G1 X94.248 Y119.087 E167.59521
G1 X97.14 Y122.856 E167.69001
G1 X100.908 Y125.747 E167.78479
G1 X105.286 Y127.562 E167.87937
G1 X110 Y128.18 E167.97424
G0 F15000 X110 Y128.584
G1 F5400 X114.814 Y127.952 E168.07114
G1 X119.289 Y126.097 E168.16781
G1 X123.141 Y123.141 E168.26471
G1 X126.096 Y119.29 E168.36157
G1 X127.948 Y114.814 E168.45824
G1 X128.583 Y110 E168.55514
G1 X127.948 Y105.182 E168.65212
G1 X126.096 Y100.706 E168.74879
G1 X123.141 Y96.855 E168.84566
G1 X119.29 Y93.899 E168.94254
G1 X114.814 Y92.048 E169.0392
G1 X110 Y91.413 E169.1361
G1 X105.182 Y92.048 E169.23308
G1 X100.706 Y93.899 E169.32974
G1 X96.855 Y96.855 E169.42662
G1 X93.899 Y100.707 E169.52352
G1 X92.044 Y105.182 E169.62019
G1 X91.412 Y110 E169.71716
G1 X92.044 Y114.814 E169.81405
G1 X93.899 Y119.289 E169.91073
G1 X96.855 Y123.141 E170.00762
G1 X100.707 Y126.097 E170.10452
G1 X105.182 Y127.951 E170.20118
G1 X110 Y128.584 E170.29816
G0 F15000 X110 Y128.987
G1 F5400 X114.918 Y128.341 E170.39715
G1 X119.491 Y126.446 E170.49593
G1 X123.426 Y123.426 E170.59492
G1 X126.446 Y119.491 E170.69391
G1 X128.337 Y114.919 E170.79264
G1 X128.987 Y110 E170.89166
G1 X128.337 Y105.077 E170.99076
G1 X126.446 Y100.505 E171.08949
G1 X123.426 Y96.57 E171.18848
G1 X119.491 Y93.55 E171.28747
G1 X114.919 Y91.659 E171.3862
G1 X110 Y91.009 E171.48522
G1 X105.077 Y91.659 E171.58432
G1 X100.505 Y93.55 E171.68305
G1 X96.569 Y96.569 E171.78204
G1 X93.55 Y100.505 E171.88104
G1 X91.655 Y105.077 E171.9798
G1 X91.009 Y110 E172.07889
G1 X91.655 Y114.918 E172.17788
G1 X93.55 Y119.491 E172.27666
G1 X96.569 Y123.427 E172.37565
G1 X100.505 Y126.446 E172.47464
G1 X105.077 Y128.341 E172.57341
G1 X110 Y128.987 E172.6725
G0 F15000 X110 Y129.39
G1 F5400 X115.023 Y128.731 E172.77359
G1 X119.693 Y126.795 E172.87448
G1 X123.712 Y123.712 E172.97556
G1 X126.795 Y119.693 E173.07665
G1 X128.727 Y115.023 E173.1775
G1 X129.39 Y110 E173.27861
G1 X128.727 Y104.973 E173.3798
G1 X126.795 Y100.303 E173.48065
G1 X123.712 Y96.284 E173.58174
G1 X119.693 Y93.201 E173.68282
G1 X115.023 Y91.269 E173.78368
G1 X110 Y90.606 E173.88478
G1 X104.973 Y91.269 E173.98597
G1 X100.303 Y93.201 E174.08683
G1 X96.284 Y96.284 E174.18791
G1 X93.2 Y100.303 E174.28901
G1 X91.265 Y104.973 E174.38989
G1 X90.606 Y110 E174.49106
G1 X91.265 Y115.023 E174.59216
G1 X93.2 Y119.693 E174.69304
G1 X96.284 Y123.712 E174.79414
G1 X100.303 Y126.795 E174.89522
G1 X104.973 Y128.731 E174.9961
G1 X110 Y129.39 E175.09728
G1 F2400 E174.29728
G1 F300 Z0.56
G0 F15000 X101.002 Y122.502
G1 F300 Z0.36
G1 F2400 E175.09728
G1 F5400 X100.557 Y122.502 E175.10616
G1 X100.172 Y122.455 E175.1139
G1 X99.708 Y122.332 E175.12348
G1 X99.195 Y122.113 E175.13461
G1 X98.932 Y121.945 E175.14084
G1 X98.496 Y121.605 E175.15188
G1 X98.291 Y121.372 E175.15807
G1 X98.055 Y121.064 E175.16581
G1 X97.823 Y120.662 E175.17507
G1 X97.671 Y120.298 E175.18295
G1 X97.547 Y119.844 E175.19234
G1 X97.495 Y119.456 E175.20015
G1 X97.496 Y118.974 E175.20977
G1 X97.561 Y118.508 E175.21916
G1 X97.671 Y118.138 E175.22686
G1 X97.822 Y117.774 E175.23473
G1 X98.048 Y117.382 E175.24376
G1 X98.382 Y116.941 E175.2548
G1 X98.605 Y116.742 E175.26076
G1 X99.071 Y116.389 E175.27243
G1 X99.338 Y116.258 E175.27836
G1 X99.946 Y116.015 E175.29143
G1 X100.612 Y115.923 E175.30485
G1 X100.884 Y115.913 E175.31028
G1 X101.408 Y115.983 E175.32083
G1 X101.742 Y116.061 E175.32767
G1 X102.332 Y116.302 E175.34039
G1 X102.619 Y116.484 E175.34717
G1 X103.002 Y116.777 E175.35679
G1 X103.223 Y116.998 E175.36303
G1 X103.515 Y117.38 E175.37263
G1 X103.668 Y117.622 E175.37834
G1 X103.93 Y118.221 E175.39139
G1 X104.019 Y118.608 E175.39931
G1 X104.083 Y119.122 E175.40965
G1 X104.073 Y119.385 E175.4149
G1 X103.999 Y119.951 E175.42629
G1 X103.936 Y120.197 E175.43136
G1 X103.68 Y120.81 E175.44462
G1 X103.501 Y121.075 E175.451
G1 X103.168 Y121.501 E175.46179
G1 X102.947 Y121.696 E175.46767
G1 X102.639 Y121.936 E175.47546
G1 X102.226 Y122.178 E175.48502
G1 X101.862 Y122.329 E175.49288
G1 X101.489 Y122.44 E175.50065
G1 X101.002 Y122.502 E175.51044
G0 F15000 X100.953 Y122.106
G1 F5400 X100.606 Y122.106 E175.51737
G1 X100.222 Y122.058 E175.52509
G1 X99.861 Y121.962 E175.53255
G1 X99.299 Y121.724 E175.54473
G1 X98.718 Y121.272 E175.55942
G1 X98.372 Y120.82 E175.57077
G1 X98.192 Y120.508 E175.57796
G1 X98.04 Y120.144 E175.58583
G1 X97.944 Y119.791 E175.59314
G1 X97.892 Y119.403 E175.60095
G1 X97.892 Y119.028 E175.60843
G1 X97.954 Y118.58 E175.61746
G1 X98.04 Y118.292 E175.62345
G1 X98.191 Y117.928 E175.63132
G1 X98.367 Y117.623 E175.63835
G1 X98.719 Y117.158 E175.64998
G1 X99.33 Y116.694 E175.6653
G1 X99.856 Y116.476 E175.67666
G1 X100.097 Y116.395 E175.68173
G1 X100.781 Y116.303 E175.6955
G1 X101.355 Y116.38 E175.70706
G1 X101.615 Y116.44 E175.71239
G1 X102.256 Y116.711 E175.72627
G1 X102.843 Y117.157 E175.74099
G1 X103.284 Y117.738 E175.75554
G1 X103.561 Y118.389 E175.76966
G1 X103.622 Y118.658 E175.77517
G1 X103.691 Y119.211 E175.78629
G1 X103.598 Y119.949 E175.80113
G1 X103.327 Y120.619 E175.81555
G1 X103.185 Y120.829 E175.82061
G1 X102.835 Y121.277 E175.83196
G1 X102.393 Y121.621 E175.84314
G1 X102.072 Y121.808 E175.85055
G1 X101.708 Y121.96 E175.85842
G1 X101.418 Y122.046 E175.86446
G1 X100.953 Y122.106 E175.87381
G0 F15000 X100.78 Y121.725
G1 F5400 X100.272 Y121.661 E175.88403
G1 X100.014 Y121.593 E175.88936
G1 X99.502 Y121.376 E175.90045
G1 X98.986 Y120.963 E175.91364
G1 X98.69 Y120.577 E175.92335
G1 X98.561 Y120.354 E175.92849
G1 X98.409 Y119.99 E175.93636
G1 X98.34 Y119.737 E175.9416
G1 X98.288 Y119.35 E175.94939
G1 X98.288 Y119.081 E175.95476
G1 X98.361 Y118.562 E175.96522
G1 X98.561 Y118.082 E175.97559
G1 X98.686 Y117.864 E175.98061
G1 X99.006 Y117.441 E175.99119
G1 X99.533 Y117.043 E176.00437
G1 X100.144 Y116.794 E176.01754
G1 X100.784 Y116.707 E176.03043
G1 X101.42 Y116.792 E176.04323
G1 X102.051 Y117.057 E176.05689
G1 X102.558 Y117.443 E176.06961
G1 X102.94 Y117.946 E176.08221
G1 X103.212 Y118.59 E176.09616
G1 X103.284 Y119.246 E176.10933
G1 X103.207 Y119.852 E176.12152
G1 X102.954 Y120.475 E176.13494
G1 X102.576 Y120.96 E176.14721
G1 X102.147 Y121.305 E176.1582
G1 X101.918 Y121.439 E176.16349
G1 X101.431 Y121.642 E176.17402
G1 X100.78 Y121.725 E176.18712
G0 F15000 X100.78 Y121.321
G1 F5400 X100.24 Y121.254 E176.19798
G1 X99.715 Y121.034 E176.20934
G1 X99.295 Y120.701 E176.22003
G1 X98.962 Y120.277 E176.23079
G1 X98.748 Y119.763 E176.2419
G1 X98.674 Y119.215 E176.25294
G1 X98.748 Y118.671 E176.2639
G1 X98.96 Y118.164 E176.27486
G1 X99.293 Y117.733 E176.28573
G1 X99.735 Y117.398 E176.2968
G1 X100.218 Y117.194 E176.30726
G1 X100.778 Y117.11 E176.31856
G1 X101.322 Y117.183 E176.32952
G1 X101.845 Y117.403 E176.34084
G1 X102.272 Y117.728 E176.35155
G1 X102.594 Y118.152 E176.36217
G1 X102.818 Y118.681 E176.37364
G1 X102.885 Y119.214 E176.38436
G1 X102.819 Y119.75 E176.39513
G1 X102.601 Y120.268 E176.40635
G1 X102.266 Y120.7 E176.41726
G1 X101.84 Y121.038 E176.42811
G1 X101.327 Y121.252 E176.4392
G1 X100.78 Y121.321 E176.45021
G1 F2400 E175.65021
G1 F300 Z0.56
G0 F15000 X119.122 Y104.083
G1 F300 Z0.36
G1 F2400 E176.45021
G1 F5400 X118.608 Y104.019 E176.46054
G1 X118.263 Y103.94 E176.46761
G1 X117.662 Y103.693 E176.48057
G1 X117.38 Y103.514 E176.48724
G1 X116.998 Y103.223 E176.49682
G1 X116.777 Y103.002 E176.50306
G1 X116.484 Y102.618 E176.5127
G1 X116.327 Y102.371 E176.51854
G1 X116.072 Y101.783 E176.53133
G1 X115.983 Y101.408 E176.53902
G1 X115.913 Y100.884 E176.54957
G1 X115.923 Y100.612 E176.555
G1 X116.015 Y99.945 E176.56844
G1 X116.259 Y99.338 E176.58149
G1 X116.388 Y99.073 E176.58738
G1 X116.741 Y98.606 E176.59906
G1 X116.939 Y98.385 E176.60498
G1 X117.37 Y98.053 E176.61584
G1 X117.783 Y97.815 E176.62535
G1 X118.143 Y97.667 E176.63312
G1 X118.507 Y97.56 E176.64069
G1 X118.976 Y97.495 E176.65014
G1 X119.456 Y97.495 E176.65972
G1 X119.844 Y97.547 E176.66753
G1 X120.289 Y97.667 E176.67673
G1 X120.649 Y97.814 E176.68449
G1 X121.062 Y98.053 E176.69401
G1 X121.502 Y98.391 E176.70508
G1 X121.704 Y98.621 E176.71119
G1 X121.944 Y98.933 E176.71904
G1 X122.113 Y99.197 E176.7253
G1 X122.329 Y99.702 E176.73626
G1 X122.455 Y100.172 E176.74597
G1 X122.502 Y100.557 E176.75371
G1 X122.502 Y101.002 E176.76259
G1 X122.44 Y101.489 E176.77239
G1 X122.33 Y101.862 E176.78015
G1 X122.178 Y102.226 E176.78802
G1 X121.936 Y102.639 E176.79757
G1 X121.602 Y103.068 E176.80842
G1 X121.383 Y103.26 E176.81424
G1 X120.943 Y103.603 E176.82537
G1 X120.662 Y103.742 E176.83163
G1 X120.054 Y103.985 E176.84469
G1 X119.385 Y104.073 E176.85816
G1 X119.122 Y104.083 E176.86341
G0 F15000 X119.347 Y103.674
G1 F5400 X119.042 Y103.67 E176.8695
G1 X118.658 Y103.622 E176.87722
G1 X118.389 Y103.561 E176.88272
G1 X117.738 Y103.284 E176.89684
G1 X117.157 Y102.843 E176.9114
G1 X116.711 Y102.256 E176.92611
G1 X116.441 Y101.615 E176.93999
G1 X116.38 Y101.355 E176.94532
G1 X116.304 Y100.789 E176.95672
G1 X116.394 Y100.098 E176.97062
G1 X116.476 Y99.856 E176.97572
G1 X116.696 Y99.329 E176.98712
G1 X117.153 Y98.725 E177.00223
G1 X117.614 Y98.37 E177.01385
G1 X117.935 Y98.185 E177.02124
G1 X118.295 Y98.037 E177.02901
G1 X118.578 Y97.954 E177.03489
G1 X119.03 Y97.892 E177.044
G1 X119.403 Y97.892 E177.05144
G1 X119.791 Y97.943 E177.05925
G1 X120.137 Y98.037 E177.06641
G1 X120.497 Y98.184 E177.07417
G1 X120.818 Y98.37 E177.08157
G1 X121.275 Y98.721 E177.09307
G1 X121.725 Y99.305 E177.10778
G1 X121.96 Y99.856 E177.11974
G1 X122.058 Y100.222 E177.1273
G1 X122.106 Y100.606 E177.13502
G1 X122.106 Y100.953 E177.14194
G1 X122.047 Y101.418 E177.1513
G1 X121.961 Y101.708 E177.15733
G1 X121.808 Y102.072 E177.16521
G1 X121.621 Y102.393 E177.17263
G1 X121.276 Y102.837 E177.18385
G1 X120.676 Y103.304 E177.19902
G1 X119.953 Y103.596 E177.21458
G1 X119.347 Y103.674 E177.22678
G0 F15000 X119.214 Y103.288
G1 F5400 X118.583 Y103.21 E177.23946
G1 X117.95 Y102.941 E177.25319
G1 X117.438 Y102.554 E177.266
G1 X117.057 Y102.05 E177.27861
G1 X116.792 Y101.421 E177.29223
G1 X116.707 Y100.784 E177.30505
G1 X116.794 Y100.144 E177.31794
G1 X117.043 Y99.532 E177.33113
G1 X117.441 Y99.007 E177.34427
G1 X117.858 Y98.687 E177.35476
G1 X118.087 Y98.555 E177.36004
G1 X118.565 Y98.358 E177.37035
G1 X119.083 Y98.288 E177.38079
G1 X119.35 Y98.288 E177.38611
G1 X119.737 Y98.34 E177.39391
G1 X119.985 Y98.407 E177.39903
G1 X120.345 Y98.554 E177.40679
G1 X120.574 Y98.687 E177.41208
G1 X121.011 Y99.033 E177.4232
G1 X121.382 Y99.516 E177.43535
G1 X121.591 Y100.01 E177.44606
G1 X121.661 Y100.272 E177.45147
G1 X121.725 Y100.78 E177.46169
G1 X121.642 Y101.431 E177.47479
G1 X121.439 Y101.918 E177.48531
G1 X121.305 Y102.147 E177.49061
G1 X120.982 Y102.549 E177.5009
G1 X120.48 Y102.951 E177.51373
G1 X119.853 Y103.207 E177.52725
G1 X119.214 Y103.288 E177.5401
G0 F15000 X119.217 Y102.886
G1 F5400 X118.681 Y102.818 E177.55089
G1 X118.152 Y102.594 E177.56235
G1 X117.724 Y102.269 E177.57308
G1 X117.401 Y101.841 E177.58378
G1 X117.182 Y101.319 E177.59507
G1 X117.116 Y100.787 E177.60577
G1 X117.181 Y100.249 E177.61658
G1 X117.398 Y99.735 E177.62772
G1 X117.722 Y99.296 E177.63861
G1 X118.166 Y98.955 E177.64978
G1 X118.67 Y98.748 E177.66065
G1 X119.216 Y98.674 E177.67165
G1 X119.76 Y98.747 E177.6826
G1 X120.266 Y98.954 E177.69351
G1 X120.701 Y99.295 E177.70454
G1 X121.035 Y99.72 E177.71533
G1 X121.254 Y100.24 E177.72659
G1 X121.321 Y100.78 E177.73745
G1 X121.252 Y101.327 E177.74845
G1 X121.038 Y101.84 E177.75954
G1 X120.7 Y102.266 E177.77039
G1 X120.273 Y102.604 E177.78126
G1 X119.753 Y102.814 E177.79245
G1 X119.217 Y102.886 E177.80325
G0 F15000 X119.235 Y102.48
;TYPE:WALL-OUTER
G1 F5400 X118.778 Y102.428 E177.81243
G1 X118.385 Y102.261 E177.82095
G1 X118.002 Y101.973 E177.83051
G1 X117.735 Y101.61 E177.8395
G1 X117.578 Y101.232 E177.84767
G1 X117.516 Y100.761 E177.85715
G1 X117.576 Y100.336 E177.86572
G1 X117.746 Y99.933 E177.87444
G1 X118.014 Y99.578 E177.88332
G1 X118.368 Y99.304 E177.89225
G1 X118.801 Y99.133 E177.90155
G1 X119.216 Y99.077 E177.9099
G1 X119.631 Y99.133 E177.91826
G1 X120.041 Y99.294 E177.92705
G1 X120.418 Y99.578 E177.93647
G1 X120.694 Y99.939 E177.94554
G1 X120.864 Y100.343 E177.95428
G1 X120.915 Y100.755 E177.96257
G1 X120.865 Y101.204 E177.97158
G1 X120.701 Y101.61 E177.98032
G1 X120.418 Y101.982 E177.98965
G1 X120.068 Y102.254 E177.9985
G1 X119.663 Y102.424 E178.00726
G1 X119.235 Y102.48 E178.01588
G1 F2400 E177.21588
G1 F300 Z0.56
G0 F15000 X110 Y114.194
G1 F300 Z0.36
G1 F2400 E178.01588
G1 F5400 X108.896 Y114.053 E178.03809
G1 X107.908 Y113.643 E178.05943
G1 X107.018 Y112.957 E178.08186
G1 X106.366 Y112.103 E178.1033
G1 X105.944 Y111.102 E178.12498
G1 X105.8 Y110.015 E178.14686
G1 X105.943 Y108.896 E178.16937
G1 X106.367 Y107.891 E178.19114
G1 X107.043 Y107.018 E178.21317
G1 X107.891 Y106.367 E178.23451
G1 X108.896 Y105.943 E178.25628
G1 X109.985 Y105.8 E178.27819
G1 X111.085 Y105.936 E178.30031
G1 X112.103 Y106.366 E178.32237
G1 X112.982 Y107.043 E178.34451
G1 X113.643 Y107.908 E178.36623
G1 X114.053 Y108.896 E178.38758
G1 X114.196 Y109.985 E178.4095
G1 X114.052 Y111.102 E178.43197
G1 X113.634 Y112.103 E178.45362
G1 X112.957 Y112.982 E178.47576
G1 X112.103 Y113.634 E178.4972
G1 X111.102 Y114.052 E178.51885
G1 X110.015 Y114.196 E178.54073
G1 X110 Y114.194 E178.54104
G1 F2400 E177.74104
G1 F300 Z0.56
G0 F15000 X119.191 Y120.915
G1 F300 Z0.36
G1 F2400 E178.54104
G1 F5400 X118.796 Y120.865 E178.54898
G1 X118.39 Y120.701 E178.55772
G1 X118.014 Y120.418 E178.56711
G1 X117.746 Y120.068 E178.57591
G1 X117.576 Y119.663 E178.58467
G1 X117.516 Y119.235 E178.5933
G1 X117.578 Y118.768 E178.6027
G1 X117.742 Y118.37 E178.61129
G1 X118.027 Y118.002 E178.62058
G1 X118.37 Y117.742 E178.62917
G1 X118.768 Y117.578 E178.63776
G1 X119.235 Y117.516 E178.64716
G1 X119.663 Y117.576 E178.65578
G1 X120.068 Y117.746 E178.66455
G1 X120.418 Y118.014 E178.67335
G1 X120.701 Y118.39 E178.68274
G1 X120.864 Y118.779 E178.69115
G1 X120.915 Y119.191 E178.69944
G1 X120.864 Y119.655 E178.70875
G1 X120.701 Y120.046 E178.71721
G1 X120.418 Y120.418 E178.72654
G1 X120.061 Y120.694 E178.73554
G1 X119.656 Y120.864 E178.74431
G1 X119.191 Y120.915 E178.75364
G1 F2400 E177.95364
G1 F300 Z0.56
G0 F15000 X110 Y129.794
G1 F300 Z0.36
G1 F2400 E178.75364
G1 F5400 X115.127 Y129.121 E178.85683
G1 X119.895 Y127.145 E178.95983
G1 X123.997 Y123.997 E179.06302
G1 X127.145 Y119.895 E179.16621
G1 X129.117 Y115.127 E179.26917
G1 X129.794 Y110 E179.37238
G1 X129.117 Y104.869 E179.47566
G1 X127.145 Y100.101 E179.57863
G1 X123.997 Y95.999 E179.68181
G1 X119.895 Y92.851 E179.785
G1 X115.127 Y90.879 E179.88797
G1 X110 Y90.202 E179.99117
G1 X104.869 Y90.879 E180.09445
G1 X100.101 Y92.851 E180.19742
G1 X95.999 Y95.999 E180.30061
G1 X92.851 Y100.101 E180.4038
G1 X90.875 Y104.869 E180.50679
G1 X90.202 Y110 E180.61007
G1 X90.875 Y115.127 E180.71326
G1 X92.851 Y119.895 E180.81626
G1 X95.999 Y123.997 E180.91944
G1 X100.101 Y127.145 E181.02263
G1 X104.869 Y129.121 E181.12563
G1 X110 Y129.794 E181.2289
G1 F2400 E180.4289
G1 F300 Z0.56
G0 F15000 X100.755 Y120.915
G1 F300 Z0.36
G1 F2400 E181.2289
G1 F5400 X100.345 Y120.864 E181.23715
G1 X99.935 Y120.694 E181.246
G1 X99.578 Y120.418 E181.25501
G1 X99.299 Y120.046 E181.26429
G1 X99.133 Y119.631 E181.27321
G1 X99.077 Y119.216 E181.28156
G1 X99.135 Y118.796 E181.29003
G1 X99.299 Y118.39 E181.29876
G1 X99.577 Y118.015 E181.30808
G1 X99.954 Y117.735 E181.31745
G1 X100.336 Y117.576 E181.32571
G1 X100.761 Y117.516 E181.33427
G1 X101.232 Y117.578 E181.34375
G1 X101.626 Y117.743 E181.35228
G1 X101.998 Y118.027 E181.36162
G1 X102.261 Y118.385 E181.37048
G1 X102.422 Y118.768 E181.37877
G1 X102.48 Y119.235 E181.38817
G1 X102.424 Y119.663 E181.39678
G1 X102.254 Y120.068 E181.40554
G1 X101.982 Y120.418 E181.41439
G1 X101.61 Y120.701 E181.42372
G1 X101.219 Y120.864 E181.43217
G1 X100.755 Y120.915 E181.44149
G1 F2400 E180.64149
G1 F300 Z0.56
G0 F15000 X100.761 Y102.48
G1 F300 Z0.36
G1 F2400 E181.44149
G1 F5400 X100.336 Y102.424 E181.45004
G1 X99.932 Y102.254 E181.45879
G1 X99.578 Y101.982 E181.4677
G1 X99.299 Y101.61 E181.47698
G1 X99.133 Y101.195 E181.4859
G1 X99.077 Y100.78 E181.49425
G1 X99.137 Y100.343 E181.50306
G1 X99.306 Y99.939 E181.5118
G1 X99.578 Y99.578 E181.52082
G1 X99.932 Y99.304 E181.52975
G1 X100.365 Y99.133 E181.53904
G1 X100.78 Y99.077 E181.5474
G1 X101.204 Y99.135 E181.55594
G1 X101.629 Y99.304 E181.56506
G1 X101.982 Y99.578 E181.57398
G1 X102.254 Y99.932 E181.58289
G1 X102.424 Y100.336 E181.59164
G1 X102.48 Y100.761 E181.60019
G1 X102.422 Y101.232 E181.60966
G1 X102.253 Y101.626 E181.61822
G1 X101.973 Y101.998 E181.62751
G1 X101.626 Y102.253 E181.6361
G1 X101.232 Y102.422 E181.64466
G1 X100.761 Y102.48 E181.65413
G1 F2400 E180.85413
G1 F300 Z0.56
G0 F15000 X119.096 Y104.439
;TYPE:SKIN
G1 F300 Z0.36
G1 F2400 E181.65413
G1 F5400 X119.406 Y104.432 E181.66032
G1 X120.152 Y104.333 E181.67533
G1 X120.791 Y104.078 E181.68906
G1 X121.113 Y103.92 E181.69622
G1 X121.754 Y103.421 E181.71243
G1 X121.966 Y103.181 E181.71882
G1 X122.222 Y102.856 E181.72708
G1 X122.501 Y102.381 E181.73807
G1 X122.661 Y101.997 E181.74637
G1 X122.793 Y101.552 E181.75564
G1 X122.859 Y101.046 E181.76582
G1 X122.861 Y100.536 E181.776
G1 X122.811 Y100.127 E181.78422
G1 X122.666 Y99.587 E181.79538
G1 X122.434 Y99.03 E181.80742
G1 X122.223 Y98.705 E181.81515
G1 X121.883 Y98.265 E181.82625
G1 X121.605 Y98.014 E181.83372
G1 X121.286 Y97.769 E181.84175
G1 X120.797 Y97.486 E181.85303
G1 X120.428 Y97.334 E181.86099
G1 X119.908 Y97.194 E181.87174
G1 X119.504 Y97.137 E181.87988
G1 X118.929 Y97.137 E181.89135
G1 X118.449 Y97.201 E181.90102
G1 X118 Y97.334 E181.91036
G1 X117.648 Y97.478 E181.91795
G1 X117.145 Y97.765 E181.92951
G1 X116.825 Y98.013 E181.93759
G1 X116.544 Y98.266 E181.94513
G1 X116.2 Y98.718 E181.95647
G1 X115.987 Y99.046 E181.96427
G1 X115.723 Y99.678 E181.97794
G1 X115.649 Y99.968 E181.98392
G1 X115.56 Y100.584 E181.99634
G1 X115.553 Y100.908 E182.0028
G1 X115.621 Y101.446 E182.01363
G1 X115.713 Y101.839 E182.02168
G1 X115.97 Y102.476 E182.03539
G1 X116.183 Y102.816 E182.04339
G1 X116.501 Y103.231 E182.05383
G1 X116.769 Y103.499 E182.06139
G1 X117.153 Y103.795 E182.07107
G1 X117.499 Y104.016 E182.07926
G1 X118.164 Y104.288 E182.0936
G1 X118.54 Y104.372 E182.10129
G1 X119.096 Y104.439 E182.11246
G1 F2400 E181.31246
G1 F300 Z0.56
G0 F15000 X98.417 Y122.911
G1 F300 Z0.36
G1 F2400 E182.11246
G1 F6119 X97.665 Y122.323 E182.12927
G1 F6101.7 X97.079 Y121.575 E182.14606
G1 F6206.9 X97.385 Y121.398 E182.15219
G1 F6242.8 X97.689 Y121.8 E182.16089
G1 F6206.9 X98.002 Y122.15 E182.16905
G1 F6189.1 X98.593 Y122.61 E182.18209
G1 F6224.8 X98.417 Y122.911 E182.18812
G1 F2400 E181.38812
G1 F300 Z0.56
G0 F15000 X101.05 Y122.859
G1 F300 Z0.36
G1 F2400 E182.18812
G1 F5400 X101.546 Y122.795 E182.1981
G1 X101.998 Y122.661 E182.20751
G1 X102.358 Y122.509 E182.21531
G1 X102.837 Y122.234 E182.22633
G1 X103.167 Y121.978 E182.23467
G1 X103.447 Y121.727 E182.24217
G1 X103.791 Y121.283 E182.25338
G1 X103.942 Y121.061 E182.25874
G1 X104.068 Y120.809 E182.26436
G1 X104.331 Y120.158 E182.27837
G1 X104.431 Y119.427 E182.29309
G1 X104.44 Y119.114 E182.29934
G1 X104.375 Y118.56 E182.31047
G1 X104.269 Y118.1 E182.31989
G1 X103.992 Y117.464 E182.33374
G1 X103.809 Y117.172 E182.34062
G1 X103.494 Y116.759 E182.35098
G1 X103.249 Y116.517 E182.35785
G1 X102.83 Y116.193 E182.36842
G1 X102.508 Y115.987 E182.37605
G1 X101.868 Y115.722 E182.38987
G1 X101.451 Y115.625 E182.39842
G1 X100.919 Y115.553 E182.40913
G1 X100.59 Y115.56 E182.4157
G1 X99.973 Y115.648 E182.42814
G1 X99.67 Y115.727 E182.43439
G1 X99.05 Y115.987 E182.4478
G1 X98.722 Y116.196 E182.45556
G1 X98.27 Y116.54 E182.4669
G1 X97.993 Y116.852 E182.47522
G1 X97.76 Y117.159 E182.48292
G1 X97.487 Y117.638 E182.49392
G1 X97.335 Y117.998 E182.50172
G1 X97.212 Y118.415 E182.51039
G1 X97.138 Y118.923 E182.52064
G1 X97.137 Y119.503 E182.53221
G1 X97.189 Y119.891 E182.54002
G1 X97.326 Y120.405 E182.55064
G1 X97.487 Y120.797 E182.5591
G1 X97.754 Y121.264 E182.56983
G1 X97.993 Y121.578 E182.57771
G1 X98.256 Y121.874 E182.58561
G1 X98.727 Y122.241 E182.59752
G1 X99.007 Y122.421 E182.60417
G1 X99.589 Y122.67 E182.6168
G1 X100.109 Y122.806 E182.62753
G1 X100.506 Y122.859 E182.63552
G1 X101.05 Y122.859 E182.64638
G1 F2400 E181.84638
G1 F300 Z0.56
G0 F15000 X109.999 Y127.814
G1 F300 Z0.36
G1 F2400 E182.64638
G1 F5400 X105.373 Y127.209 E182.73948
G1 X101.089 Y125.433 E182.83203
G1 X97.395 Y122.597 E182.92496
G1 X94.559 Y118.903 E183.0179
G1 X92.783 Y114.619 E183.11045
G1 X92.178 Y110.001 E183.20339
G1 X92.787 Y105.373 E183.29654
G1 X94.559 Y101.089 E183.38906
G1 X97.395 Y97.395 E183.482
G1 X101.089 Y94.559 E183.57494
G1 X105.373 Y92.791 E183.66742
G1 X109.999 Y92.178 E183.76055
G1 X114.619 Y92.791 E183.85355
G1 X118.903 Y94.559 E183.94604
G1 X122.597 Y97.395 E184.03898
G1 X125.433 Y101.089 E184.13191
G1 X127.205 Y105.373 E184.22443
G1 X127.814 Y109.999 E184.31754
G1 X127.201 Y114.619 E184.41055
G1 X125.433 Y118.903 E184.50303
G1 X122.597 Y122.597 E184.59597
G1 X118.903 Y125.433 E184.68891
G1 X114.619 Y127.209 E184.78146
G1 X109.999 Y127.814 E184.87444
G1 F2400 E184.07444
G1 F300 Z0.56
G0 F15000 X121.563 Y122.916
G1 F300 Z0.36
G1 F2400 E184.87444
G1 F6260.9 X121.388 Y122.616 E184.88042
G1 X121.829 Y122.277 E184.88999
G1 F6242.8 X122.131 Y122.017 E184.89687
G1 F6206.9 X122.622 Y121.372 E184.91094
G1 F6224.8 X122.926 Y121.551 E184.91705
G1 F6136.4 X122.325 Y122.325 E184.93426
G1 F6171.4 X121.563 Y122.916 E184.9511
G1 F2400 E184.1511
G1 F300 Z0.56
G0 F15000 X118.942 Y122.859
G1 F300 Z0.36
G1 F2400 E184.9511
G1 F5400 X119.477 Y122.859 E184.96178
G1 X119.869 Y122.811 E184.96966
G1 X120.408 Y122.67 E184.98078
G1 X120.959 Y122.436 E184.99272
G1 X121.287 Y122.227 E185.00048
G1 X121.607 Y121.979 E185.00856
G1 X121.879 Y121.734 E185.01587
G1 X122.227 Y121.282 E185.02725
G1 X122.501 Y120.818 E185.03801
G1 X122.661 Y120.437 E185.04625
G1 X122.806 Y119.895 E185.05745
G1 X122.86 Y119.452 E185.06635
G1 X122.859 Y118.942 E185.07653
G1 X122.795 Y118.45 E185.08643
G1 X122.668 Y118.014 E185.0955
G1 X122.501 Y117.614 E185.10415
G1 X122.237 Y117.166 E185.11452
G1 X121.992 Y116.839 E185.12268
G1 X121.759 Y116.572 E185.12975
G1 X121.29 Y116.209 E185.14158
G1 X120.95 Y115.987 E185.14969
G1 X120.446 Y115.775 E185.1606
G1 X120.058 Y115.648 E185.16875
G1 X119.426 Y115.565 E185.18147
G1 X119.117 Y115.552 E185.18764
G1 X118.545 Y115.625 E185.19915
G1 X118.133 Y115.722 E185.20759
G1 X117.525 Y115.966 E185.22067
G1 X117.16 Y116.195 E185.22927
G1 X116.746 Y116.514 E185.2397
G1 X116.502 Y116.759 E185.2466
G1 X116.205 Y117.146 E185.25633
G1 X115.967 Y117.522 E185.26521
G1 X115.722 Y118.133 E185.27835
G1 X115.625 Y118.541 E185.28672
G1 X115.553 Y119.077 E185.29751
G1 X115.564 Y119.409 E185.30414
G1 X115.648 Y120.062 E185.31728
G1 X115.771 Y120.438 E185.32517
G1 X115.987 Y120.95 E185.33626
G1 X116.197 Y121.271 E185.34392
G1 X116.545 Y121.726 E185.35535
G1 X116.823 Y121.978 E185.36284
G1 X117.163 Y122.238 E185.37138
G1 X117.619 Y122.502 E185.38189
G1 X118.018 Y122.668 E185.39052
G1 X118.44 Y122.793 E185.3993
G1 X118.942 Y122.859 E185.4094
G1 F2400 E184.6094
G1 F300 Z0.56
G0 F15000 X110 Y116.145
G1 F300 Z0.36
G1 F2400 E185.4094
G1 F5400 X110.153 Y116.148 E185.41246
G1 X111.469 Y115.984 E185.43892
G1 X111.798 Y115.885 E185.44578
G1 X113.116 Y115.325 E185.47436
G1 X114.221 Y114.478 E185.50214
G1 X114.466 Y114.234 E185.50904
G1 X115.349 Y113.074 E185.53814
G1 X115.889 Y111.79 E185.56593
G1 X115.984 Y111.461 E185.57277
G1 X116.156 Y110.123 E185.59969
G1 X116.148 Y109.836 E185.60542
G1 X115.987 Y108.551 E185.63126
G1 X115.901 Y108.244 E185.63762
G1 X115.421 Y107.079 E185.66277
G1 X115.247 Y106.777 E185.66972
G1 X114.478 Y105.775 E185.69493
G1 X114.215 Y105.517 E185.70228
G1 X113.083 Y104.655 E185.73068
G1 X111.791 Y104.107 E185.75868
G1 X111.448 Y104.006 E185.76582
G1 X110.151 Y103.844 E185.7919
G1 X109.729 Y103.852 E185.80033
G1 X108.55 Y104.005 E185.82405
G1 X108.25 Y104.092 E185.83028
G1 X107.071 Y104.579 E185.85574
G1 X106.773 Y104.749 E185.86259
G1 X105.781 Y105.513 E185.88757
G1 X105.518 Y105.775 E185.89498
G1 X104.757 Y106.761 E185.91984
G1 X104.585 Y107.062 E185.92676
G1 X104.092 Y108.246 E185.95235
G1 X104.009 Y108.53 E185.95826
G1 X103.853 Y109.718 E185.98217
G1 X103.844 Y110.159 E185.99097
G1 X104.009 Y111.468 E186.0173
G1 X104.1 Y111.767 E186.02354
G1 X104.675 Y113.124 E186.05295
G1 X105.516 Y114.214 E186.08042
G1 X105.775 Y114.478 E186.0878
G1 X106.769 Y115.242 E186.11282
G1 X107.071 Y115.416 E186.11978
G1 X108.242 Y115.9 E186.14506
G1 X108.541 Y115.986 E186.15127
G1 X109.718 Y116.139 E186.17496
G1 X110 Y116.145 E186.18059
G1 F2400 E185.38059
G1 F300 Z0.56
G0 F15000 X100.874 Y104.44
G1 F300 Z0.36
G1 F2400 E186.18059
G1 F5400 X101.428 Y104.375 E186.19172
G1 X101.904 Y104.265 E186.20147
G1 X102.559 Y103.974 E186.21577
G1 X102.807 Y103.818 E186.22162
G1 X103.229 Y103.5 E186.23216
G1 X103.503 Y103.227 E186.23988
G1 X103.813 Y102.812 E186.25022
G1 X104.015 Y102.494 E186.25774
G1 X104.274 Y101.869 E186.27124
G1 X104.375 Y101.432 E186.28019
G1 X104.44 Y100.875 E186.29138
G1 X104.431 Y100.56 E186.29767
G1 X104.349 Y99.978 E186.3094
G1 X104.278 Y99.698 E186.31516
G1 X103.992 Y99.014 E186.32996
G1 X103.8 Y98.722 E186.33693
G1 X103.451 Y98.269 E186.34834
G1 X103.169 Y98.014 E186.35593
G1 X102.846 Y97.765 E186.36407
G1 X102.372 Y97.49 E186.375
G1 X101.992 Y97.334 E186.3832
G1 X101.574 Y97.208 E186.39191
G1 X101.067 Y97.137 E186.40213
G1 X100.489 Y97.137 E186.41366
G1 X100.105 Y97.189 E186.4214
G1 X99.588 Y97.326 E186.43207
G1 X99.212 Y97.478 E186.44016
G1 X98.732 Y97.75 E186.45117
G1 X98.401 Y98.006 E186.45952
G1 X98.127 Y98.245 E186.46678
G1 X97.76 Y98.723 E186.47881
G1 X97.57 Y99.027 E186.48596
G1 X97.33 Y99.583 E186.49805
G1 X97.189 Y100.112 E186.50897
G1 X97.137 Y100.488 E186.51655
G1 X97.136 Y101.036 E186.52748
G1 X97.205 Y101.56 E186.53803
G1 X97.335 Y101.998 E186.54715
G1 X97.487 Y102.358 E186.55495
G1 X97.754 Y102.828 E186.56573
G1 X98.006 Y103.155 E186.57397
G1 X98.223 Y103.41 E186.58065
G1 X98.72 Y103.795 E186.5932
G1 X99.012 Y103.991 E186.60022
G1 X99.674 Y104.273 E186.61458
G1 X99.968 Y104.347 E186.62063
G1 X100.564 Y104.431 E186.63264
G1 X100.874 Y104.44 E186.63883
G1 F2400 E185.83883
G1 F300 Z0.56
G0 F15000 X98.607 Y122.932
G1 F300 Z0.36
G1 F2400 E186.63883
G1 F5400 X100.085 Y124.41 E186.68054
G0 F15000 X100.423 Y123.05
G1 F5400 X103.651 Y126.278 E186.77164
G0 F15000 X104.616 Y126.678
G1 F5400 X100.995 Y123.057 E186.87383
G0 F15000 X101.506 Y123.002
G1 F5400 X105.53 Y127.026 E186.9874
G0 F15000 X106.181 Y127.112
G1 F5400 X101.953 Y122.884 E187.10672
G0 F15000 X102.359 Y122.723
G1 F5400 X106.832 Y127.196 E187.23296
G0 F15000 X107.483 Y127.282
G1 F5400 X102.729 Y122.528 E187.36713
G0 F15000 X103.071 Y122.304
G1 F5400 X108.134 Y127.367 E187.51002
G0 F15000 X108.785 Y127.452
G1 F5400 X103.385 Y122.052 E187.66242
G0 F15000 X103.667 Y121.769
G1 F5400 X109.435 Y127.537 E187.8252
G0 F15000 X110.066 Y127.602
G1 F5400 X103.914 Y121.45 E187.99883
G0 F15000 X104.142 Y121.113
G1 F5400 X110.566 Y127.537 E188.18012
G0 F15000 X111.067 Y127.472
G1 F5400 X104.318 Y120.723 E188.3706
G0 F15000 X104.48 Y120.319
G1 F5400 X111.567 Y127.406 E188.57061
G0 F15000 X112.067 Y127.34
G1 F5400 X104.575 Y119.848 E188.78205
G0 F15000 X104.631 Y119.339
G1 F5400 X112.567 Y127.275 E189.00602
G0 F15000 X113.067 Y127.209
G1 F5400 X104.598 Y118.74 E189.24503
G0 F15000 X104.457 Y118.033
G1 F5400 X113.567 Y127.143 E189.50213
G0 F15000 X114.067 Y127.078
G1 F5400 X103.736 Y116.747 E189.7937
G0 F15000 X103.276 Y116.287
G1 F5400 X92.915 Y105.926 E190.08611
G0 F15000 X92.849 Y106.426
G1 F5400 X101.979 Y115.555 E190.34376
G0 F15000 X101.255 Y115.397
G1 F5400 X92.784 Y106.926 E190.58283
G0 F15000 X92.718 Y107.426
G1 F5400 X100.65 Y115.358 E190.80669
G0 F15000 X100.148 Y115.421
G1 F5400 X92.652 Y107.926 E191.01823
G0 F15000 X92.586 Y108.426
G1 F5400 X99.678 Y115.517 E191.21837
G0 F15000 X99.273 Y115.678
G1 F5400 X92.521 Y108.926 E191.40892
G0 F15000 X92.455 Y109.425
G1 F5400 X98.887 Y115.857 E191.59045
G0 F15000 X98.544 Y116.08
G1 F5400 X92.389 Y109.925 E191.76416
G0 F15000 X92.452 Y110.554
G1 F5400 X98.223 Y116.325 E191.92703
G0 F15000 X97.941 Y116.608
G1 F5400 X92.537 Y111.205 E192.07952
G0 F15000 X92.623 Y111.856
G1 F5400 X97.688 Y116.922 E192.22248
G0 F15000 X97.469 Y117.268
G1 F5400 X92.707 Y112.506 E192.35688
G0 F15000 X92.793 Y113.158
G1 F5400 X97.273 Y117.638 E192.48331
G0 F15000 X97.115 Y118.045
G1 F5400 X92.878 Y113.808 E192.60289
G0 F15000 X92.963 Y114.459
G1 F5400 X96.997 Y118.493 E192.71674
G0 F15000 X96.939 Y119.001
G1 F5400 X93.312 Y115.374 E192.8191
G0 F15000 X93.713 Y116.34
G1 F5400 X96.945 Y119.572 E192.91031
G0 F15000 X97.086 Y120.279
G1 F5400 X94.114 Y117.307 E192.99419
G0 F15000 X94.515 Y118.274
G1 F5400 X97.419 Y121.178 E193.07615
G0 F15000 X97.06 Y121.385
G1 F5400 X95.582 Y119.906 E193.11787
G1 F2400 E192.31787
G1 F300 Z0.56
G0 F15000 X98.815 Y122.574
G1 F300 Z0.36
G1 F2400 E193.11787
G1 F5400 X101.718 Y125.477 E193.1998
G0 F15000 X102.684 Y125.877
G1 F5400 X99.717 Y122.91 E193.28354
G1 F2400 E192.48354
G1 F300 Z0.56
G0 F15000 X107.2 Y115.685
G1 F300 Z0.36
G1 F2400 E193.28354
G1 F5400 X117.367 Y125.852 E193.57047
G0 F15000 X117.767 Y125.687
G1 F5400 X108.163 Y116.083 E193.84152
G0 F15000 X108.875 Y116.229
G1 F5400 X118.167 Y125.521 E194.10376
G0 F15000 X118.567 Y125.355
G1 F5400 X109.526 Y116.314 E194.35891
G0 F15000 X110.125 Y116.347
G1 F5400 X118.933 Y125.156 E194.60751
G0 F15000 X119.254 Y124.91
G1 F5400 X110.633 Y116.29 E194.8508
G0 F15000 X111.136 Y116.227
G1 F5400 X115.706 Y120.797 E194.97977
G0 F15000 X115.434 Y119.959
G1 F5400 X111.622 Y116.147 E195.08736
G0 F15000 X112.039 Y115.999
G1 F5400 X115.362 Y119.321 E195.18112
G0 F15000 X115.391 Y118.785
G1 F5400 X112.438 Y115.832 E195.26447
G0 F15000 X112.837 Y115.666
G1 F5400 X115.477 Y118.305 E195.33896
G0 F15000 X115.612 Y117.875
G1 F5400 X113.229 Y115.492 E195.40621
G0 F15000 X113.549 Y115.246
G1 F5400 X115.777 Y117.474 E195.46909
G0 F15000 X115.986 Y117.117
G1 F5400 X113.869 Y115 E195.52884
G0 F15000 X114.189 Y114.755
G1 F5400 X116.226 Y116.791 E195.58631
G0 F15000 X116.49 Y116.49
G1 F5400 X114.49 Y114.49 E195.64275
G0 F15000 X114.754 Y114.189
G1 F5400 X116.791 Y116.226 E195.70024
G0 F15000 X117.117 Y115.985
G1 F5400 X115 Y113.868 E195.75999
G0 F15000 X115.246 Y113.549
G1 F5400 X117.47 Y115.772 E195.82274
G0 F15000 X117.873 Y115.611
G1 F5400 X115.491 Y113.228 E195.88998
G0 F15000 X115.665 Y112.837
G1 F5400 X118.305 Y115.477 E195.96449
G0 F15000 X118.785 Y115.391
G1 F5400 X115.832 Y112.438 E196.04783
G0 F15000 X115.999 Y112.039
G1 F5400 X119.321 Y115.361 E196.14158
G0 F15000 X119.959 Y115.433
G1 F5400 X116.146 Y111.62 E196.24919
G0 F15000 X116.226 Y111.135
G1 F5400 X120.796 Y115.705 E196.37817
G1 F2400 E195.57817
G1 F300 Z0.56
G0 F15000 X122.729 Y117.638
G1 F300 Z0.36
G1 F2400 E196.37817
G1 F5400 X124.665 Y119.574 E196.43281
G0 F15000 X124.42 Y119.894
G1 F5400 X122.998 Y118.473 E196.47292
G0 F15000 X123.057 Y119.097
G1 F5400 X124.174 Y120.214 E196.50445
G0 F15000 X123.928 Y120.534
G1 F5400 X123.039 Y119.645 E196.52954
G0 F15000 X122.949 Y120.12
G1 F5400 X123.682 Y120.854 E196.55024
G0 F15000 X123.437 Y121.174
G1 F5400 X122.824 Y120.562 E196.56752
G0 F15000 X122.655 Y120.958
G1 F5400 X123.191 Y121.494 E196.58265
G1 F2400 E195.78265
G1 F300 Z0.56
G0 F15000 X121.493 Y123.19
G1 F300 Z0.36
G1 F2400 E196.58265
G1 F5400 X120.957 Y122.654 E196.59778
G0 F15000 X120.559 Y122.822
G1 F5400 X121.173 Y123.436 E196.61511
G0 F15000 X120.853 Y123.681
G1 F5400 X120.123 Y122.951 E196.63571
G0 F15000 X119.645 Y123.039
G1 F5400 X120.533 Y123.928 E196.66078
G0 F15000 X120.213 Y124.173
G1 F5400 X119.099 Y123.059 E196.69222
G0 F15000 X118.474 Y122.999
G1 F5400 X119.893 Y124.419 E196.73229
G0 F15000 X119.573 Y124.664
G1 F5400 X117.631 Y122.722 E196.78709
G1 F2400 E195.98709
G1 F300 Z0.56
G0 F15000 X116.967 Y126.018
G1 F300 Z0.36
G1 F2400 E196.78709
G1 F5400 X93.974 Y103.025 E197.43601
G0 F15000 X93.808 Y103.425
G1 F5400 X116.567 Y126.184 E198.07831
G0 F15000 X116.167 Y126.349
G1 F5400 X93.643 Y103.825 E198.71399
G0 F15000 X93.477 Y104.225
G1 F5400 X115.768 Y126.516 E199.34309
G0 F15000 X115.367 Y126.681
G1 F5400 X93.312 Y104.626 E199.96553
G0 F15000 X93.146 Y105.026
G1 F5400 X114.968 Y126.847 E200.58138
G0 F15000 X114.568 Y127.013
G1 F5400 X92.981 Y105.426 E201.19061
G1 F2400 E200.39061
G1 F300 Z0.56
G0 F15000 X94.14 Y102.625
G1 F300 Z0.36
G1 F2400 E201.19061
G1 F5400 X104.319 Y112.805 E201.4779
G0 F15000 X103.913 Y111.832
G1 F5400 X94.305 Y102.225 E201.74904
G0 F15000 X94.471 Y101.825
G1 F5400 X103.762 Y111.116 E202.01125
G0 F15000 X103.682 Y110.47
G1 F5400 X94.636 Y101.425 E202.26654
G0 F15000 X94.835 Y101.058
G1 F5400 X103.65 Y109.872 E202.5153
G0 F15000 X103.7 Y109.357
G1 F5400 X95.08 Y100.737 E202.75858
G0 F15000 X95.326 Y100.418
G1 F5400 X97.273 Y102.364 E202.81351
G0 F15000 X96.999 Y101.525
G1 F5400 X95.572 Y100.097 E202.8538
G0 F15000 X95.818 Y99.778
G1 F5400 X96.937 Y100.897 E202.88538
G0 F15000 X96.955 Y100.349
G1 F5400 X96.063 Y99.457 E202.91055
G0 F15000 X96.309 Y99.138
G1 F5400 X97.046 Y99.875 E202.93135
G0 F15000 X97.176 Y99.439
G1 F5400 X96.555 Y98.817 E202.94889
G0 F15000 X96.801 Y98.498
G1 F5400 X97.345 Y99.042 E202.96425
G0 F15000 X97.551 Y98.682
G1 F5400 X97.046 Y98.178 E202.97848
G0 F15000 X97.292 Y97.858
G1 F5400 X97.789 Y98.354 E202.9925
G0 F15000 X98.048 Y98.048
G1 F5400 X97.538 Y97.538 E203.00689
G0 F15000 X97.859 Y97.293
G1 F5400 X98.354 Y97.789 E203.02087
G0 F15000 X98.68 Y97.549
G1 F5400 X98.178 Y97.047 E203.03504
G0 F15000 X98.499 Y96.802
G1 F5400 X99.042 Y97.345 E203.05037
G0 F15000 X99.435 Y97.173
G1 F5400 X98.818 Y96.555 E203.06779
G0 F15000 X99.138 Y96.31
G1 F5400 X99.872 Y97.043 E203.08849
G0 F15000 X100.349 Y96.955
G1 F5400 X99.458 Y96.064 E203.11364
G0 F15000 X99.778 Y95.819
G1 F5400 X100.898 Y96.939 E203.14525
G0 F15000 X101.526 Y97
G1 F5400 X100.098 Y95.573 E203.18554
G0 F15000 X100.418 Y95.327
G1 F5400 X102.361 Y97.27 E203.24037
G1 F2400 E202.44037
G1 F300 Z0.56
G0 F15000 X100.738 Y95.081
G1 F300 Z0.36
G1 F2400 E203.24037
G1 F5400 X109.355 Y103.699 E203.48358
G0 F15000 X108.856 Y103.764
G1 F5400 X104.289 Y99.198 E203.61245
G0 F15000 X104.558 Y100.032
G1 F5400 X108.372 Y103.846 E203.72009
G0 F15000 X107.956 Y103.996
G1 F5400 X104.632 Y100.672 E203.8139
G0 F15000 X104.603 Y101.209
G1 F5400 X107.556 Y104.162 E203.89724
G0 F15000 X107.156 Y104.327
G1 F5400 X104.519 Y101.69 E203.97166
G0 F15000 X104.385 Y102.122
G1 F5400 X106.777 Y104.515 E204.03919
G0 F15000 X106.446 Y104.749
G1 F5400 X104.219 Y102.522 E204.10204
G0 F15000 X104.008 Y102.877
G1 F5400 X106.127 Y104.995 E204.16183
G0 F15000 X105.807 Y105.241
G1 F5400 X103.769 Y103.204 E204.21933
G0 F15000 X103.506 Y103.506
G1 F5400 X105.505 Y105.505 E204.27574
G0 F15000 X105.241 Y105.807
G1 F5400 X103.204 Y103.77 E204.33323
G0 F15000 X102.878 Y104.009
G1 F5400 X104.995 Y106.126 E204.39298
G0 F15000 X104.749 Y106.446
G1 F5400 X102.514 Y104.211 E204.45606
G0 F15000 X102.123 Y104.386
G1 F5400 X104.518 Y106.781 E204.52365
G0 F15000 X104.329 Y107.157
G1 F5400 X101.69 Y104.519 E204.59811
G0 F15000 X101.209 Y104.603
G1 F5400 X104.162 Y107.557 E204.68147
G0 F15000 X103.997 Y107.957
G1 F5400 X100.673 Y104.633 E204.77528
G0 F15000 X100.034 Y104.559
G1 F5400 X103.847 Y108.373 E204.8829
G0 F15000 X103.766 Y108.857
G1 F5400 X99.197 Y104.288 E205.01185
G1 F2400 E204.21185
G1 F300 Z0.56
G0 F15000 X101.058 Y94.836
G1 F300 Z0.36
G1 F2400 E205.01185
G1 F5400 X109.872 Y103.649 E205.26059
G0 F15000 X110.471 Y103.682
G1 F5400 X101.425 Y94.637 E205.51587
G0 F15000 X101.825 Y94.472
G1 F5400 X111.117 Y103.763 E205.77809
G0 F15000 X111.831 Y103.911
G1 F5400 X102.226 Y94.307 E206.04915
G0 F15000 X102.627 Y94.141
G1 F5400 X112.806 Y104.321 E206.33644
G1 F2400 E205.53644
G1 F300 Z0.56
G0 F15000 X115.556 Y101.98
G1 F300 Z0.36
G1 F2400 E206.33644
G1 F5400 X106.429 Y92.853 E206.59403
G0 F15000 X105.93 Y92.919
G1 F5400 X116.289 Y103.279 E206.88639
G0 F15000 X116.733 Y103.723
G1 F5400 X127.073 Y114.063 E207.17821
G0 F15000 X127.007 Y114.562
G1 F5400 X105.431 Y92.986 E207.78713
G0 F15000 X105.029 Y93.15
G1 F5400 X126.843 Y114.964 E208.40277
G0 F15000 X126.677 Y115.364
G1 F5400 X104.629 Y93.315 E209.02503
G0 F15000 X104.228 Y93.48
G1 F5400 X126.512 Y115.764 E209.65393
G0 F15000 X126.347 Y116.165
G1 F5400 X103.828 Y93.646 E210.28946
G0 F15000 X103.428 Y93.811
G1 F5400 X126.182 Y116.565 E210.93163
G0 F15000 X126.016 Y116.965
G1 F5400 X103.027 Y93.976 E211.58043
G1 F2400 E210.78043
G1 F300 Z0.56
G0 F15000 X106.929 Y92.787
G1 F300 Z0.36
G1 F2400 E211.58043
G1 F5400 X115.396 Y101.254 E211.81939
G0 F15000 X115.36 Y100.652
G1 F5400 X107.429 Y92.721 E212.04322
G0 F15000 X107.929 Y92.655
G1 F5400 X115.422 Y100.149 E212.2547
G0 F15000 X115.516 Y99.677
G1 F5400 X108.428 Y92.589 E212.45474
G0 F15000 X108.927 Y92.522
G1 F5400 X115.677 Y99.272 E212.64524
G0 F15000 X115.856 Y98.885
G1 F5400 X109.427 Y92.456 E212.82668
G0 F15000 X109.926 Y92.39
G1 F5400 X116.081 Y98.545 E213.00039
G0 F15000 X116.326 Y98.224
G1 F5400 X110.556 Y92.454 E213.16323
G0 F15000 X111.208 Y92.54
G1 F5400 X116.607 Y97.939 E213.3156
G0 F15000 X116.922 Y97.688
G1 F5400 X111.861 Y92.627 E213.45843
G0 F15000 X112.513 Y92.714
G1 F5400 X117.264 Y97.465 E213.59251
G0 F15000 X117.633 Y97.268
G1 F5400 X113.165 Y92.8 E213.71861
G0 F15000 X113.817 Y92.887
G1 F5400 X118.043 Y97.113 E213.83788
G0 F15000 X118.49 Y96.994
G1 F5400 X114.469 Y92.973 E213.95136
G0 F15000 X115.386 Y93.324
G1 F5400 X119 Y96.939 E214.05337
G0 F15000 X119.571 Y96.944
G1 F5400 X116.349 Y93.721 E214.14431
G0 F15000 X117.313 Y94.119
G1 F5400 X120.284 Y97.091 E214.22818
G0 F15000 X121.315 Y97.556
G1 F5400 X118.276 Y94.517 E214.31394
G1 F2400 E213.51394
G1 F300 Z0.56
G0 F15000 X119.906 Y95.582
G1 F300 Z0.36
G1 F2400 E214.31394
G1 F5400 X124.412 Y100.087 E214.4411
G0 F15000 X123.048 Y100.42
G1 F5400 X126.275 Y103.648 E214.53219
G0 F15000 X126.674 Y104.612
G1 F5400 X123.058 Y100.996 E214.63424
G0 F15000 X123.001 Y101.504
G1 F5400 X127.024 Y105.528 E214.74779
G0 F15000 X127.11 Y106.179
G1 F5400 X122.883 Y101.953 E214.86707
G0 F15000 X122.724 Y102.359
G1 F5400 X127.195 Y106.83 E214.99325
G0 F15000 X127.281 Y107.482
G1 F5400 X122.527 Y102.728 E215.12742
G0 F15000 X122.305 Y103.072
G1 F5400 X127.366 Y108.133 E215.27025
G0 F15000 X127.452 Y108.784
G1 F5400 X122.051 Y103.383 E215.42268
G0 F15000 X121.769 Y103.668
G1 F5400 X127.538 Y109.436 E215.58548
G0 F15000 X127.603 Y110.067
G1 F5400 X121.451 Y103.915 E215.7591
G0 F15000 X121.113 Y104.143
G1 F5400 X127.537 Y110.566 E215.94039
G0 F15000 X127.471 Y111.066
G1 F5400 X120.725 Y104.32 E216.13077
G0 F15000 X120.32 Y104.481
G1 F5400 X127.404 Y111.565 E216.3307
G0 F15000 X127.338 Y112.064
G1 F5400 X119.848 Y104.574 E216.54208
G0 F15000 X119.342 Y104.634
G1 F5400 X127.272 Y112.564 E216.76588
G0 F15000 X127.206 Y113.064
G1 F5400 X118.741 Y104.599 E217.00479
G0 F15000 X118.028 Y104.452
G1 F5400 X127.14 Y113.563 E217.26193
G1 F2400 E216.46193
G1 F300 Z0.56
G0 F15000 X125.851 Y117.366
G1 F300 Z0.36
G1 F2400 E217.26193
G1 F5400 X115.688 Y107.203 E217.54875
G0 F15000 X116.084 Y108.164
G1 F5400 X125.685 Y117.766 E217.81973
G0 F15000 X125.521 Y118.167
G1 F5400 X116.226 Y108.873 E218.08204
G0 F15000 X116.309 Y109.521
G1 F5400 X125.355 Y118.567 E218.33734
G0 F15000 X125.156 Y118.934
G1 F5400 X116.354 Y110.132 E218.58575
G0 F15000 X116.29 Y110.633
G1 F5400 X124.911 Y119.254 E218.82905
G1 F2400 E218.02905
G1 F300 Z0.56
G0 F15000 X125.876 Y102.683
G1 F300 Z0.36
G1 F2400 E218.82905
G1 F5400 X122.906 Y99.713 E218.91287
G0 F15000 X122.456 Y98.697
G1 F5400 X125.477 Y101.718 E218.99813
G1 F2400 E218.19813
G1 F300 Z0.56
G0 F15000 X122.539 Y97.649
G1 F300 Z0.36
G1 F2400 E218.99813
G1 F5400 X122.344 Y97.454 E219.00363
G1 F2400 E218.20363
G1 F300 Z0.56
;MESH:NONMESH
G0 F15000 X100.87 Y104.083
;TIME_ELAPSED:404.357435
;LAYER:3
M106 S255
;MESH:vertMount_Cover_RPi_r01.stl
G0 Z0.68
;TYPE:WALL-INNER
G1 F300 Z0.48
G1 F2400 E219.00363
G1 F5400 X100.611 Y104.073 E219.00881
G1 X99.949 Y103.986 E219.02213
G1 X99.338 Y103.741 E219.03527
G1 X99.061 Y103.604 E219.04144
G1 X98.605 Y103.254 E219.05291
G1 X98.387 Y103.061 E219.05872
G1 X98.055 Y102.627 E219.06962
G1 X97.822 Y102.226 E219.07888
G1 X97.671 Y101.862 E219.08674
G1 X97.561 Y101.49 E219.09448
G1 X97.496 Y101.02 E219.10395
G1 X97.496 Y100.538 E219.11357
G1 X97.548 Y100.154 E219.1213
G1 X97.671 Y99.702 E219.13065
G1 X97.888 Y99.199 E219.14158
G1 X98.048 Y98.946 E219.14756
G1 X98.291 Y98.624 E219.15561
G1 X98.5 Y98.387 E219.16191
G1 X98.934 Y98.053 E219.17284
G1 X99.347 Y97.815 E219.18235
G1 X99.707 Y97.667 E219.19012
G1 X100.152 Y97.547 E219.19932
G1 X100.54 Y97.495 E219.20713
G1 X101.02 Y97.496 E219.21671
G1 X101.489 Y97.56 E219.22616
G1 X101.853 Y97.667 E219.23373
G1 X102.213 Y97.815 E219.2415
G1 X102.626 Y98.053 E219.25101
G1 X103.06 Y98.387 E219.26194
G1 X103.267 Y98.622 E219.26819
G1 X103.61 Y99.068 E219.27941
G1 X103.741 Y99.338 E219.2854
G1 X103.986 Y99.949 E219.29854
G1 X104.073 Y100.611 E219.31187
G1 X104.083 Y100.87 E219.31704
G1 X104.019 Y101.39 E219.32749
G1 X103.938 Y101.744 E219.33474
G1 X103.692 Y102.335 E219.34752
G1 X103.521 Y102.606 E219.35391
G1 X103.223 Y103.002 E219.3638
G1 X103.002 Y103.223 E219.37004
G1 X102.606 Y103.521 E219.37993
G1 X102.375 Y103.667 E219.38538
G1 X101.783 Y103.929 E219.3983
G1 X101.39 Y104.019 E219.40635
G1 X100.87 Y104.083 E219.4168
G0 F15000 X100.777 Y103.691
G1 F5400 X100.103 Y103.607 E219.43036
G1 X99.856 Y103.524 E219.43556
G1 X99.323 Y103.302 E219.44708
G1 X98.72 Y102.838 E219.46226
G1 X98.372 Y102.384 E219.47368
G1 X98.191 Y102.072 E219.48088
G1 X98.04 Y101.708 E219.48874
G1 X97.954 Y101.418 E219.49478
G1 X97.892 Y100.966 E219.50388
G1 X97.892 Y100.591 E219.51136
G1 X97.944 Y100.207 E219.5191
G1 X98.04 Y99.856 E219.52636
G1 X98.273 Y99.311 E219.53819
G1 X98.715 Y98.727 E219.5528
G1 X99.178 Y98.37 E219.56447
G1 X99.499 Y98.185 E219.57186
G1 X99.859 Y98.037 E219.57963
G1 X100.205 Y97.944 E219.58678
G1 X100.593 Y97.892 E219.59459
G1 X100.966 Y97.892 E219.60204
G1 X101.418 Y97.954 E219.61114
G1 X101.701 Y98.037 E219.61703
G1 X102.061 Y98.185 E219.6248
G1 X102.382 Y98.37 E219.63219
G1 X102.839 Y98.722 E219.6437
G1 X103.306 Y99.329 E219.65898
G1 X103.596 Y100.046 E219.67442
G1 X103.674 Y100.649 E219.68655
G1 X103.67 Y100.952 E219.6926
G1 X103.622 Y101.34 E219.7004
G1 X103.559 Y101.616 E219.70605
G1 X103.287 Y102.25 E219.71982
G1 X102.844 Y102.843 E219.73459
G1 X102.254 Y103.286 E219.74931
G1 X101.616 Y103.559 E219.76316
G1 X101.34 Y103.622 E219.76881
G1 X100.777 Y103.691 E219.78013
G0 F15000 X100.749 Y103.284
G1 F5400 X100.146 Y103.207 E219.79226
G1 X99.528 Y102.955 E219.80558
G1 X99.005 Y102.552 E219.81876
G1 X98.69 Y102.141 E219.82909
G1 X98.561 Y101.918 E219.83423
G1 X98.361 Y101.438 E219.84461
G1 X98.288 Y100.913 E219.85519
G1 X98.289 Y100.645 E219.86054
G1 X98.341 Y100.261 E219.86827
G1 X98.409 Y100.01 E219.87346
G1 X98.62 Y99.516 E219.88418
G1 X98.984 Y99.034 E219.89623
G1 X99.422 Y98.687 E219.90738
G1 X99.651 Y98.555 E219.91266
G1 X100.011 Y98.407 E219.92043
G1 X100.259 Y98.34 E219.92555
G1 X100.646 Y98.288 E219.93334
G1 X100.913 Y98.288 E219.93867
G1 X101.431 Y98.358 E219.9491
G1 X101.909 Y98.555 E219.95942
G1 X102.138 Y98.687 E219.9647
G1 X102.554 Y99.007 E219.97517
G1 X102.956 Y99.53 E219.98833
G1 X103.207 Y100.146 E220.00161
G1 X103.288 Y100.781 E220.01438
G1 X103.209 Y101.421 E220.02725
G1 X102.939 Y102.049 E220.04089
G1 X102.558 Y102.558 E220.05358
G1 X102.049 Y102.939 E220.06627
G1 X101.415 Y103.212 E220.08004
G1 X100.749 Y103.284 E220.09341
G0 F15000 X100.781 Y102.885
G1 F5400 X100.249 Y102.819 E220.10411
G1 X99.733 Y102.601 E220.11529
G1 X99.294 Y102.264 E220.12633
G1 X98.961 Y101.838 E220.13712
G1 X98.748 Y101.328 E220.14815
G1 X98.674 Y100.779 E220.15921
G1 X98.748 Y100.235 E220.17016
G1 X98.967 Y99.72 E220.18133
G1 X99.295 Y99.295 E220.19205
G1 X99.727 Y98.956 E220.203
G1 X100.235 Y98.747 E220.21397
G1 X100.781 Y98.674 E220.22496
G1 X101.326 Y98.748 E220.23594
G1 X101.833 Y98.956 E220.24687
G1 X102.264 Y99.295 E220.25781
G1 X102.601 Y99.733 E220.26884
G1 X102.819 Y100.249 E220.28002
G1 X102.885 Y100.781 E220.29072
G1 X102.818 Y101.319 E220.30154
G1 X102.595 Y101.842 E220.31289
G1 X102.269 Y102.269 E220.32361
G1 X101.842 Y102.595 E220.33433
G1 X101.319 Y102.818 E220.34567
G1 X100.781 Y102.885 E220.35649
G1 F2400 E219.55649
G1 F300 Z0.68
G0 F15000 X110 Y115.788
G1 F300 Z0.48
G1 F2400 E220.35649
G1 F5400 X109.772 Y115.782 E220.36104
G1 X108.608 Y115.634 E220.38446
G1 X108.355 Y115.558 E220.38973
G1 X107.071 Y115.021 E220.41751
G1 X106.014 Y114.207 E220.44413
G1 X105.793 Y113.986 E220.45037
G1 X104.978 Y112.925 E220.47707
G1 X104.443 Y111.656 E220.50455
G1 X104.362 Y111.387 E220.51015
G1 X104.204 Y110.128 E220.53548
G1 X104.214 Y109.772 E220.54258
G1 X104.362 Y108.611 E220.56594
G1 X104.437 Y108.357 E220.57123
G1 X104.969 Y107.095 E220.59856
G1 X105.793 Y106.014 E220.62568
G1 X106.014 Y105.793 E220.63192
G1 X107.095 Y104.969 E220.65904
G1 X108.357 Y104.437 E220.68637
G1 X108.613 Y104.361 E220.6917
G1 X109.873 Y104.204 E220.71704
G1 X110.229 Y104.214 E220.72415
G1 X111.389 Y104.362 E220.74749
G1 X111.656 Y104.443 E220.75305
G1 X112.808 Y104.929 E220.77801
G1 X113.09 Y105.105 E220.78464
G1 X113.986 Y105.793 E220.80718
G1 X114.207 Y106.014 E220.81342
G1 X115.021 Y107.071 E220.84004
G1 X115.558 Y108.355 E220.86782
G1 X115.634 Y108.61 E220.87313
G1 X115.792 Y109.873 E220.89853
G1 X115.782 Y110.229 E220.90564
G1 X115.633 Y111.392 E220.92904
G1 X115.552 Y111.658 E220.93458
G1 X115.026 Y112.919 E220.96185
G1 X114.207 Y113.986 E220.98869
G1 X113.986 Y114.207 E220.99493
G1 X112.919 Y115.026 E221.02177
G1 X111.658 Y115.552 E221.04904
G1 X111.39 Y115.634 E221.05463
G1 X110.128 Y115.792 E221.08001
G1 X110 Y115.788 E221.08257
G0 F15000 X109.998 Y115.406
G1 F5400 X108.581 Y115.22 E221.11109
G1 X107.298 Y114.684 E221.13884
G1 X106.271 Y113.901 E221.16461
G1 X106.099 Y113.729 E221.16946
G1 X105.313 Y112.693 E221.19541
G1 X104.766 Y111.394 E221.22354
G1 X104.59 Y109.998 E221.25162
G1 X104.776 Y108.579 E221.28018
G1 X105.32 Y107.292 E221.30807
G1 X106.099 Y106.271 E221.33369
G1 X106.271 Y106.099 E221.33855
G1 X107.309 Y105.306 E221.36462
G1 X108.58 Y104.776 E221.3921
G1 X109.998 Y104.59 E221.42064
G1 X111.394 Y104.766 E221.44872
G1 X112.628 Y105.286 E221.47544
G1 X112.847 Y105.423 E221.48059
G1 X113.729 Y106.099 E221.50277
G1 X113.901 Y106.271 E221.50762
G1 X114.684 Y107.298 E221.5334
G1 X115.22 Y108.581 E221.56114
G1 X115.406 Y109.998 E221.58967
G1 X115.23 Y111.391 E221.61768
G1 X114.687 Y112.692 E221.64582
G1 X113.901 Y113.729 E221.67179
G1 X113.729 Y113.901 E221.67664
G1 X112.677 Y114.698 E221.70298
G1 X111.389 Y115.231 E221.7308
G1 X109.998 Y115.406 E221.75877
G0 F15000 X110 Y115.004
G1 F5400 X109.99 Y115.005 E221.75897
G1 X108.689 Y114.832 E221.78517
G1 X107.497 Y114.336 E221.81093
G1 X106.455 Y113.538 E221.83712
G1 X105.663 Y112.495 E221.86326
G1 X105.165 Y111.312 E221.88887
G1 X104.991 Y109.991 E221.91546
G1 X105.163 Y108.69 E221.94165
G1 X105.667 Y107.494 E221.96755
G1 X106.459 Y106.459 E221.99356
G1 X107.506 Y105.658 E222.01987
G1 X108.691 Y105.163 E222.04549
G1 X110 Y104.993 E222.07184
G1 X111.312 Y105.165 E222.09824
G1 X112.496 Y105.663 E222.12387
G1 X113.541 Y106.458 E222.15008
G1 X114.336 Y107.497 E222.17619
G1 X114.833 Y108.69 E222.20198
G1 X115.003 Y110 E222.22834
G1 X114.832 Y111.308 E222.25466
G1 X114.339 Y112.493 E222.28028
G1 X113.539 Y113.545 E222.30665
G1 X112.493 Y114.339 E222.33286
G1 X111.308 Y114.832 E222.35847
G1 X110 Y115.004 E222.3848
G0 F15000 X110 Y114.598
G1 F5400 X108.8 Y114.445 E222.40894
G1 X107.699 Y113.988 E222.43273
G1 X106.744 Y113.256 E222.45674
G1 X106.009 Y112.292 E222.48093
G1 X105.55 Y111.195 E222.50466
G1 X105.396 Y110.017 E222.52837
G1 X105.551 Y108.8 E222.55285
G1 X106.013 Y107.697 E222.57672
G1 X106.747 Y106.747 E222.60068
G1 X107.697 Y106.013 E222.62463
G1 X108.812 Y105.546 E222.64876
G1 X110.001 Y105.394 E222.67268
G1 X111.196 Y105.55 E222.69673
G1 X112.306 Y106.016 E222.72075
G1 X113.252 Y106.747 E222.74461
G1 X113.988 Y107.699 E222.76862
G1 X114.45 Y108.812 E222.79267
G1 X114.602 Y110.001 E222.81659
G1 X114.446 Y111.196 E222.84064
G1 X113.985 Y112.305 E222.86461
G1 X113.253 Y113.253 E222.88851
G1 X112.289 Y113.993 E222.91276
G1 X111.196 Y114.446 E222.93638
G1 X110.017 Y114.6 E222.9601
G1 X110 Y114.598 E222.96044
G1 F2400 E222.16044
G1 F300 Z0.68
G0 F15000 X118.992 Y122.502
G1 F300 Z0.48
G1 F2400 E222.96044
G1 F5400 X118.508 Y122.44 E222.97018
G1 X118.138 Y122.329 E222.97789
G1 X117.774 Y122.178 E222.98576
G1 X117.37 Y121.943 E222.99508
G1 X116.939 Y121.611 E223.00594
G1 X116.742 Y121.391 E223.01183
G1 X116.393 Y120.935 E223.02329
G1 X116.258 Y120.662 E223.02937
G1 X116.106 Y120.298 E223.03724
G1 X116.001 Y119.984 E223.04385
G1 X115.923 Y119.384 E223.05592
G1 X115.913 Y119.115 E223.0613
G1 X115.984 Y118.59 E223.07187
G1 X116.059 Y118.264 E223.07854
G1 X116.302 Y117.664 E223.09146
G1 X116.491 Y117.369 E223.09845
G1 X116.777 Y116.998 E223.1078
G1 X116.998 Y116.777 E223.11404
G1 X117.369 Y116.491 E223.12339
G1 X117.664 Y116.302 E223.13038
G1 X118.264 Y116.059 E223.1433
G1 X118.59 Y115.984 E223.14997
G1 X119.115 Y115.913 E223.16054
G1 X119.384 Y115.923 E223.16592
G1 X119.844 Y115.983 E223.17517
G1 X120.135 Y116.047 E223.18112
G1 X120.662 Y116.258 E223.19245
G1 X120.935 Y116.393 E223.19853
G1 X121.39 Y116.741 E223.20996
G1 X121.608 Y116.934 E223.21577
G1 X121.943 Y117.37 E223.22674
G1 X122.178 Y117.774 E223.23607
G1 X122.33 Y118.138 E223.24394
G1 X122.439 Y118.509 E223.25166
G1 X122.502 Y118.992 E223.26138
G1 X122.502 Y119.438 E223.27028
G1 X122.455 Y119.826 E223.27808
G1 X122.329 Y120.298 E223.28783
G1 X122.178 Y120.662 E223.29569
G1 X121.945 Y121.064 E223.30496
G1 X121.599 Y121.507 E223.31618
G1 X121.383 Y121.696 E223.32191
G1 X121.065 Y121.944 E223.32996
G1 X120.803 Y122.114 E223.33619
G1 X120.298 Y122.329 E223.34714
G1 X119.826 Y122.455 E223.35689
G1 X119.438 Y122.502 E223.36469
G1 X118.992 Y122.502 E223.37359
G0 F15000 X119.042 Y122.105
G1 F5400 X118.58 Y122.046 E223.38289
G1 X118.292 Y121.96 E223.38888
G1 X117.928 Y121.808 E223.39676
G1 X117.614 Y121.626 E223.404
G1 X117.154 Y121.272 E223.41558
G1 X116.693 Y120.67 E223.43071
G1 X116.404 Y119.951 E223.44618
G1 X116.303 Y119.208 E223.46114
G1 X116.38 Y118.644 E223.4725
G1 X116.439 Y118.39 E223.4777
G1 X116.711 Y117.738 E223.4918
G1 X117.158 Y117.158 E223.50642
G1 X117.738 Y116.711 E223.52103
G1 X118.39 Y116.439 E223.53513
G1 X118.644 Y116.38 E223.54033
G1 X119.208 Y116.303 E223.55169
G1 X119.952 Y116.404 E223.56667
G1 X120.673 Y116.695 E223.58219
G1 X121.274 Y117.157 E223.59732
G1 X121.626 Y117.614 E223.60883
G1 X121.808 Y117.928 E223.61607
G1 X121.961 Y118.292 E223.62395
G1 X122.046 Y118.581 E223.62996
G1 X122.106 Y119.042 E223.63924
G1 X122.106 Y119.388 E223.64615
G1 X122.058 Y119.777 E223.65397
G1 X121.96 Y120.144 E223.66155
G1 X121.809 Y120.508 E223.66941
G1 X121.628 Y120.821 E223.67663
G1 X121.271 Y121.277 E223.68818
G1 X120.691 Y121.728 E223.70285
G1 X120.144 Y121.96 E223.7147
G1 X119.777 Y122.058 E223.72228
G1 X119.388 Y122.106 E223.73011
G1 X119.042 Y122.105 E223.73701
G0 F15000 X119.219 Y121.724
G1 F5400 X118.57 Y121.643 E223.75006
G1 X118.082 Y121.439 E223.76062
G1 X117.858 Y121.309 E223.76579
G1 X117.441 Y120.989 E223.77628
G1 X117.044 Y120.47 E223.78932
G1 X116.794 Y119.855 E223.80256
G1 X116.711 Y119.245 E223.81485
G1 X116.791 Y118.585 E223.82812
G1 X117.055 Y117.947 E223.8419
G1 X117.443 Y117.443 E223.85459
G1 X117.947 Y117.055 E223.86728
G1 X118.584 Y116.791 E223.88104
G1 X119.251 Y116.71 E223.89445
G1 X119.855 Y116.794 E223.90662
G1 X120.476 Y117.046 E223.91999
G1 X120.984 Y117.448 E223.93292
G1 X121.309 Y117.858 E223.94336
G1 X121.439 Y118.082 E223.94853
G1 X121.641 Y118.565 E223.95898
G1 X121.725 Y119.212 E223.972
G1 X121.661 Y119.727 E223.98236
G1 X121.591 Y119.99 E223.98779
G1 X121.439 Y120.354 E223.99566
G1 X121.306 Y120.583 E224.00094
G1 X120.984 Y120.984 E224.01121
G1 X120.491 Y121.379 E224.02381
G1 X119.99 Y121.591 E224.03467
G1 X119.727 Y121.661 E224.0401
G1 X119.219 Y121.724 E224.05032
G0 F15000 X119.215 Y121.321
G1 F5400 X118.673 Y121.253 E224.06122
G1 X118.162 Y121.039 E224.07227
G1 X117.732 Y120.701 E224.08319
G1 X117.395 Y120.272 E224.09407
G1 X117.186 Y119.753 E224.10524
G1 X117.11 Y119.216 E224.11606
G1 X117.183 Y118.679 E224.12688
G1 X117.401 Y118.153 E224.13824
G1 X117.731 Y117.731 E224.14893
G1 X118.153 Y117.401 E224.15962
G1 X118.679 Y117.183 E224.17098
G1 X119.214 Y117.11 E224.18176
G1 X119.753 Y117.182 E224.19261
G1 X120.266 Y117.399 E224.20373
G1 X120.701 Y117.731 E224.21465
G1 X121.039 Y118.162 E224.22558
G1 X121.253 Y118.673 E224.23663
G1 X121.321 Y119.215 E224.24754
G1 X121.254 Y119.76 E224.25849
G1 X121.037 Y120.278 E224.2697
G1 X120.701 Y120.701 E224.28048
G1 X120.279 Y121.035 E224.29122
G1 X119.761 Y121.254 E224.30244
G1 X119.215 Y121.321 E224.31342
G1 F2400 E223.51342
G1 F300 Z0.68
G0 F15000 X110 Y128.18
G1 F300 Z0.48
G1 F2400 E224.31342
G1 F5400 X114.71 Y127.562 E224.40822
G1 X119.087 Y125.747 E224.50278
G1 X122.856 Y122.856 E224.59757
G1 X125.747 Y119.088 E224.69235
G1 X127.558 Y114.71 E224.7869
G1 X128.18 Y110 E224.88171
G1 X127.558 Y105.286 E224.9766
G1 X125.747 Y100.908 E225.07114
G1 X122.856 Y97.14 E225.16592
G1 X119.088 Y94.249 E225.2607
G1 X114.71 Y92.438 E225.35525
G1 X110 Y91.816 E225.45005
G1 X105.286 Y92.438 E225.54494
G1 X100.908 Y94.249 E225.63949
G1 X97.14 Y97.14 E225.73427
G1 X94.248 Y100.909 E225.82907
G1 X92.434 Y105.286 E225.92362
G1 X91.816 Y110 E226.0185
G1 X92.434 Y114.71 E226.1133
G1 X94.248 Y119.087 E226.20785
G1 X97.14 Y122.856 E226.30266
G1 X100.908 Y125.747 E226.39744
G1 X105.286 Y127.562 E226.49201
G1 X110 Y128.18 E226.58689
G0 F15000 X110 Y128.584
G1 F5400 X114.814 Y127.952 E226.68378
G1 X119.289 Y126.097 E226.78046
G1 X123.141 Y123.141 E226.87735
G1 X126.096 Y119.29 E226.97422
G1 X127.948 Y114.814 E227.07089
G1 X128.583 Y110 E227.16779
G1 X127.948 Y105.182 E227.26477
G1 X126.096 Y100.706 E227.36144
G1 X123.141 Y96.855 E227.45831
G1 X119.29 Y93.899 E227.55519
G1 X114.814 Y92.048 E227.65185
G1 X110 Y91.413 E227.74875
G1 X105.182 Y92.048 E227.84573
G1 X100.706 Y93.899 E227.94239
G1 X96.855 Y96.855 E228.03927
G1 X93.899 Y100.707 E228.13617
G1 X92.044 Y105.182 E228.23284
G1 X91.412 Y110 E228.32981
G1 X92.044 Y114.814 E228.4267
G1 X93.899 Y119.289 E228.52337
G1 X96.855 Y123.141 E228.62027
G1 X100.707 Y126.097 E228.71717
G1 X105.182 Y127.951 E228.81383
G1 X110 Y128.584 E228.91081
G0 F15000 X110 Y128.987
G1 F5400 X114.918 Y128.341 E229.00979
G1 X119.491 Y126.446 E229.10858
G1 X123.426 Y123.426 E229.20757
G1 X126.446 Y119.491 E229.30655
G1 X128.337 Y114.919 E229.40529
G1 X128.987 Y110 E229.50431
G1 X128.337 Y105.077 E229.6034
G1 X126.446 Y100.505 E229.70214
G1 X123.426 Y96.57 E229.80113
G1 X119.491 Y93.55 E229.90012
G1 X114.919 Y91.659 E229.99885
G1 X110 Y91.009 E230.09787
G1 X105.077 Y91.659 E230.19696
G1 X100.505 Y93.55 E230.2957
G1 X96.569 Y96.569 E230.39469
G1 X93.55 Y100.505 E230.49368
G1 X91.655 Y105.077 E230.59245
G1 X91.009 Y110 E230.69154
G1 X91.655 Y114.918 E230.79052
G1 X93.55 Y119.491 E230.88931
G1 X96.569 Y123.427 E230.9883
G1 X100.505 Y126.446 E231.08729
G1 X105.077 Y128.341 E231.18606
G1 X110 Y128.987 E231.28514
G0 F15000 X110 Y129.39
G1 F5400 X115.023 Y128.731 E231.38624
G1 X119.693 Y126.795 E231.48713
G1 X123.712 Y123.712 E231.58821
G1 X126.795 Y119.693 E231.68929
G1 X128.727 Y115.023 E231.79015
G1 X129.39 Y110 E231.89126
G1 X128.727 Y104.973 E231.99245
G1 X126.795 Y100.303 E232.0933
G1 X123.712 Y96.284 E232.19438
G1 X119.693 Y93.201 E232.29547
G1 X115.023 Y91.269 E232.39632
G1 X110 Y90.606 E232.49743
G1 X104.973 Y91.269 E232.59862
G1 X100.303 Y93.201 E232.69948
G1 X96.284 Y96.284 E232.80056
G1 X93.2 Y100.303 E232.90165
G1 X91.265 Y104.973 E233.00253
G1 X90.606 Y110 E233.10371
G1 X91.265 Y115.023 E233.20481
G1 X93.2 Y119.693 E233.30569
G1 X96.284 Y123.712 E233.40678
G1 X100.303 Y126.795 E233.50787
G1 X104.973 Y128.731 E233.60875
G1 X110 Y129.39 E233.70993
G1 F2400 E232.90993
G1 F300 Z0.68
G0 F15000 X101.002 Y122.502
G1 F300 Z0.48
G1 F2400 E233.70993
G1 F5400 X100.557 Y122.502 E233.71881
G1 X100.172 Y122.455 E233.72655
G1 X99.708 Y122.332 E233.73613
G1 X99.195 Y122.113 E233.74726
G1 X98.932 Y121.945 E233.75349
G1 X98.496 Y121.605 E233.76452
G1 X98.291 Y121.372 E233.77072
G1 X98.055 Y121.064 E233.77846
G1 X97.823 Y120.662 E233.78772
G1 X97.671 Y120.298 E233.79559
G1 X97.547 Y119.844 E233.80499
G1 X97.495 Y119.456 E233.8128
G1 X97.496 Y118.974 E233.82242
G1 X97.561 Y118.508 E233.83181
G1 X97.671 Y118.138 E233.83951
G1 X97.822 Y117.774 E233.84737
G1 X98.048 Y117.382 E233.8564
G1 X98.382 Y116.941 E233.86744
G1 X98.605 Y116.742 E233.87341
G1 X99.071 Y116.389 E233.88507
G1 X99.338 Y116.258 E233.89101
G1 X99.946 Y116.015 E233.90408
G1 X100.612 Y115.923 E233.91749
G1 X100.884 Y115.913 E233.92292
G1 X101.408 Y115.983 E233.93347
G1 X101.742 Y116.061 E233.94032
G1 X102.332 Y116.302 E233.95304
G1 X102.619 Y116.484 E233.95982
G1 X103.002 Y116.777 E233.96944
G1 X103.223 Y116.998 E233.97568
G1 X103.515 Y117.38 E233.98528
G1 X103.668 Y117.622 E233.99099
G1 X103.93 Y118.221 E234.00404
G1 X104.019 Y118.608 E234.01196
G1 X104.083 Y119.122 E234.0223
G1 X104.073 Y119.385 E234.02755
G1 X103.999 Y119.951 E234.03894
G1 X103.936 Y120.197 E234.04401
G1 X103.68 Y120.81 E234.05727
G1 X103.501 Y121.075 E234.06365
G1 X103.168 Y121.501 E234.07444
G1 X102.947 Y121.696 E234.08032
G1 X102.639 Y121.936 E234.08811
G1 X102.226 Y122.178 E234.09766
G1 X101.862 Y122.329 E234.10553
G1 X101.489 Y122.44 E234.11329
G1 X101.002 Y122.502 E234.12309
G0 F15000 X100.953 Y122.106
G1 F5400 X100.606 Y122.106 E234.13002
G1 X100.222 Y122.058 E234.13774
G1 X99.861 Y121.962 E234.14519
G1 X99.299 Y121.724 E234.15737
G1 X98.718 Y121.272 E234.17206
G1 X98.372 Y120.82 E234.18342
G1 X98.192 Y120.508 E234.19061
G1 X98.04 Y120.144 E234.19848
G1 X97.944 Y119.791 E234.20578
G1 X97.892 Y119.403 E234.21359
G1 X97.892 Y119.028 E234.22108
G1 X97.954 Y118.58 E234.2301
G1 X98.04 Y118.292 E234.2361
G1 X98.191 Y117.928 E234.24397
G1 X98.367 Y117.623 E234.25099
G1 X98.719 Y117.158 E234.26263
G1 X99.33 Y116.694 E234.27794
G1 X99.856 Y116.476 E234.28931
G1 X100.097 Y116.395 E234.29438
G1 X100.781 Y116.303 E234.30815
G1 X101.355 Y116.38 E234.31971
G1 X101.615 Y116.44 E234.32503
G1 X102.256 Y116.711 E234.33892
G1 X102.843 Y117.157 E234.35363
G1 X103.284 Y117.738 E234.36819
G1 X103.561 Y118.389 E234.38231
G1 X103.622 Y118.658 E234.38781
G1 X103.691 Y119.211 E234.39893
G1 X103.598 Y119.949 E234.41378
G1 X103.327 Y120.619 E234.4282
G1 X103.185 Y120.829 E234.43326
G1 X102.835 Y121.277 E234.44461
G1 X102.393 Y121.621 E234.45578
G1 X102.072 Y121.808 E234.4632
G1 X101.708 Y121.96 E234.47107
G1 X101.418 Y122.046 E234.47711
G1 X100.953 Y122.106 E234.48646
G0 F15000 X100.78 Y121.725
G1 F5400 X100.272 Y121.661 E234.49668
G1 X100.014 Y121.593 E234.502
G1 X99.502 Y121.376 E234.5131
G1 X98.986 Y120.963 E234.52629
G1 X98.69 Y120.577 E234.536
G1 X98.561 Y120.354 E234.54114
G1 X98.409 Y119.99 E234.54901
G1 X98.34 Y119.737 E234.55424
G1 X98.288 Y119.35 E234.56204
G1 X98.288 Y119.081 E234.56741
G1 X98.361 Y118.562 E234.57786
G1 X98.561 Y118.082 E234.58824
G1 X98.686 Y117.864 E234.59326
G1 X99.006 Y117.441 E234.60384
G1 X99.533 Y117.043 E234.61702
G1 X100.144 Y116.794 E234.63019
G1 X100.784 Y116.707 E234.64308
G1 X101.421 Y116.792 E234.6559
G1 X102.05 Y117.057 E234.66952
G1 X102.554 Y117.438 E234.68213
G1 X102.94 Y117.946 E234.69486
G1 X103.212 Y118.59 E234.70881
G1 X103.284 Y119.246 E234.72198
G1 X103.207 Y119.852 E234.73417
G1 X102.954 Y120.475 E234.74759
G1 X102.576 Y120.96 E234.75986
G1 X102.147 Y121.305 E234.77085
G1 X101.918 Y121.439 E234.77614
G1 X101.431 Y121.642 E234.78667
G1 X100.78 Y121.725 E234.79977
G0 F15000 X100.78 Y121.321
G1 F5400 X100.24 Y121.254 E234.81063
G1 X99.715 Y121.034 E234.82199
G1 X99.295 Y120.701 E234.83269
G1 X98.962 Y120.277 E234.84344
G1 X98.748 Y119.763 E234.85456
G1 X98.674 Y119.215 E234.86559
G1 X98.748 Y118.671 E234.87655
G1 X98.96 Y118.164 E234.88751
G1 X99.293 Y117.733 E234.89838
G1 X99.735 Y117.398 E234.90945
G1 X100.246 Y117.182 E234.92052
G1 X100.781 Y117.11 E234.93129
G1 X101.322 Y117.183 E234.94219
G1 X101.845 Y117.403 E234.95351
G1 X102.272 Y117.728 E234.96422
G1 X102.594 Y118.152 E234.97484
G1 X102.818 Y118.681 E234.98631
G1 X102.885 Y119.214 E234.99703
G1 X102.819 Y119.75 E235.00781
G1 X102.601 Y120.268 E235.01902
G1 X102.266 Y120.7 E235.02993
G1 X101.84 Y121.038 E235.04078
G1 X101.327 Y121.252 E235.05188
G1 X100.78 Y121.321 E235.06288
G1 F2400 E234.26288
G1 F300 Z0.68
G0 F15000 X119.122 Y104.083
G1 F300 Z0.48
G1 F2400 E235.06288
G1 F5400 X118.608 Y104.019 E235.07321
G1 X118.263 Y103.94 E235.08028
G1 X117.662 Y103.693 E235.09324
G1 X117.38 Y103.514 E235.09991
G1 X116.998 Y103.223 E235.10949
G1 X116.777 Y103.002 E235.11573
G1 X116.484 Y102.618 E235.12537
G1 X116.327 Y102.371 E235.13121
G1 X116.072 Y101.783 E235.144
G1 X115.983 Y101.408 E235.15169
G1 X115.913 Y100.884 E235.16224
G1 X115.923 Y100.612 E235.16767
G1 X116.015 Y99.945 E235.18111
G1 X116.259 Y99.338 E235.19417
G1 X116.388 Y99.073 E235.20005
G1 X116.741 Y98.606 E235.21173
G1 X116.939 Y98.385 E235.21765
G1 X117.37 Y98.053 E235.22851
G1 X117.783 Y97.815 E235.23802
G1 X118.143 Y97.667 E235.24579
G1 X118.507 Y97.56 E235.25336
G1 X118.976 Y97.495 E235.26281
G1 X119.456 Y97.495 E235.27239
G1 X119.844 Y97.547 E235.2802
G1 X120.289 Y97.667 E235.2894
G1 X120.649 Y97.814 E235.29716
G1 X121.062 Y98.053 E235.30668
G1 X121.502 Y98.391 E235.31775
G1 X121.704 Y98.621 E235.32386
G1 X121.944 Y98.933 E235.33172
G1 X122.113 Y99.197 E235.33797
G1 X122.329 Y99.702 E235.34893
G1 X122.455 Y100.172 E235.35864
G1 X122.502 Y100.557 E235.36638
G1 X122.502 Y101.002 E235.37526
G1 X122.44 Y101.489 E235.38506
G1 X122.33 Y101.862 E235.39282
G1 X122.178 Y102.226 E235.40069
G1 X121.936 Y102.639 E235.41025
G1 X121.602 Y103.068 E235.4211
G1 X121.383 Y103.26 E235.42691
G1 X120.943 Y103.603 E235.43804
G1 X120.662 Y103.742 E235.4443
G1 X120.054 Y103.985 E235.45736
G1 X119.385 Y104.073 E235.47083
G1 X119.122 Y104.083 E235.47608
G0 F15000 X119.347 Y103.674
G1 F5400 X119.042 Y103.67 E235.48217
G1 X118.658 Y103.622 E235.48989
G1 X118.389 Y103.561 E235.4954
G1 X117.738 Y103.284 E235.50951
G1 X117.157 Y102.843 E235.52407
G1 X116.711 Y102.256 E235.53878
G1 X116.441 Y101.615 E235.55266
G1 X116.38 Y101.355 E235.55799
G1 X116.304 Y100.789 E235.56939
G1 X116.394 Y100.098 E235.5833
G1 X116.476 Y99.856 E235.58839
G1 X116.696 Y99.329 E235.59979
G1 X117.153 Y98.725 E235.61491
G1 X117.614 Y98.37 E235.62652
G1 X117.935 Y98.185 E235.63391
G1 X118.295 Y98.037 E235.64168
G1 X118.578 Y97.954 E235.64756
G1 X119.03 Y97.892 E235.65667
G1 X119.403 Y97.892 E235.66411
G1 X119.791 Y97.943 E235.67192
G1 X120.137 Y98.037 E235.67908
G1 X120.497 Y98.184 E235.68684
G1 X120.818 Y98.37 E235.69424
G1 X121.275 Y98.721 E235.70574
G1 X121.725 Y99.305 E235.72045
G1 X121.96 Y99.856 E235.73241
G1 X122.058 Y100.222 E235.73997
G1 X122.106 Y100.606 E235.74769
G1 X122.106 Y100.953 E235.75462
G1 X122.047 Y101.418 E235.76397
G1 X121.961 Y101.708 E235.77001
G1 X121.808 Y102.072 E235.77789
G1 X121.621 Y102.393 E235.7853
G1 X121.276 Y102.837 E235.79652
G1 X120.676 Y103.304 E235.81169
G1 X119.953 Y103.596 E235.82725
G1 X119.347 Y103.674 E235.83945
G0 F15000 X119.214 Y103.288
G1 F5400 X118.583 Y103.21 E235.85213
G1 X117.95 Y102.941 E235.86586
G1 X117.438 Y102.554 E235.87867
G1 X117.057 Y102.05 E235.89128
G1 X116.792 Y101.421 E235.9049
G1 X116.707 Y100.784 E235.91772
G1 X116.794 Y100.144 E235.93061
G1 X117.043 Y99.532 E235.9438
G1 X117.441 Y99.007 E235.95694
G1 X117.858 Y98.687 E235.96743
G1 X118.087 Y98.555 E235.97271
G1 X118.565 Y98.358 E235.98303
G1 X119.083 Y98.288 E235.99346
G1 X119.35 Y98.288 E235.99879
G1 X119.737 Y98.34 E236.00658
G1 X119.985 Y98.407 E236.0117
G1 X120.345 Y98.554 E236.01946
G1 X120.574 Y98.687 E236.02475
G1 X121.011 Y99.033 E236.03587
G1 X121.382 Y99.516 E236.04803
G1 X121.591 Y100.01 E236.05873
G1 X121.661 Y100.272 E236.06414
G1 X121.725 Y100.78 E236.07436
G1 X121.642 Y101.431 E236.08746
G1 X121.439 Y101.918 E236.09799
G1 X121.305 Y102.147 E236.10328
G1 X120.982 Y102.549 E236.11357
G1 X120.48 Y102.951 E236.12641
G1 X119.853 Y103.207 E236.13992
G1 X119.214 Y103.288 E236.15278
G0 F15000 X119.217 Y102.886
G1 F5400 X118.681 Y102.818 E236.16356
G1 X118.152 Y102.594 E236.17502
G1 X117.724 Y102.269 E236.18575
G1 X117.401 Y101.841 E236.19645
G1 X117.182 Y101.319 E236.20774
G1 X117.116 Y100.787 E236.21844
G1 X117.181 Y100.249 E236.22926
G1 X117.398 Y99.735 E236.24039
G1 X117.722 Y99.296 E236.25128
G1 X118.166 Y98.955 E236.26245
G1 X118.67 Y98.748 E236.27332
G1 X119.216 Y98.674 E236.28432
G1 X119.76 Y98.747 E236.29527
G1 X120.266 Y98.954 E236.30618
G1 X120.701 Y99.295 E236.31721
G1 X121.035 Y99.72 E236.328
G1 X121.254 Y100.24 E236.33926
G1 X121.321 Y100.78 E236.35012
G1 X121.252 Y101.327 E236.36112
G1 X121.038 Y101.84 E236.37221
G1 X120.7 Y102.266 E236.38307
G1 X120.273 Y102.604 E236.39393
G1 X119.753 Y102.814 E236.40513
G1 X119.217 Y102.886 E236.41592
G0 F15000 X119.235 Y102.48
;TYPE:WALL-OUTER
G1 F5400 X118.778 Y102.428 E236.4251
G1 X118.385 Y102.261 E236.43362
G1 X118.002 Y101.973 E236.44318
G1 X117.735 Y101.61 E236.45217
G1 X117.578 Y101.232 E236.46034
G1 X117.516 Y100.761 E236.46982
G1 X117.576 Y100.336 E236.47839
G1 X117.746 Y99.933 E236.48712
G1 X118.014 Y99.578 E236.49599
G1 X118.368 Y99.304 E236.50493
G1 X118.801 Y99.133 E236.51422
G1 X119.216 Y99.077 E236.52257
G1 X119.631 Y99.133 E236.53093
G1 X120.041 Y99.294 E236.53972
G1 X120.418 Y99.578 E236.54914
G1 X120.694 Y99.939 E236.55821
G1 X120.864 Y100.343 E236.56696
G1 X120.915 Y100.755 E236.57524
G1 X120.865 Y101.204 E236.58426
G1 X120.701 Y101.61 E236.59299
G1 X120.418 Y101.982 E236.60232
G1 X120.068 Y102.254 E236.61117
G1 X119.663 Y102.424 E236.61993
G1 X119.235 Y102.48 E236.62855
G1 F2400 E235.82855
G1 F300 Z0.68
G0 F15000 X110 Y114.194
G1 F300 Z0.48
G1 F2400 E236.62855
G1 F5400 X108.896 Y114.053 E236.65076
G1 X107.908 Y113.643 E236.6721
G1 X107.018 Y112.957 E236.69453
G1 X106.366 Y112.103 E236.71597
G1 X105.944 Y111.102 E236.73765
G1 X105.8 Y110.015 E236.75953
G1 X105.943 Y108.896 E236.78204
G1 X106.367 Y107.891 E236.80381
G1 X107.043 Y107.018 E236.82584
G1 X107.891 Y106.367 E236.84718
G1 X108.896 Y105.943 E236.86895
G1 X109.985 Y105.8 E236.89087
G1 X111.085 Y105.936 E236.91298
G1 X112.103 Y106.366 E236.93504
G1 X112.982 Y107.043 E236.95718
G1 X113.643 Y107.908 E236.9789
G1 X114.053 Y108.896 E237.00025
G1 X114.196 Y109.985 E237.02217
G1 X114.052 Y111.102 E237.04464
G1 X113.634 Y112.103 E237.06629
G1 X112.957 Y112.982 E237.08843
G1 X112.103 Y113.634 E237.10988
G1 X111.102 Y114.052 E237.13152
G1 X110.015 Y114.196 E237.1534
G1 X110 Y114.194 E237.15371
G1 F2400 E236.35371
G1 F300 Z0.68
G0 F15000 X119.191 Y120.915
G1 F300 Z0.48
G1 F2400 E237.15371
G1 F5400 X118.796 Y120.865 E237.16165
G1 X118.39 Y120.701 E237.17039
G1 X118.014 Y120.418 E237.17978
G1 X117.746 Y120.068 E237.18858
G1 X117.576 Y119.663 E237.19734
G1 X117.516 Y119.235 E237.20597
G1 X117.578 Y118.768 E237.21537
G1 X117.742 Y118.37 E237.22396
G1 X118.027 Y118.002 E237.23325
G1 X118.37 Y117.742 E237.24184
G1 X118.768 Y117.578 E237.25043
G1 X119.235 Y117.516 E237.25983
G1 X119.663 Y117.576 E237.26845
G1 X120.068 Y117.746 E237.27722
G1 X120.418 Y118.014 E237.28602
G1 X120.701 Y118.39 E237.29541
G1 X120.864 Y118.779 E237.30383
G1 X120.915 Y119.191 E237.31211
G1 X120.864 Y119.655 E237.32143
G1 X120.701 Y120.046 E237.32988
G1 X120.418 Y120.418 E237.33921
G1 X120.061 Y120.694 E237.34821
G1 X119.656 Y120.864 E237.35698
G1 X119.191 Y120.915 E237.36631
G1 F2400 E236.56631
G1 F300 Z0.68
G0 F15000 X110 Y129.794
G1 F300 Z0.48
G1 F2400 E237.36631
G1 F5400 X115.127 Y129.121 E237.46951
G1 X119.895 Y127.145 E237.5725
G1 X123.997 Y123.997 E237.67569
G1 X127.145 Y119.895 E237.77888
G1 X129.117 Y115.127 E237.88185
G1 X129.794 Y110 E237.98505
G1 X129.117 Y104.869 E238.08833
G1 X127.145 Y100.101 E238.1913
G1 X123.997 Y95.999 E238.29449
G1 X119.895 Y92.851 E238.39767
G1 X115.127 Y90.879 E238.50064
G1 X110 Y90.202 E238.60384
G1 X104.869 Y90.879 E238.70713
G1 X100.101 Y92.851 E238.81009
G1 X95.999 Y95.999 E238.91328
G1 X92.851 Y100.101 E239.01647
G1 X90.875 Y104.869 E239.11947
G1 X90.202 Y110 E239.22274
G1 X90.875 Y115.127 E239.32593
G1 X92.851 Y119.895 E239.42893
G1 X95.999 Y123.997 E239.53212
G1 X100.101 Y127.145 E239.6353
G1 X104.869 Y129.121 E239.7383
G1 X110 Y129.794 E239.84157
G1 F2400 E239.04157
G1 F300 Z0.68
G0 F15000 X100.755 Y120.915
G1 F300 Z0.48
G1 F2400 E239.84157
G1 F5400 X100.345 Y120.864 E239.84982
G1 X99.935 Y120.694 E239.85867
G1 X99.578 Y120.418 E239.86768
G1 X99.299 Y120.046 E239.87696
G1 X99.133 Y119.631 E239.88588
G1 X99.077 Y119.216 E239.89424
G1 X99.135 Y118.796 E239.9027
G1 X99.299 Y118.39 E239.91144
G1 X99.577 Y118.015 E239.92075
G1 X99.954 Y117.735 E239.93012
G1 X100.336 Y117.576 E239.93838
G1 X100.761 Y117.516 E239.94695
G1 X101.232 Y117.578 E239.95643
G1 X101.626 Y117.743 E239.96495
G1 X101.986 Y118.014 E239.97394
G1 X102.261 Y118.385 E239.98316
G1 X102.422 Y118.768 E239.99145
G1 X102.48 Y119.235 E240.00084
G1 X102.424 Y119.663 E240.00945
G1 X102.254 Y120.068 E240.01822
G1 X101.982 Y120.418 E240.02707
G1 X101.61 Y120.701 E240.03639
G1 X101.219 Y120.864 E240.04485
G1 X100.755 Y120.915 E240.05416
G1 F2400 E239.25416
G1 F300 Z0.68
G0 F15000 X100.761 Y102.48
G1 F300 Z0.48
G1 F2400 E240.05416
G1 F5400 X100.336 Y102.424 E240.06272
G1 X99.932 Y102.254 E240.07146
G1 X99.578 Y101.982 E240.08037
G1 X99.299 Y101.61 E240.08965
G1 X99.133 Y101.195 E240.09857
G1 X99.077 Y100.78 E240.10693
G1 X99.137 Y100.343 E240.11573
G1 X99.306 Y99.939 E240.12447
G1 X99.578 Y99.578 E240.13349
G1 X99.932 Y99.304 E240.14242
G1 X100.365 Y99.133 E240.15171
G1 X100.78 Y99.077 E240.16007
G1 X101.204 Y99.135 E240.16861
G1 X101.629 Y99.304 E240.17774
G1 X101.982 Y99.578 E240.18666
G1 X102.254 Y99.932 E240.19557
G1 X102.424 Y100.336 E240.20431
G1 X102.48 Y100.761 E240.21287
G1 X102.422 Y101.232 E240.22234
G1 X102.253 Y101.626 E240.23089
G1 X101.973 Y101.998 E240.24018
G1 X101.626 Y102.253 E240.24878
G1 X101.232 Y102.422 E240.25733
G1 X100.761 Y102.48 E240.2668
G1 F2400 E239.4668
G1 F300 Z0.68
G0 F15000 X119.096 Y104.439
;TYPE:SKIN
G1 F300 Z0.48
G1 F2400 E240.2668
G1 F5400 X119.406 Y104.432 E240.27299
G1 X120.152 Y104.333 E240.28801
G1 X120.791 Y104.078 E240.30174
G1 X121.113 Y103.92 E240.3089
G1 X121.754 Y103.421 E240.32511
G1 X121.966 Y103.181 E240.3315
G1 X122.222 Y102.856 E240.33975
G1 X122.501 Y102.381 E240.35075
G1 X122.661 Y101.997 E240.35905
G1 X122.793 Y101.552 E240.36831
G1 X122.859 Y101.046 E240.3785
G1 X122.861 Y100.536 E240.38867
G1 X122.811 Y100.127 E240.3969
G1 X122.666 Y99.587 E240.40805
G1 X122.434 Y99.03 E240.4201
G1 X122.223 Y98.705 E240.42783
G1 X121.883 Y98.265 E240.43892
G1 X121.605 Y98.014 E240.4464
G1 X121.286 Y97.769 E240.45443
G1 X120.797 Y97.486 E240.4657
G1 X120.428 Y97.334 E240.47367
G1 X119.908 Y97.194 E240.48441
G1 X119.504 Y97.137 E240.49255
G1 X118.929 Y97.137 E240.50403
G1 X118.449 Y97.201 E240.51369
G1 X118 Y97.334 E240.52304
G1 X117.648 Y97.478 E240.53063
G1 X117.145 Y97.765 E240.54218
G1 X116.825 Y98.013 E240.55026
G1 X116.544 Y98.266 E240.55781
G1 X116.2 Y98.718 E240.56914
G1 X115.987 Y99.046 E240.57695
G1 X115.723 Y99.678 E240.59062
G1 X115.649 Y99.968 E240.59659
G1 X115.56 Y100.584 E240.60901
G1 X115.553 Y100.908 E240.61548
G1 X115.621 Y101.446 E240.6263
G1 X115.713 Y101.839 E240.63435
G1 X115.97 Y102.476 E240.64806
G1 X116.183 Y102.816 E240.65607
G1 X116.501 Y103.231 E240.6665
G1 X116.769 Y103.499 E240.67407
G1 X117.153 Y103.795 E240.68374
G1 X117.499 Y104.016 E240.69193
G1 X118.164 Y104.288 E240.70627
G1 X118.54 Y104.372 E240.71396
G1 X119.096 Y104.439 E240.72514
G1 F2400 E239.92514
G1 F300 Z0.68
G0 F15000 X98.417 Y122.911
G1 F300 Z0.48
G1 F2400 E240.72514
G1 F6119 X97.665 Y122.323 E240.74195
G1 F6101.7 X97.079 Y121.575 E240.75873
G1 F6206.9 X97.385 Y121.398 E240.76487
G1 F6242.8 X97.689 Y121.8 E240.77357
G1 F6206.9 X98.002 Y122.15 E240.78172
G1 F6189.1 X98.593 Y122.61 E240.79476
G1 F6224.8 X98.417 Y122.911 E240.8008
G1 F2400 E240.0008
G1 F300 Z0.68
G0 F15000 X101.05 Y122.859
G1 F300 Z0.48
G1 F2400 E240.8008
G1 F5400 X101.546 Y122.795 E240.81078
G1 X101.998 Y122.661 E240.82018
G1 X102.358 Y122.509 E240.82798
G1 X102.837 Y122.234 E240.83901
G1 X103.167 Y121.978 E240.84734
G1 X103.447 Y121.727 E240.85484
G1 X103.791 Y121.283 E240.86605
G1 X103.942 Y121.061 E240.87141
G1 X104.068 Y120.809 E240.87703
G1 X104.331 Y120.158 E240.89104
G1 X104.431 Y119.427 E240.90577
G1 X104.44 Y119.114 E240.91202
G1 X104.375 Y118.56 E240.92315
G1 X104.269 Y118.1 E240.93257
G1 X103.992 Y117.464 E240.94641
G1 X103.809 Y117.172 E240.95329
G1 X103.494 Y116.759 E240.96366
G1 X103.249 Y116.517 E240.97053
G1 X102.83 Y116.193 E240.9811
G1 X102.508 Y115.987 E240.98873
G1 X101.868 Y115.722 E241.00255
G1 X101.451 Y115.625 E241.01109
G1 X100.919 Y115.553 E241.02181
G1 X100.59 Y115.56 E241.02837
G1 X99.973 Y115.648 E241.04081
G1 X99.67 Y115.727 E241.04706
G1 X99.05 Y115.987 E241.06048
G1 X98.722 Y116.196 E241.06824
G1 X98.27 Y116.54 E241.07957
G1 X97.993 Y116.852 E241.0879
G1 X97.76 Y117.159 E241.09559
G1 X97.487 Y117.638 E241.10659
G1 X97.335 Y117.998 E241.11439
G1 X97.212 Y118.415 E241.12307
G1 X97.138 Y118.923 E241.13331
G1 X97.137 Y119.503 E241.14489
G1 X97.189 Y119.891 E241.1527
G1 X97.326 Y120.405 E241.16331
G1 X97.487 Y120.797 E241.17177
G1 X97.769 Y121.286 E241.18304
G1 X97.993 Y121.578 E241.19038
G1 X98.256 Y121.874 E241.19828
G1 X98.727 Y122.241 E241.2102
G1 X99.007 Y122.421 E241.21684
G1 X99.589 Y122.67 E241.22947
G1 X100.109 Y122.806 E241.2402
G1 X100.506 Y122.859 E241.24819
G1 X101.05 Y122.859 E241.25905
G1 F2400 E240.45905
G1 F300 Z0.68
G0 F15000 X109.999 Y127.814
G1 F300 Z0.48
G1 F2400 E241.25905
G1 F5400 X105.373 Y127.209 E241.35215
G1 X101.089 Y125.433 E241.4447
G1 X97.395 Y122.597 E241.53764
G1 X94.559 Y118.903 E241.63057
G1 X92.783 Y114.619 E241.72312
G1 X92.178 Y110.001 E241.81607
G1 X92.787 Y105.373 E241.90922
G1 X94.559 Y101.089 E242.00174
G1 X97.395 Y97.395 E242.09467
G1 X101.089 Y94.559 E242.18761
G1 X105.373 Y92.791 E242.2801
G1 X109.999 Y92.178 E242.37322
G1 X114.619 Y92.791 E242.46623
G1 X118.903 Y94.559 E242.55871
G1 X122.597 Y97.395 E242.65165
G1 X125.433 Y101.089 E242.74459
G1 X127.205 Y105.373 E242.8371
G1 X127.814 Y109.999 E242.93022
G1 X127.201 Y114.619 E243.02322
G1 X125.433 Y118.903 E243.11571
G1 X122.597 Y122.597 E243.20865
G1 X118.903 Y125.433 E243.30158
G1 X114.619 Y127.209 E243.39413
G1 X109.999 Y127.814 E243.48711
G1 F2400 E242.68711
G1 F300 Z0.68
G0 F15000 X121.563 Y122.916
G1 F300 Z0.48
G1 F2400 E243.48711
G1 F6260.9 X121.388 Y122.616 E243.49309
G1 X121.829 Y122.277 E243.50267
G1 F6242.8 X122.131 Y122.017 E243.50954
G1 F6206.9 X122.622 Y121.372 E243.52362
G1 F6224.8 X122.926 Y121.551 E243.52973
G1 F6136.4 X122.325 Y122.325 E243.54694
G1 F6171.4 X121.563 Y122.916 E243.56377
G1 F2400 E242.76377
G1 F300 Z0.68
G0 F15000 X118.942 Y122.859
G1 F300 Z0.48
G1 F2400 E243.56377
G1 F5400 X119.477 Y122.859 E243.57445
G1 X119.869 Y122.811 E243.58233
G1 X120.408 Y122.67 E243.59345
G1 X120.959 Y122.436 E243.6054
G1 X121.287 Y122.227 E243.61316
G1 X121.607 Y121.979 E243.62124
G1 X121.879 Y121.734 E243.62854
G1 X122.227 Y121.282 E243.63993
G1 X122.501 Y120.818 E243.65068
G1 X122.661 Y120.437 E243.65893
G1 X122.806 Y119.895 E243.67012
G1 X122.859 Y119.477 E243.67853
G1 X122.859 Y118.942 E243.68921
G1 X122.795 Y118.45 E243.69911
G1 X122.668 Y118.014 E243.70817
G1 X122.501 Y117.614 E243.71682
G1 X122.237 Y117.166 E243.7272
G1 X121.992 Y116.839 E243.73535
G1 X121.759 Y116.572 E243.74242
G1 X121.29 Y116.209 E243.75426
G1 X120.95 Y115.987 E243.76236
G1 X120.446 Y115.775 E243.77327
G1 X120.058 Y115.648 E243.78142
G1 X119.426 Y115.565 E243.79414
G1 X119.117 Y115.552 E243.80031
G1 X118.545 Y115.625 E243.81182
G1 X118.133 Y115.722 E243.82027
G1 X117.525 Y115.966 E243.83334
G1 X117.16 Y116.195 E243.84194
G1 X116.746 Y116.514 E243.85237
G1 X116.502 Y116.759 E243.85927
G1 X116.205 Y117.146 E243.86901
G1 X115.967 Y117.522 E243.87789
G1 X115.722 Y118.133 E243.89102
G1 X115.625 Y118.541 E243.89939
G1 X115.553 Y119.077 E243.91019
G1 X115.564 Y119.412 E243.91687
G1 X115.648 Y120.062 E243.92995
G1 X115.771 Y120.438 E243.93785
G1 X115.987 Y120.95 E243.94894
G1 X116.197 Y121.271 E243.95659
G1 X116.545 Y121.726 E243.96802
G1 X116.823 Y121.978 E243.97551
G1 X117.163 Y122.238 E243.98405
G1 X117.619 Y122.502 E243.99457
G1 X118.018 Y122.668 E244.00319
G1 X118.44 Y122.793 E244.01198
G1 X118.942 Y122.859 E244.02208
G1 F2400 E243.22208
G1 F300 Z0.68
G0 F15000 X110 Y116.145
G1 F300 Z0.48
G1 F2400 E244.02208
G1 F5400 X110.153 Y116.148 E244.02513
G1 X111.469 Y115.984 E244.0516
G1 X111.798 Y115.885 E244.05846
G1 X113.116 Y115.325 E244.08703
G1 X114.221 Y114.478 E244.11482
G1 X114.466 Y114.234 E244.12172
G1 X115.349 Y113.074 E244.15081
G1 X115.889 Y111.79 E244.17861
G1 X115.984 Y111.461 E244.18544
G1 X116.156 Y110.123 E244.21236
G1 X116.148 Y109.836 E244.21809
G1 X115.987 Y108.551 E244.24394
G1 X115.901 Y108.244 E244.2503
G1 X115.419 Y107.077 E244.2755
G1 X115.247 Y106.777 E244.2824
G1 X114.478 Y105.775 E244.3076
G1 X114.215 Y105.517 E244.31496
G1 X113.083 Y104.655 E244.34335
G1 X111.791 Y104.107 E244.37136
G1 X111.448 Y104.006 E244.37849
G1 X110.151 Y103.844 E244.40458
G1 X109.729 Y103.852 E244.413
G1 X108.55 Y104.005 E244.43672
G1 X108.25 Y104.092 E244.44296
G1 X107.071 Y104.579 E244.46841
G1 X106.773 Y104.749 E244.47526
G1 X105.781 Y105.513 E244.50025
G1 X105.518 Y105.775 E244.50766
G1 X104.757 Y106.761 E244.53251
G1 X104.585 Y107.062 E244.53943
G1 X104.092 Y108.246 E244.56502
G1 X104.006 Y108.545 E244.57123
G1 X103.853 Y109.718 E244.59484
G1 X103.844 Y110.159 E244.60364
G1 X104.009 Y111.468 E244.62997
G1 X104.1 Y111.767 E244.63621
G1 X104.675 Y113.124 E244.66562
G1 X105.516 Y114.214 E244.69309
G1 X105.775 Y114.478 E244.70047
G1 X106.769 Y115.242 E244.72549
G1 X107.071 Y115.416 E244.73245
G1 X108.242 Y115.9 E244.75773
G1 X108.541 Y115.986 E244.76394
G1 X109.718 Y116.139 E244.78763
G1 X110 Y116.145 E244.79326
G1 F2400 E243.99326
G1 F300 Z0.68
G0 F15000 X100.874 Y104.44
G1 F300 Z0.48
G1 F2400 E244.79326
G1 F5400 X101.428 Y104.375 E244.80439
G1 X101.904 Y104.265 E244.81414
G1 X102.559 Y103.974 E244.82844
G1 X102.807 Y103.818 E244.83429
G1 X103.229 Y103.5 E244.84483
G1 X103.503 Y103.227 E244.85255
G1 X103.813 Y102.812 E244.86289
G1 X104.015 Y102.494 E244.87041
G1 X104.274 Y101.869 E244.88391
G1 X104.375 Y101.432 E244.89286
G1 X104.44 Y100.875 E244.90405
G1 X104.431 Y100.56 E244.91034
G1 X104.349 Y99.978 E244.92207
G1 X104.278 Y99.698 E244.92783
G1 X103.992 Y99.014 E244.94263
G1 X103.8 Y98.722 E244.9496
G1 X103.451 Y98.269 E244.96101
G1 X103.169 Y98.014 E244.9686
G1 X102.846 Y97.765 E244.97674
G1 X102.372 Y97.49 E244.98768
G1 X101.992 Y97.334 E244.99587
G1 X101.574 Y97.208 E245.00459
G1 X101.067 Y97.137 E245.0148
G1 X100.489 Y97.137 E245.02634
G1 X100.105 Y97.189 E245.03407
G1 X99.588 Y97.326 E245.04474
G1 X99.212 Y97.478 E245.05284
G1 X98.732 Y97.75 E245.06385
G1 X98.401 Y98.006 E245.0722
G1 X98.127 Y98.245 E245.07945
G1 X97.76 Y98.723 E245.09148
G1 X97.57 Y99.027 E245.09863
G1 X97.33 Y99.583 E245.11072
G1 X97.189 Y100.112 E245.12164
G1 X97.137 Y100.488 E245.12922
G1 X97.136 Y101.036 E245.14016
G1 X97.205 Y101.56 E245.1507
G1 X97.335 Y101.998 E245.15982
G1 X97.487 Y102.358 E245.16762
G1 X97.754 Y102.828 E245.17841
G1 X98.006 Y103.155 E245.18664
G1 X98.223 Y103.41 E245.19333
G1 X98.72 Y103.795 E245.20587
G1 X99.012 Y103.991 E245.21289
G1 X99.674 Y104.273 E245.22725
G1 X99.968 Y104.347 E245.2333
G1 X100.564 Y104.431 E245.24531
G1 X100.874 Y104.44 E245.2515
G1 F2400 E244.4515
G1 F300 Z0.68
G0 F15000 X97.258 Y97.904
G1 F300 Z0.48
G1 F2400 E245.2515
G1 F5400 X97.905 Y97.257 E245.26976
G0 F15000 X98.824 Y97.469
G1 F5400 X101.818 Y94.474 E245.35427
G0 F15000 X102.782 Y94.077
G1 F5400 X99.794 Y97.065 E245.4386
G0 F15000 X100.485 Y96.939
G1 F5400 X103.745 Y93.679 E245.5306
G0 F15000 X104.708 Y93.282
G1 F5400 X101.051 Y96.939 E245.63381
G0 F15000 X101.551 Y97.004
G1 F5400 X105.592 Y92.963 E245.74786
G0 F15000 X106.244 Y92.877
G1 F5400 X101.994 Y97.127 E245.8678
G0 F15000 X102.4 Y97.287
G1 F5400 X106.896 Y92.791 E245.99469
G0 F15000 X107.548 Y92.705
G1 F5400 X102.765 Y97.488 E246.12968
G0 F15000 X103.106 Y97.712
G1 F5400 X108.2 Y92.618 E246.27344
G0 F15000 X108.852 Y92.532
G1 F5400 X103.414 Y97.97 E246.42691
G0 F15000 X103.694 Y98.256
G1 F5400 X109.505 Y92.445 E246.59091
G0 F15000 X110.12 Y92.396
G1 F5400 X103.94 Y98.576 E246.76532
G0 F15000 X104.162 Y98.919
G1 F5400 X110.619 Y92.462 E246.94755
G0 F15000 X111.119 Y92.528
G1 F5400 X104.336 Y99.31 E247.13897
G0 F15000 X104.489 Y99.723
G1 F5400 X111.618 Y92.594 E247.34017
G0 F15000 X112.117 Y92.661
G1 F5400 X104.582 Y100.196 E247.55282
G0 F15000 X104.634 Y100.71
G1 F5400 X112.617 Y92.727 E247.77812
G0 F15000 X113.117 Y92.793
G1 F5400 X104.591 Y101.319 E248.01874
G0 F15000 X104.409 Y102.066
G1 F5400 X113.616 Y92.859 E248.27858
G0 F15000 X114.115 Y92.926
G1 F5400 X92.919 Y114.121 E248.87676
G0 F15000 X92.996 Y114.611
G1 F5400 X114.605 Y93.002 E249.48662
G0 F15000 X115.006 Y93.166
G1 F5400 X93.162 Y115.01 E250.1031
G0 F15000 X93.327 Y115.41
G1 F5400 X115.406 Y93.332 E250.7262
G0 F15000 X115.806 Y93.497
G1 F5400 X93.494 Y115.81 E251.35591
G0 F15000 X93.66 Y116.209
G1 F5400 X116.207 Y93.663 E251.99222
G0 F15000 X116.608 Y93.827
G1 F5400 X93.825 Y116.61 E252.63521
G0 F15000 X93.991 Y117.009
G1 F5400 X117.008 Y93.993 E253.28478
G0 F15000 X117.408 Y94.158
G1 F5400 X107.297 Y104.269 E253.57014
G0 F15000 X108.248 Y103.884
G1 F5400 X117.809 Y94.323 E253.83997
G0 F15000 X118.209 Y94.489
G1 F5400 X108.945 Y103.753 E254.10142
G0 F15000 X109.596 Y103.668
G1 F5400 X118.609 Y94.654 E254.3558
G0 F15000 X118.969 Y94.86
G1 F5400 X110.182 Y103.647 E254.60379
G0 F15000 X110.685 Y103.71
G1 F5400 X119.288 Y95.107 E254.84658
G0 F15000 X119.609 Y95.352
G1 F5400 X117.732 Y97.229 E254.89956
G0 F15000 X118.538 Y96.988
G1 F5400 X119.928 Y95.598 E254.93879
G0 F15000 X120.248 Y95.843
G1 F5400 X119.153 Y96.939 E254.9697
G0 F15000 X119.696 Y96.961
G1 F5400 X120.568 Y96.089 E254.99431
G0 F15000 X120.888 Y96.335
G1 F5400 X120.164 Y97.06 E255.01476
G0 F15000 X120.6 Y97.189
G1 F5400 X121.208 Y96.581 E255.03192
G0 F15000 X121.528 Y96.826
G1 F5400 X120.986 Y97.369 E255.04723
G0 F15000 X121.346 Y97.574
G1 F5400 X121.848 Y97.072 E255.0614
G0 F15000 X122.168 Y97.318
G1 F5400 X121.672 Y97.814 E255.07539
G0 F15000 X121.972 Y98.08
G1 F5400 X122.479 Y97.572 E255.08972
G0 F15000 X122.725 Y97.892
G1 F5400 X122.23 Y98.388 E255.1037
G0 F15000 X122.468 Y98.715
G1 F5400 X122.971 Y98.212 E255.1179
G0 F15000 X123.217 Y98.532
G1 F5400 X122.67 Y99.078 E255.13332
G0 F15000 X122.836 Y99.478
G1 F5400 X123.462 Y98.852 E255.15099
G0 F15000 X123.708 Y99.172
G1 F5400 X122.962 Y99.918 E255.17204
G0 F15000 X123.046 Y100.4
G1 F5400 X123.954 Y99.492 E255.19767
G0 F15000 X124.2 Y99.812
G1 F5400 X123.059 Y100.952 E255.22985
G0 F15000 X122.991 Y101.586
G1 F5400 X124.445 Y100.132 E255.27089
G0 F15000 X124.691 Y100.452
G1 F5400 X122.683 Y102.46 E255.32756
G1 F2400 E254.52756
G1 F300 Z0.68
G0 F15000 X120.893 Y104.249
G1 F300 Z0.48
G1 F2400 E255.32756
G1 F5400 X116.232 Y108.911 E255.45912
G0 F15000 X116.159 Y108.418
G1 F5400 X120.029 Y104.549 E255.56832
G0 F15000 X119.379 Y104.633
G1 F5400 X116.014 Y107.997 E255.66328
G0 F15000 X115.849 Y107.597
G1 F5400 X118.836 Y104.609 E255.74759
G0 F15000 X118.349 Y104.531
G1 F5400 X115.683 Y107.197 E255.82283
G0 F15000 X115.5 Y106.814
G1 F5400 X117.911 Y104.403 E255.89087
G0 F15000 X117.512 Y104.237
G1 F5400 X115.27 Y106.478 E255.95413
G0 F15000 X115.025 Y106.158
G1 F5400 X117.153 Y104.03 E256.01419
G0 F15000 X116.825 Y103.793
G1 F5400 X114.779 Y105.838 E256.07192
G0 F15000 X114.515 Y105.536
G1 F5400 X116.52 Y103.532 E256.12849
G0 F15000 X116.253 Y103.233
G1 F5400 X114.218 Y105.268 E256.18592
G0 F15000 X113.898 Y105.022
G1 F5400 X116.007 Y102.913 E256.24544
G0 F15000 X115.792 Y102.563
G1 F5400 X113.578 Y104.776 E256.30791
G0 F15000 X113.258 Y104.531
G1 F5400 X115.628 Y102.161 E256.3748
G0 F15000 X115.483 Y101.74
G1 F5400 X112.873 Y104.35 E256.44846
G0 F15000 X112.476 Y104.182
G1 F5400 X115.396 Y101.261 E256.53088
G0 F15000 X115.357 Y100.735
G1 F5400 X112.079 Y104.013 E256.62339
G0 F15000 X111.663 Y103.863
G1 F5400 X115.429 Y100.097 E256.72968
G0 F15000 X115.668 Y99.293
G1 F5400 X111.188 Y103.772 E256.8561
G1 F2400 E256.0561
G1 F300 Z0.68
G0 F15000 X116.296 Y109.413
G1 F300 Z0.48
G1 F2400 E256.8561
G1 F5400 X124.937 Y100.772 E257.09997
G0 F15000 X125.183 Y101.092
G1 F5400 X116.351 Y109.923 E257.34921
G0 F15000 X116.304 Y110.536
G1 F5400 X125.373 Y101.467 E257.60516
G0 F15000 X125.538 Y101.867
G1 F5400 X116.22 Y111.185 E257.86813
G0 F15000 X116.048 Y111.924
G1 F5400 X125.704 Y102.267 E258.14066
G0 F15000 X125.869 Y102.668
G1 F5400 X115.64 Y112.897 E258.42934
G1 F2400 E257.62934
G1 F300 Z0.68
G0 F15000 X116.984 Y116.078
G1 F300 Z0.48
G1 F2400 E258.42934
G1 F5400 X127.083 Y105.98 E258.71435
G0 F15000 X127.148 Y106.48
G1 F5400 X118.102 Y115.526 E258.96964
G0 F15000 X118.805 Y115.389
G1 F5400 X127.214 Y106.98 E259.20696
G0 F15000 X127.28 Y107.48
G1 F5400 X119.396 Y115.363 E259.42945
G0 F15000 X119.899 Y115.426
G1 F5400 X127.346 Y107.979 E259.63962
G0 F15000 X127.411 Y108.479
G1 F5400 X120.355 Y115.536 E259.83877
G0 F15000 X120.764 Y115.693
G1 F5400 X127.477 Y108.979 E260.02824
G0 F15000 X127.543 Y109.479
G1 F5400 X121.144 Y115.878 E260.20884
G0 F15000 X121.482 Y116.106
G1 F5400 X127.609 Y109.979 E260.38175
G0 F15000 X127.528 Y110.625
G1 F5400 X121.803 Y116.35 E260.54333
G0 F15000 X122.083 Y116.637
G1 F5400 X127.442 Y111.277 E260.69458
G0 F15000 X127.356 Y111.929
G1 F5400 X122.329 Y116.956 E260.83645
G0 F15000 X122.548 Y117.303
G1 F5400 X127.269 Y112.581 E260.96971
G0 F15000 X127.182 Y113.234
G1 F5400 X122.744 Y117.672 E261.09496
G0 F15000 X122.897 Y118.085
G1 F5400 X127.096 Y113.886 E261.21346
G0 F15000 X127.01 Y114.538
G1 F5400 X123.008 Y118.539 E261.32639
G0 F15000 X123.058 Y119.056
G1 F5400 X126.626 Y115.488 E261.42709
G0 F15000 X126.228 Y116.451
G1 F5400 X123.042 Y119.638 E261.51702
G0 F15000 X122.887 Y120.358
G1 F5400 X125.83 Y117.414 E261.60009
G0 F15000 X125.432 Y118.378
G1 F5400 X122.631 Y121.179 E261.67914
G0 F15000 X122.988 Y121.388
G1 F5400 X124.208 Y120.168 E261.71357
G1 F2400 E260.91357
G1 F300 Z0.68
G0 F15000 X121.19 Y122.621
G1 F300 Z0.48
G1 F2400 E261.71357
G1 F5400 X118.375 Y125.436 E261.79302
G0 F15000 X117.409 Y125.836
G1 F5400 X120.355 Y122.89 E261.87616
G0 F15000 X119.641 Y123.038
G1 F5400 X116.443 Y126.236 E261.96641
G0 F15000 X115.477 Y126.636
G1 F5400 X119.056 Y123.058 E262.06741
G0 F15000 X118.54 Y123.008
G1 F5400 X114.529 Y127.018 E262.18059
G0 F15000 X113.879 Y127.103
G1 F5400 X118.086 Y122.896 E262.29932
G0 F15000 X117.676 Y122.74
G1 F5400 X113.228 Y127.189 E262.42487
G0 F15000 X112.576 Y127.274
G1 F5400 X117.302 Y122.549 E262.55823
G0 F15000 X116.955 Y122.329
G1 F5400 X111.926 Y127.359 E262.70018
G0 F15000 X111.275 Y127.445
G1 F5400 X116.64 Y122.079 E262.8516
G0 F15000 X116.351 Y121.803
G1 F5400 X110.623 Y127.53 E263.01324
G0 F15000 X109.978 Y127.609
G1 F5400 X116.106 Y121.482 E263.18618
G0 F15000 X115.878 Y121.144
G1 F5400 X109.479 Y127.544 E263.36678
G0 F15000 X108.978 Y127.479
G1 F5400 X115.692 Y120.765 E263.55627
G0 F15000 X115.534 Y120.357
G1 F5400 X108.478 Y127.413 E263.7554
G0 F15000 X107.978 Y127.347
G1 F5400 X115.425 Y119.9 E263.96557
G0 F15000 X115.363 Y119.396
G1 F5400 X107.477 Y127.282 E264.18813
G0 F15000 X106.977 Y127.216
G1 F5400 X115.388 Y118.806 E264.4255
G0 F15000 X115.525 Y118.103
G1 F5400 X106.477 Y127.151 E264.68085
G0 F15000 X105.977 Y127.085
G1 F5400 X116.069 Y116.994 E264.96565
G1 F2400 E264.16565
G1 F300 Z0.68
G0 F15000 X112.897 Y115.64
G1 F300 Z0.48
G1 F2400 E264.96565
G1 F5400 X102.666 Y125.871 E265.25439
G0 F15000 X102.267 Y125.704
G1 F5400 X111.927 Y116.045 E265.52701
G0 F15000 X111.185 Y116.22
G1 F5400 X101.867 Y125.539 E265.78999
G0 F15000 X101.466 Y125.374
G1 F5400 X110.538 Y116.301 E266.04604
G0 F15000 X109.931 Y116.343
G1 F5400 X101.092 Y125.183 E266.29551
G0 F15000 X100.771 Y124.937
G1 F5400 X109.41 Y116.299 E266.53931
G0 F15000 X108.909 Y116.234
G1 F5400 X104.25 Y120.893 E266.67079
G0 F15000 X104.551 Y120.026
G1 F5400 X108.416 Y116.161 E266.77987
G0 F15000 X107.998 Y116.014
G1 F5400 X104.631 Y119.38 E266.87488
G0 F15000 X104.61 Y118.836
G1 F5400 X107.597 Y115.849 E266.95918
G0 F15000 X107.197 Y115.683
G1 F5400 X104.531 Y118.349 E267.03442
G0 F15000 X104.404 Y117.91
G1 F5400 X106.816 Y115.498 E267.10249
G0 F15000 X106.478 Y115.27
G1 F5400 X104.233 Y117.515 E267.16585
G0 F15000 X104.032 Y117.151
G1 F5400 X106.159 Y115.024 E267.22588
G0 F15000 X105.839 Y114.778
G1 F5400 X103.795 Y116.823 E267.28358
G0 F15000 X103.534 Y116.518
G1 F5400 X105.534 Y114.517 E267.34004
G0 F15000 X105.267 Y114.219
G1 F5400 X103.232 Y116.254 E267.39747
G0 F15000 X102.912 Y116.008
G1 F5400 X105.021 Y113.899 E267.45699
G0 F15000 X104.774 Y113.58
G1 F5400 X102.562 Y115.792 E267.51942
G0 F15000 X102.16 Y115.629
G1 F5400 X104.528 Y113.261 E267.58625
G0 F15000 X104.348 Y112.875
G1 F5400 X101.739 Y115.485 E267.6599
G0 F15000 X101.259 Y115.398
G1 F5400 X104.182 Y112.476 E267.74237
G0 F15000 X104.015 Y112.077
G1 F5400 X100.735 Y115.357 E267.83494
G0 F15000 X100.097 Y115.429
G1 F5400 X103.861 Y111.665 E267.94117
G0 F15000 X103.771 Y111.19
G1 F5400 X99.288 Y115.672 E268.06768
G1 F2400 E267.26768
G1 F300 Z0.68
G0 F15000 X97.234 Y117.727
G1 F300 Z0.48
G1 F2400 E268.06768
G1 F5400 X95.353 Y119.607 E268.12075
G0 F15000 X95.599 Y119.927
G1 F5400 X96.99 Y118.536 E268.16001
G0 F15000 X96.939 Y119.152
G1 F5400 X95.844 Y120.248 E268.19092
G0 F15000 X96.09 Y120.567
G1 F5400 X96.961 Y119.697 E268.21549
G0 F15000 X97.056 Y120.167
G1 F5400 X96.336 Y120.888 E268.23583
G0 F15000 X96.581 Y121.208
G1 F5400 X97.19 Y120.598 E268.25303
G0 F15000 X97.357 Y120.997
G1 F5400 X96.845 Y121.509 E268.26748
G1 F2400 E267.46748
G1 F300 Z0.68
G0 F15000 X98.531 Y123.218
G1 F300 Z0.48
G1 F2400 E268.26748
G1 F5400 X99.08 Y122.669 E268.28297
G0 F15000 X99.477 Y122.837
G1 F5400 X98.851 Y123.464 E268.30065
G0 F15000 X99.171 Y123.709
G1 F5400 X99.919 Y122.961 E268.32176
G0 F15000 X100.399 Y123.046
G1 F5400 X99.491 Y123.954 E268.34739
G0 F15000 X99.811 Y124.2
G1 F5400 X100.954 Y123.057 E268.37965
G0 F15000 X101.59 Y122.987
G1 F5400 X100.131 Y124.446 E268.42082
G0 F15000 X100.452 Y124.691
G1 F5400 X102.465 Y122.678 E268.47763
G1 F2400 E267.67763
G1 F300 Z0.68
G0 F15000 X103.066 Y126.036
G1 F300 Z0.48
G1 F2400 E268.47763
G1 F5400 X126.035 Y103.068 E269.12585
G0 F15000 X126.2 Y103.468
G1 F5400 X103.466 Y126.202 E269.76746
G0 F15000 X103.866 Y126.368
G1 F5400 X126.366 Y103.868 E270.40245
G0 F15000 X126.531 Y104.269
G1 F5400 X104.266 Y126.533 E271.03081
G0 F15000 X104.666 Y126.699
G1 F5400 X126.697 Y104.669 E271.65256
G0 F15000 X126.862 Y105.069
G1 F5400 X105.066 Y126.865 E272.26769
G0 F15000 X105.477 Y127.02
G1 F5400 X127.017 Y105.48 E272.87559
G1 F2400 E272.07559
G1 F300 Z0.68
G0 F15000 X121.398 Y122.979
G1 F300 Z0.48
G1 F2400 E272.87559
G1 F5400 X120.165 Y124.211 E272.91037
G1 F2400 E272.11037
G1 F300 Z0.68
G0 F15000 X103.708 Y110.687
G1 F300 Z0.48
G1 F2400 E272.91037
G1 F5400 X95.107 Y119.287 E273.1531
G0 F15000 X94.862 Y118.967
G1 F5400 X103.645 Y110.184 E273.40097
G0 F15000 X103.668 Y109.595
G1 F5400 X94.655 Y118.609 E273.65536
G0 F15000 X94.489 Y118.209
G1 F5400 X103.753 Y108.945 E273.91681
G0 F15000 X103.882 Y108.25
G1 F5400 X94.323 Y117.809 E274.18658
G0 F15000 X94.157 Y117.409
G1 F5400 X104.271 Y107.296 E274.47201
G1 F2400 E273.67201
G1 F300 Z0.68
G0 F15000 X102.063 Y104.412
G1 F300 Z0.48
G1 F2400 E274.47201
G1 F5400 X92.854 Y113.621 E274.7319
G0 F15000 X92.789 Y113.121
G1 F5400 X101.32 Y104.59 E274.97267
G0 F15000 X100.711 Y104.633
G1 F5400 X92.723 Y112.621 E275.19811
G0 F15000 X92.658 Y112.12
G1 F5400 X100.197 Y104.581 E275.41087
G0 F15000 X99.721 Y104.491
G1 F5400 X92.592 Y111.62 E275.61207
G0 F15000 X92.527 Y111.12
G1 F5400 X99.311 Y104.336 E275.80353
G0 F15000 X98.916 Y104.165
G1 F5400 X92.461 Y110.62 E275.9857
G0 F15000 X92.396 Y110.12
G1 F5400 X98.578 Y103.937 E276.16018
G0 F15000 X98.257 Y103.692
G1 F5400 X92.446 Y109.504 E276.3242
G0 F15000 X92.531 Y108.853
G1 F5400 X97.966 Y103.418 E276.47759
G0 F15000 X97.714 Y103.104
G1 F5400 X92.617 Y108.201 E276.62143
G0 F15000 X92.702 Y107.55
G1 F5400 X97.488 Y102.765 E276.75649
G0 F15000 X97.287 Y102.4
G1 F5400 X92.788 Y106.899 E276.88346
G0 F15000 X92.874 Y106.247
G1 F5400 X97.124 Y101.997 E277.00341
G0 F15000 X97.002 Y101.553
G1 F5400 X92.96 Y105.596 E277.11749
G0 F15000 X93.277 Y104.713
G1 F5400 X96.937 Y101.053 E277.22079
G0 F15000 X96.939 Y100.486
G1 F5400 X93.675 Y103.749 E277.31289
G0 F15000 X94.075 Y102.784
G1 F5400 X97.068 Y99.79 E277.39737
G0 F15000 X97.455 Y98.838
G1 F5400 X94.474 Y101.819 E277.4815
G1 F2400 E276.6815
G1 F300 Z0.68
G0 F15000 X95.385 Y100.342
G1 F300 Z0.48
G1 F2400 E277.4815
G1 F5400 X100.343 Y95.384 E277.62143
G1 F2400 E276.82143
G1 F300 Z0.68
;MESH:NONMESH
G0 F15000 X100.87 Y104.083
;TIME_ELAPSED:499.276248
;LAYER:4
;MESH:vertMount_Cover_RPi_r01.stl
G0 Z0.8
;TYPE:WALL-INNER
G1 F300 Z0.6
G1 F2400 E277.62143
G1 F5400 X100.611 Y104.073 E277.6266
G1 X99.949 Y103.986 E277.63993
G1 X99.338 Y103.741 E277.65306
G1 X99.061 Y103.604 E277.65923
G1 X98.605 Y103.254 E277.6707
G1 X98.387 Y103.061 E277.67651
G1 X98.055 Y102.627 E277.68742
G1 X97.822 Y102.226 E277.69667
G1 X97.671 Y101.862 E277.70454
G1 X97.561 Y101.49 E277.71228
G1 X97.496 Y101.02 E277.72175
G1 X97.496 Y100.538 E277.73136
G1 X97.548 Y100.154 E277.7391
G1 X97.671 Y99.702 E277.74845
G1 X97.888 Y99.199 E277.75938
G1 X98.048 Y98.946 E277.76535
G1 X98.291 Y98.624 E277.7734
G1 X98.5 Y98.387 E277.77971
G1 X98.934 Y98.053 E277.79064
G1 X99.347 Y97.815 E277.80015
G1 X99.707 Y97.667 E277.80792
G1 X100.152 Y97.547 E277.81711
G1 X100.54 Y97.495 E277.82493
G1 X101.02 Y97.496 E277.83451
G1 X101.489 Y97.56 E277.84395
G1 X101.853 Y97.667 E277.85152
G1 X102.213 Y97.815 E277.85929
G1 X102.626 Y98.053 E277.8688
G1 X103.06 Y98.387 E277.87973
G1 X103.267 Y98.622 E277.88598
G1 X103.61 Y99.068 E277.89721
G1 X103.741 Y99.338 E277.9032
G1 X103.986 Y99.949 E277.91634
G1 X104.073 Y100.611 E277.92966
G1 X104.083 Y100.87 E277.93483
G1 X104.019 Y101.39 E277.94529
G1 X103.938 Y101.744 E277.95254
G1 X103.692 Y102.335 E277.96531
G1 X103.521 Y102.606 E277.9717
G1 X103.223 Y103.002 E277.9816
G1 X103.002 Y103.223 E277.98783
G1 X102.606 Y103.521 E277.99772
G1 X102.375 Y103.667 E278.00318
G1 X101.783 Y103.929 E278.0161
G1 X101.39 Y104.019 E278.02414
G1 X100.87 Y104.083 E278.0346
G0 F15000 X100.777 Y103.691
G1 F5400 X100.103 Y103.607 E278.04815
G1 X99.856 Y103.524 E278.05335
G1 X99.323 Y103.302 E278.06487
G1 X98.72 Y102.838 E278.08006
G1 X98.372 Y102.384 E278.09147
G1 X98.191 Y102.072 E278.09867
G1 X98.04 Y101.708 E278.10653
G1 X97.954 Y101.418 E278.11257
G1 X97.892 Y100.966 E278.12168
G1 X97.892 Y100.591 E278.12916
G1 X97.944 Y100.207 E278.13689
G1 X98.04 Y99.856 E278.14415
G1 X98.273 Y99.311 E278.15598
G1 X98.715 Y98.727 E278.1706
G1 X99.178 Y98.37 E278.18227
G1 X99.499 Y98.185 E278.18966
G1 X99.859 Y98.037 E278.19743
G1 X100.205 Y97.944 E278.20458
G1 X100.593 Y97.892 E278.21239
G1 X100.966 Y97.892 E278.21983
G1 X101.418 Y97.954 E278.22894
G1 X101.701 Y98.037 E278.23482
G1 X102.061 Y98.185 E278.24259
G1 X102.382 Y98.37 E278.24998
G1 X102.839 Y98.722 E278.2615
G1 X103.306 Y99.329 E278.27678
G1 X103.596 Y100.046 E278.29221
G1 X103.674 Y100.649 E278.30435
G1 X103.67 Y100.952 E278.31039
G1 X103.622 Y101.34 E278.3182
G1 X103.559 Y101.616 E278.32385
G1 X103.287 Y102.25 E278.33761
G1 X102.844 Y102.843 E278.35239
G1 X102.254 Y103.286 E278.36711
G1 X101.616 Y103.559 E278.38096
G1 X101.34 Y103.622 E278.38661
G1 X100.777 Y103.691 E278.39793
G0 F15000 X100.749 Y103.284
G1 F5400 X100.146 Y103.207 E278.41006
G1 X99.528 Y102.955 E278.42338
G1 X99.005 Y102.552 E278.43655
G1 X98.69 Y102.141 E278.44689
G1 X98.561 Y101.918 E278.45203
G1 X98.361 Y101.438 E278.4624
G1 X98.288 Y100.913 E278.47298
G1 X98.289 Y100.645 E278.47833
G1 X98.341 Y100.261 E278.48606
G1 X98.409 Y100.01 E278.49125
G1 X98.62 Y99.516 E278.50197
G1 X98.984 Y99.034 E278.51403
G1 X99.422 Y98.687 E278.52518
G1 X99.651 Y98.555 E278.53045
G1 X100.011 Y98.407 E278.53822
G1 X100.259 Y98.34 E278.54335
G1 X100.646 Y98.288 E278.55114
G1 X100.913 Y98.288 E278.55647
G1 X101.431 Y98.358 E278.5669
G1 X101.909 Y98.555 E278.57722
G1 X102.138 Y98.687 E278.58249
G1 X102.554 Y99.007 E278.59296
G1 X102.956 Y99.53 E278.60613
G1 X103.207 Y100.146 E278.6194
G1 X103.288 Y100.781 E278.63218
G1 X103.209 Y101.421 E278.64505
G1 X102.939 Y102.049 E278.65869
G1 X102.558 Y102.558 E278.67138
G1 X102.049 Y102.939 E278.68406
G1 X101.415 Y103.212 E278.69784
G1 X100.749 Y103.284 E278.71121
G0 F15000 X100.781 Y102.885
G1 F5400 X100.249 Y102.819 E278.72191
G1 X99.733 Y102.601 E278.73308
G1 X99.294 Y102.264 E278.74413
G1 X98.961 Y101.838 E278.75492
G1 X98.748 Y101.328 E278.76595
G1 X98.674 Y100.779 E278.777
G1 X98.748 Y100.235 E278.78796
G1 X98.967 Y99.72 E278.79913
G1 X99.295 Y99.295 E278.80984
G1 X99.727 Y98.956 E278.8208
G1 X100.235 Y98.747 E278.83176
G1 X100.781 Y98.674 E278.84276
G1 X101.326 Y98.748 E278.85373
G1 X101.833 Y98.956 E278.86467
G1 X102.264 Y99.295 E278.87561
G1 X102.601 Y99.733 E278.88664
G1 X102.819 Y100.249 E278.89782
G1 X102.885 Y100.781 E278.90852
G1 X102.818 Y101.319 E278.91933
G1 X102.595 Y101.842 E278.93068
G1 X102.269 Y102.269 E278.9414
G1 X101.842 Y102.595 E278.95212
G1 X101.319 Y102.818 E278.96347
G1 X100.781 Y102.885 E278.97429
G1 F2400 E278.17429
G1 F300 Z0.8
G0 F15000 X110 Y115.788
G1 F300 Z0.6
G1 F2400 E278.97429
G1 F5400 X109.772 Y115.782 E278.97884
G1 X108.608 Y115.634 E279.00226
G1 X108.355 Y115.558 E279.00753
G1 X107.071 Y115.021 E279.0353
G1 X106.014 Y114.207 E279.06192
G1 X105.793 Y113.986 E279.06816
G1 X104.978 Y112.925 E279.09486
G1 X104.443 Y111.656 E279.12234
G1 X104.362 Y111.387 E279.12795
G1 X104.204 Y110.128 E279.15327
G1 X104.214 Y109.772 E279.16038
G1 X104.362 Y108.611 E279.18374
G1 X104.437 Y108.357 E279.18902
G1 X104.969 Y107.095 E279.21635
G1 X105.793 Y106.014 E279.24348
G1 X106.014 Y105.793 E279.24971
G1 X107.095 Y104.969 E279.27684
G1 X108.357 Y104.437 E279.30417
G1 X108.613 Y104.361 E279.3095
G1 X109.873 Y104.204 E279.33484
G1 X110.229 Y104.214 E279.34195
G1 X111.389 Y104.362 E279.36528
G1 X111.656 Y104.443 E279.37085
G1 X112.808 Y104.929 E279.3958
G1 X113.09 Y105.105 E279.40244
G1 X113.986 Y105.793 E279.42498
G1 X114.207 Y106.014 E279.43122
G1 X115.021 Y107.071 E279.45784
G1 X115.558 Y108.355 E279.48561
G1 X115.634 Y108.61 E279.49092
G1 X115.792 Y109.873 E279.51632
G1 X115.782 Y110.229 E279.52343
G1 X115.633 Y111.392 E279.54683
G1 X115.552 Y111.658 E279.55238
G1 X115.026 Y112.919 E279.57965
G1 X114.207 Y113.986 E279.60649
G1 X113.986 Y114.207 E279.61273
G1 X112.919 Y115.026 E279.63957
G1 X111.658 Y115.552 E279.66683
G1 X111.39 Y115.634 E279.67243
G1 X110.128 Y115.792 E279.69781
G1 X110 Y115.788 E279.70036
G0 F15000 X109.998 Y115.406
G1 F5400 X108.581 Y115.22 E279.72888
G1 X107.298 Y114.684 E279.75663
G1 X106.271 Y113.901 E279.7824
G1 X106.099 Y113.729 E279.78726
G1 X105.313 Y112.693 E279.81321
G1 X104.766 Y111.394 E279.84134
G1 X104.59 Y109.998 E279.86942
G1 X104.776 Y108.579 E279.89798
G1 X105.32 Y107.292 E279.92586
G1 X106.099 Y106.271 E279.95149
G1 X106.271 Y106.099 E279.95634
G1 X107.309 Y105.306 E279.98241
G1 X108.58 Y104.776 E280.00989
G1 X109.998 Y104.59 E280.03843
G1 X111.394 Y104.766 E280.06651
G1 X112.628 Y105.286 E280.09323
G1 X112.847 Y105.423 E280.09839
G1 X113.729 Y106.099 E280.12057
G1 X113.901 Y106.271 E280.12542
G1 X114.684 Y107.298 E280.15119
G1 X115.22 Y108.581 E280.17894
G1 X115.406 Y109.998 E280.20746
G1 X115.23 Y111.391 E280.23548
G1 X114.687 Y112.692 E280.26361
G1 X113.901 Y113.729 E280.28958
G1 X113.729 Y113.901 E280.29444
G1 X112.677 Y114.698 E280.32077
G1 X111.389 Y115.231 E280.34859
G1 X109.998 Y115.406 E280.37657
G0 F15000 X110 Y115.004
G1 F5400 X109.99 Y115.005 E280.37677
G1 X108.689 Y114.832 E280.40296
G1 X107.497 Y114.336 E280.42873
G1 X106.455 Y113.538 E280.45492
G1 X105.663 Y112.495 E280.48105
G1 X105.165 Y111.312 E280.50667
G1 X104.991 Y109.991 E280.53326
G1 X105.163 Y108.69 E280.55944
G1 X105.667 Y107.494 E280.58535
G1 X106.459 Y106.459 E280.61135
G1 X107.506 Y105.658 E280.63766
G1 X108.691 Y105.163 E280.66329
G1 X110 Y104.993 E280.68963
G1 X111.312 Y105.165 E280.71604
G1 X112.496 Y105.663 E280.74167
G1 X113.541 Y106.458 E280.76787
G1 X114.336 Y107.497 E280.79398
G1 X114.833 Y108.69 E280.81977
G1 X115.003 Y110 E280.84613
G1 X114.832 Y111.308 E280.87246
G1 X114.339 Y112.493 E280.89807
G1 X113.539 Y113.545 E280.92445
G1 X112.493 Y114.339 E280.95065
G1 X111.308 Y114.832 E280.97626
G1 X110 Y115.004 E281.00259
G0 F15000 X110 Y114.598
G1 F5400 X108.8 Y114.445 E281.02673
G1 X107.699 Y113.988 E281.05052
G1 X106.744 Y113.256 E281.07453
G1 X106.009 Y112.292 E281.09873
G1 X105.55 Y111.195 E281.12246
G1 X105.396 Y110.017 E281.14617
G1 X105.551 Y108.8 E281.17065
G1 X106.013 Y107.697 E281.19451
G1 X106.747 Y106.747 E281.21847
G1 X107.697 Y106.013 E281.24243
G1 X108.812 Y105.546 E281.26655
G1 X110.001 Y105.394 E281.29047
G1 X111.196 Y105.55 E281.31452
G1 X112.306 Y106.016 E281.33855
G1 X113.252 Y106.747 E281.36241
G1 X113.988 Y107.699 E281.38642
G1 X114.45 Y108.812 E281.41047
G1 X114.602 Y110.001 E281.43439
G1 X114.446 Y111.196 E281.45844
G1 X113.985 Y112.305 E281.48241
G1 X113.253 Y113.253 E281.50631
G1 X112.289 Y113.993 E281.53056
G1 X111.196 Y114.446 E281.55417
G1 X110.017 Y114.6 E281.5779
G1 X110 Y114.598 E281.57824
G1 F2400 E280.77824
G1 F300 Z0.8
G0 F15000 X118.992 Y122.502
G1 F300 Z0.6
G1 F2400 E281.57824
G1 F5400 X118.508 Y122.44 E281.58798
G1 X118.138 Y122.329 E281.59569
G1 X117.774 Y122.178 E281.60355
G1 X117.37 Y121.943 E281.61288
G1 X116.939 Y121.611 E281.62373
G1 X116.742 Y121.391 E281.62963
G1 X116.393 Y120.935 E281.64109
G1 X116.258 Y120.662 E281.64717
G1 X116.106 Y120.298 E281.65504
G1 X116.001 Y119.984 E281.66164
G1 X115.923 Y119.384 E281.67372
G1 X115.913 Y119.115 E281.67909
G1 X115.984 Y118.59 E281.68966
G1 X116.059 Y118.264 E281.69634
G1 X116.302 Y117.664 E281.70926
G1 X116.491 Y117.369 E281.71625
G1 X116.777 Y116.998 E281.7256
G1 X116.998 Y116.777 E281.73183
G1 X117.369 Y116.491 E281.74118
G1 X117.664 Y116.302 E281.74817
G1 X118.264 Y116.059 E281.76109
G1 X118.59 Y115.984 E281.76777
G1 X119.115 Y115.913 E281.77834
G1 X119.384 Y115.923 E281.78371
G1 X119.844 Y115.983 E281.79297
G1 X120.135 Y116.047 E281.79892
G1 X120.662 Y116.258 E281.81024
G1 X120.935 Y116.393 E281.81632
G1 X121.39 Y116.741 E281.82775
G1 X121.608 Y116.934 E281.83356
G1 X121.943 Y117.37 E281.84454
G1 X122.178 Y117.774 E281.85386
G1 X122.33 Y118.138 E281.86174
G1 X122.439 Y118.509 E281.86945
G1 X122.502 Y118.992 E281.87917
G1 X122.502 Y119.438 E281.88807
G1 X122.455 Y119.826 E281.89587
G1 X122.329 Y120.298 E281.90562
G1 X122.178 Y120.662 E281.91349
G1 X121.945 Y121.064 E281.92276
G1 X121.599 Y121.507 E281.93398
G1 X121.383 Y121.696 E281.9397
G1 X121.065 Y121.944 E281.94775
G1 X120.803 Y122.114 E281.95398
G1 X120.298 Y122.329 E281.96494
G1 X119.826 Y122.455 E281.97469
G1 X119.438 Y122.502 E281.98249
G1 X118.992 Y122.502 E281.99139
G0 F15000 X119.042 Y122.105
G1 F5400 X118.58 Y122.046 E282.00068
G1 X118.292 Y121.96 E282.00668
G1 X117.928 Y121.808 E282.01455
G1 X117.614 Y121.626 E282.02179
G1 X117.154 Y121.272 E282.03338
G1 X116.693 Y120.67 E282.04851
G1 X116.404 Y119.951 E282.06397
G1 X116.303 Y119.208 E282.07894
G1 X116.38 Y118.644 E282.0903
G1 X116.439 Y118.39 E282.0955
G1 X116.711 Y117.738 E282.1096
G1 X117.158 Y117.158 E282.12421
G1 X117.738 Y116.711 E282.13882
G1 X118.39 Y116.439 E282.15292
G1 X118.644 Y116.38 E282.15813
G1 X119.208 Y116.303 E282.16949
G1 X119.952 Y116.404 E282.18447
G1 X120.673 Y116.695 E282.19998
G1 X121.274 Y117.157 E282.21511
G1 X121.626 Y117.614 E282.22662
G1 X121.808 Y117.928 E282.23387
G1 X121.961 Y118.292 E282.24175
G1 X122.046 Y118.581 E282.24776
G1 X122.106 Y119.042 E282.25704
G1 X122.106 Y119.388 E282.26394
G1 X122.058 Y119.777 E282.27176
G1 X121.96 Y120.144 E282.27934
G1 X121.809 Y120.508 E282.28721
G1 X121.628 Y120.821 E282.29442
G1 X121.271 Y121.277 E282.30598
G1 X120.691 Y121.728 E282.32064
G1 X120.144 Y121.96 E282.3325
G1 X119.777 Y122.058 E282.34008
G1 X119.388 Y122.106 E282.3479
G1 X119.042 Y122.105 E282.35481
G0 F15000 X119.219 Y121.724
G1 F5400 X118.57 Y121.643 E282.36786
G1 X118.082 Y121.439 E282.37841
G1 X117.858 Y121.309 E282.38358
G1 X117.441 Y120.989 E282.39407
G1 X117.044 Y120.47 E282.40711
G1 X116.794 Y119.855 E282.42036
G1 X116.711 Y119.245 E282.43264
G1 X116.791 Y118.585 E282.44591
G1 X117.055 Y117.947 E282.45969
G1 X117.443 Y117.443 E282.47238
G1 X117.947 Y117.055 E282.48508
G1 X118.584 Y116.791 E282.49884
G1 X119.251 Y116.71 E282.51225
G1 X119.855 Y116.794 E282.52442
G1 X120.476 Y117.046 E282.53779
G1 X120.984 Y117.448 E282.55072
G1 X121.309 Y117.858 E282.56116
G1 X121.439 Y118.082 E282.56633
G1 X121.641 Y118.565 E282.57677
G1 X121.725 Y119.212 E282.58979
G1 X121.661 Y119.727 E282.60015
G1 X121.591 Y119.99 E282.60558
G1 X121.439 Y120.354 E282.61345
G1 X121.306 Y120.583 E282.61874
G1 X120.984 Y120.984 E282.629
G1 X120.491 Y121.379 E282.64161
G1 X119.99 Y121.591 E282.65246
G1 X119.727 Y121.661 E282.6579
G1 X119.219 Y121.724 E282.66811
G0 F15000 X119.215 Y121.321
G1 F5400 X118.673 Y121.253 E282.67901
G1 X118.162 Y121.039 E282.69007
G1 X117.732 Y120.701 E282.70098
G1 X117.395 Y120.272 E282.71187
G1 X117.186 Y119.753 E282.72303
G1 X117.11 Y119.216 E282.73386
G1 X117.183 Y118.679 E282.74467
G1 X117.401 Y118.153 E282.75604
G1 X117.731 Y117.731 E282.76673
G1 X118.153 Y117.401 E282.77742
G1 X118.679 Y117.183 E282.78878
G1 X119.214 Y117.11 E282.79956
G1 X119.753 Y117.182 E282.81041
G1 X120.266 Y117.399 E282.82152
G1 X120.701 Y117.731 E282.83244
G1 X121.039 Y118.162 E282.84337
G1 X121.253 Y118.673 E282.85443
G1 X121.321 Y119.215 E282.86533
G1 X121.254 Y119.76 E282.87629
G1 X121.037 Y120.278 E282.8875
G1 X120.701 Y120.701 E282.89828
G1 X120.279 Y121.035 E282.90902
G1 X119.761 Y121.254 E282.92024
G1 X119.215 Y121.321 E282.93122
G1 F2400 E282.13122
G1 F300 Z0.8
G0 F15000 X110 Y128.18
G1 F300 Z0.6
G1 F2400 E282.93122
G1 F5400 X114.71 Y127.562 E283.02602
G1 X119.087 Y125.747 E283.12058
G1 X122.856 Y122.856 E283.21537
G1 X125.747 Y119.088 E283.31015
G1 X127.558 Y114.71 E283.40469
G1 X128.18 Y110 E283.4995
G1 X127.558 Y105.286 E283.59439
G1 X125.747 Y100.908 E283.68894
G1 X122.856 Y97.14 E283.78372
G1 X119.088 Y94.249 E283.87849
G1 X114.71 Y92.438 E283.97304
G1 X110 Y91.816 E284.06785
G1 X105.286 Y92.438 E284.16274
G1 X100.908 Y94.249 E284.25729
G1 X97.14 Y97.14 E284.35206
G1 X94.248 Y100.909 E284.44687
G1 X92.434 Y105.286 E284.54142
G1 X91.816 Y110 E284.6363
G1 X92.434 Y114.71 E284.7311
G1 X94.248 Y119.087 E284.82565
G1 X97.14 Y122.856 E284.92045
G1 X100.908 Y125.747 E285.01523
G1 X105.286 Y127.562 E285.10981
G1 X110 Y128.18 E285.20469
G0 F15000 X110 Y128.584
G1 F5400 X114.814 Y127.952 E285.30158
G1 X119.289 Y126.097 E285.39825
G1 X123.141 Y123.141 E285.49515
G1 X126.096 Y119.29 E285.59202
G1 X127.948 Y114.814 E285.68868
G1 X128.583 Y110 E285.78559
G1 X127.948 Y105.182 E285.88257
G1 X126.096 Y100.706 E285.97923
G1 X123.141 Y96.855 E286.0761
G1 X119.29 Y93.899 E286.17298
G1 X114.814 Y92.048 E286.26964
G1 X110 Y91.413 E286.36654
G1 X105.182 Y92.048 E286.46352
G1 X100.706 Y93.899 E286.56018
G1 X96.855 Y96.855 E286.65706
G1 X93.899 Y100.707 E286.75396
G1 X92.044 Y105.182 E286.85063
G1 X91.412 Y110 E286.9476
G1 X92.044 Y114.814 E287.0445
G1 X93.899 Y119.289 E287.14117
G1 X96.855 Y123.141 E287.23807
G1 X100.707 Y126.097 E287.33496
G1 X105.182 Y127.951 E287.43163
G1 X110 Y128.584 E287.5286
G0 F15000 X110 Y128.987
G1 F5400 X114.918 Y128.341 E287.62759
G1 X119.491 Y126.446 E287.72637
G1 X123.426 Y123.426 E287.82536
G1 X126.446 Y119.491 E287.92435
G1 X128.337 Y114.919 E288.02309
G1 X128.987 Y110 E288.1221
G1 X128.337 Y105.077 E288.2212
G1 X126.446 Y100.505 E288.31993
G1 X123.426 Y96.57 E288.41892
G1 X119.491 Y93.55 E288.51791
G1 X114.919 Y91.659 E288.61665
G1 X110 Y91.009 E288.71566
G1 X105.077 Y91.659 E288.81476
G1 X100.505 Y93.55 E288.9135
G1 X96.569 Y96.569 E289.01249
G1 X93.55 Y100.505 E289.11148
G1 X91.655 Y105.077 E289.21024
G1 X91.009 Y110 E289.30933
G1 X91.655 Y114.918 E289.40832
G1 X93.55 Y119.491 E289.5071
G1 X96.569 Y123.427 E289.60609
G1 X100.505 Y126.446 E289.70509
G1 X105.077 Y128.341 E289.80385
G1 X110 Y128.987 E289.90294
G0 F15000 X110 Y129.39
G1 F5400 X115.023 Y128.731 E290.00404
G1 X119.693 Y126.795 E290.10492
G1 X123.712 Y123.712 E290.20601
G1 X126.795 Y119.693 E290.30709
G1 X128.727 Y115.023 E290.40794
G1 X129.39 Y110 E290.50905
G1 X128.727 Y104.973 E290.61024
G1 X126.795 Y100.303 E290.7111
G1 X123.712 Y96.284 E290.81218
G1 X119.693 Y93.201 E290.91326
G1 X115.023 Y91.269 E291.01412
G1 X110 Y90.606 E291.11523
G1 X104.973 Y91.269 E291.21642
G1 X100.303 Y93.201 E291.31727
G1 X96.284 Y96.284 E291.41835
G1 X93.2 Y100.303 E291.51945
G1 X91.265 Y104.973 E291.62033
G1 X90.606 Y110 E291.72151
G1 X91.265 Y115.023 E291.8226
G1 X93.2 Y119.693 E291.92348
G1 X96.284 Y123.712 E292.02458
G1 X100.303 Y126.795 E292.12566
G1 X104.973 Y128.731 E292.22655
G1 X110 Y129.39 E292.32773
G1 F2400 E291.52773
G1 F300 Z0.8
G0 F15000 X101.002 Y122.502
G1 F300 Z0.6
G1 F2400 E292.32773
G1 F5400 X100.557 Y122.502 E292.33661
G1 X100.172 Y122.455 E292.34435
G1 X99.708 Y122.332 E292.35393
G1 X99.195 Y122.113 E292.36506
G1 X98.932 Y121.945 E292.37128
G1 X98.496 Y121.605 E292.38232
G1 X98.291 Y121.372 E292.38851
G1 X98.055 Y121.064 E292.39625
G1 X97.823 Y120.662 E292.40552
G1 X97.671 Y120.298 E292.41339
G1 X97.547 Y119.844 E292.42278
G1 X97.495 Y119.456 E292.43059
G1 X97.496 Y118.974 E292.44021
G1 X97.561 Y118.508 E292.4496
G1 X97.671 Y118.138 E292.4573
G1 X97.822 Y117.774 E292.46517
G1 X98.048 Y117.382 E292.4742
G1 X98.382 Y116.941 E292.48524
G1 X98.605 Y116.742 E292.4912
G1 X99.071 Y116.389 E292.50287
G1 X99.338 Y116.258 E292.5088
G1 X99.946 Y116.015 E292.52187
G1 X100.612 Y115.923 E292.53529
G1 X100.884 Y115.913 E292.54072
G1 X101.408 Y115.983 E292.55127
G1 X101.742 Y116.061 E292.55811
G1 X102.332 Y116.302 E292.57083
G1 X102.619 Y116.484 E292.57761
G1 X103.002 Y116.777 E292.58724
G1 X103.223 Y116.998 E292.59347
G1 X103.515 Y117.38 E292.60307
G1 X103.668 Y117.622 E292.60878
G1 X103.93 Y118.221 E292.62183
G1 X104.019 Y118.608 E292.62976
G1 X104.083 Y119.122 E292.64009
G1 X104.073 Y119.385 E292.64534
G1 X103.999 Y119.951 E292.65674
G1 X103.936 Y120.197 E292.6618
G1 X103.68 Y120.81 E292.67506
G1 X103.501 Y121.075 E292.68144
G1 X103.168 Y121.501 E292.69223
G1 X102.947 Y121.696 E292.69811
G1 X102.639 Y121.936 E292.70591
G1 X102.226 Y122.178 E292.71546
G1 X101.862 Y122.329 E292.72332
G1 X101.489 Y122.44 E292.73109
G1 X101.002 Y122.502 E292.74089
G0 F15000 X100.953 Y122.106
G1 F5400 X100.606 Y122.106 E292.74781
G1 X100.222 Y122.058 E292.75553
G1 X99.861 Y121.962 E292.76299
G1 X99.299 Y121.724 E292.77517
G1 X98.718 Y121.272 E292.78986
G1 X98.372 Y120.82 E292.80122
G1 X98.192 Y120.508 E292.80841
G1 X98.04 Y120.144 E292.81628
G1 X97.944 Y119.791 E292.82358
G1 X97.892 Y119.403 E292.83139
G1 X97.892 Y119.028 E292.83887
G1 X97.954 Y118.58 E292.8479
G1 X98.04 Y118.292 E292.8539
G1 X98.191 Y117.928 E292.86176
G1 X98.367 Y117.623 E292.86879
G1 X98.719 Y117.158 E292.88043
G1 X99.33 Y116.694 E292.89574
G1 X99.856 Y116.476 E292.9071
G1 X100.097 Y116.395 E292.91217
G1 X100.781 Y116.303 E292.92595
G1 X101.355 Y116.38 E292.9375
G1 X101.615 Y116.44 E292.94283
G1 X102.256 Y116.711 E292.95672
G1 X102.843 Y117.157 E292.97143
G1 X103.284 Y117.738 E292.98599
G1 X103.561 Y118.389 E293.0001
G1 X103.622 Y118.658 E293.00561
G1 X103.691 Y119.211 E293.01673
G1 X103.598 Y119.949 E293.03157
G1 X103.327 Y120.619 E293.046
G1 X103.185 Y120.829 E293.05106
G1 X102.835 Y121.277 E293.0624
G1 X102.393 Y121.621 E293.07358
G1 X102.072 Y121.808 E293.08099
G1 X101.708 Y121.96 E293.08886
G1 X101.418 Y122.046 E293.0949
G1 X100.953 Y122.106 E293.10426
G0 F15000 X100.78 Y121.725
G1 F5400 X100.272 Y121.661 E293.11447
G1 X100.014 Y121.593 E293.1198
G1 X99.502 Y121.376 E293.1309
G1 X98.986 Y120.963 E293.14409
G1 X98.69 Y120.577 E293.15379
G1 X98.561 Y120.354 E293.15893
G1 X98.409 Y119.99 E293.16681
G1 X98.34 Y119.737 E293.17204
G1 X98.288 Y119.35 E293.17983
G1 X98.288 Y119.081 E293.1852
G1 X98.361 Y118.562 E293.19566
G1 X98.561 Y118.082 E293.20604
G1 X98.686 Y117.864 E293.21105
G1 X99.006 Y117.441 E293.22164
G1 X99.533 Y117.043 E293.23482
G1 X100.144 Y116.794 E293.24798
G1 X100.784 Y116.707 E293.26087
G1 X101.42 Y116.792 E293.27368
G1 X102.051 Y117.057 E293.28733
G1 X102.558 Y117.443 E293.30005
G1 X102.94 Y117.946 E293.31265
G1 X103.212 Y118.59 E293.32661
G1 X103.284 Y119.246 E293.33978
G1 X103.207 Y119.852 E293.35197
G1 X102.954 Y120.475 E293.36539
G1 X102.576 Y120.96 E293.37766
G1 X102.147 Y121.305 E293.38864
G1 X101.918 Y121.439 E293.39394
G1 X101.431 Y121.642 E293.40447
G1 X100.78 Y121.725 E293.41756
G0 F15000 X100.78 Y121.321
G1 F5400 X100.24 Y121.254 E293.42842
G1 X99.715 Y121.034 E293.43978
G1 X99.295 Y120.701 E293.45048
G1 X98.962 Y120.277 E293.46124
G1 X98.748 Y119.763 E293.47235
G1 X98.674 Y119.215 E293.48338
G1 X98.748 Y118.671 E293.49434
G1 X98.96 Y118.164 E293.50531
G1 X99.293 Y117.733 E293.51617
G1 X99.735 Y117.398 E293.52724
G1 X100.246 Y117.182 E293.53831
G1 X100.781 Y117.11 E293.54909
G1 X101.322 Y117.183 E293.55998
G1 X101.845 Y117.403 E293.5713
G1 X102.272 Y117.728 E293.58201
G1 X102.594 Y118.152 E293.59264
G1 X102.818 Y118.681 E293.6041
G1 X102.885 Y119.214 E293.61482
G1 X102.819 Y119.75 E293.6256
G1 X102.601 Y120.268 E293.63681
G1 X102.266 Y120.7 E293.64772
G1 X101.84 Y121.038 E293.65858
G1 X101.327 Y121.252 E293.66967
G1 X100.78 Y121.321 E293.68067
G1 F2400 E292.88067
G1 F300 Z0.8
G0 F15000 X119.122 Y104.083
G1 F300 Z0.6
G1 F2400 E293.68067
G1 F5400 X118.608 Y104.019 E293.69101
G1 X118.263 Y103.94 E293.69807
G1 X117.662 Y103.693 E293.71104
G1 X117.38 Y103.514 E293.7177
G1 X116.998 Y103.223 E293.72729
G1 X116.777 Y103.002 E293.73352
G1 X116.484 Y102.618 E293.74316
G1 X116.327 Y102.371 E293.749
G1 X116.072 Y101.783 E293.76179
G1 X115.983 Y101.408 E293.76948
G1 X115.913 Y100.884 E293.78003
G1 X115.923 Y100.612 E293.78547
G1 X116.015 Y99.945 E293.7989
G1 X116.259 Y99.338 E293.81196
G1 X116.388 Y99.073 E293.81784
G1 X116.741 Y98.606 E293.82952
G1 X116.939 Y98.385 E293.83544
G1 X117.37 Y98.053 E293.8463
G1 X117.783 Y97.815 E293.85581
G1 X118.143 Y97.667 E293.86358
G1 X118.507 Y97.56 E293.87115
G1 X118.976 Y97.495 E293.8806
G1 X119.456 Y97.495 E293.89018
G1 X119.844 Y97.547 E293.89799
G1 X120.289 Y97.667 E293.90719
G1 X120.649 Y97.814 E293.91495
G1 X121.062 Y98.053 E293.92447
G1 X121.502 Y98.391 E293.93554
G1 X121.704 Y98.621 E293.94165
G1 X121.944 Y98.933 E293.94951
G1 X122.113 Y99.197 E293.95576
G1 X122.329 Y99.702 E293.96672
G1 X122.455 Y100.172 E293.97644
G1 X122.502 Y100.557 E293.98418
G1 X122.502 Y101.002 E293.99306
G1 X122.44 Y101.489 E294.00285
G1 X122.33 Y101.862 E294.01061
G1 X122.178 Y102.226 E294.01849
G1 X121.936 Y102.639 E294.02804
G1 X121.602 Y103.068 E294.03889
G1 X121.383 Y103.26 E294.0447
G1 X120.943 Y103.603 E294.05583
G1 X120.662 Y103.742 E294.06209
G1 X120.054 Y103.985 E294.07516
G1 X119.385 Y104.073 E294.08862
G1 X119.122 Y104.083 E294.09387
G0 F15000 X119.347 Y103.674
G1 F5400 X119.042 Y103.67 E294.09996
G1 X118.658 Y103.622 E294.10768
G1 X118.389 Y103.561 E294.11319
G1 X117.738 Y103.284 E294.12731
G1 X117.157 Y102.843 E294.14186
G1 X116.711 Y102.256 E294.15658
G1 X116.441 Y101.615 E294.17046
G1 X116.38 Y101.355 E294.17578
G1 X116.304 Y100.789 E294.18718
G1 X116.394 Y100.098 E294.20109
G1 X116.476 Y99.856 E294.20619
G1 X116.696 Y99.329 E294.21758
G1 X117.153 Y98.725 E294.2327
G1 X117.614 Y98.37 E294.24431
G1 X117.935 Y98.185 E294.2517
G1 X118.295 Y98.037 E294.25947
G1 X118.578 Y97.954 E294.26536
G1 X119.03 Y97.892 E294.27446
G1 X119.403 Y97.892 E294.2819
G1 X119.791 Y97.943 E294.28971
G1 X120.137 Y98.037 E294.29687
G1 X120.497 Y98.184 E294.30463
G1 X120.818 Y98.37 E294.31203
G1 X121.275 Y98.721 E294.32353
G1 X121.725 Y99.305 E294.33824
G1 X121.96 Y99.856 E294.3502
G1 X122.058 Y100.222 E294.35776
G1 X122.106 Y100.606 E294.36548
G1 X122.106 Y100.953 E294.37241
G1 X122.047 Y101.418 E294.38176
G1 X121.961 Y101.708 E294.3878
G1 X121.808 Y102.072 E294.39568
G1 X121.621 Y102.393 E294.40309
G1 X121.276 Y102.837 E294.41431
G1 X120.676 Y103.304 E294.42949
G1 X119.953 Y103.596 E294.44505
G1 X119.347 Y103.674 E294.45724
G0 F15000 X119.214 Y103.288
G1 F5400 X118.583 Y103.21 E294.46993
G1 X117.95 Y102.941 E294.48365
G1 X117.438 Y102.554 E294.49646
G1 X117.057 Y102.05 E294.50907
G1 X116.792 Y101.421 E294.52269
G1 X116.707 Y100.784 E294.53551
G1 X116.794 Y100.144 E294.5484
G1 X117.043 Y99.532 E294.56159
G1 X117.441 Y99.007 E294.57474
G1 X117.858 Y98.687 E294.58523
G1 X118.087 Y98.555 E294.5905
G1 X118.565 Y98.358 E294.60082
G1 X119.083 Y98.288 E294.61125
G1 X119.35 Y98.288 E294.61658
G1 X119.737 Y98.34 E294.62437
G1 X119.985 Y98.407 E294.6295
G1 X120.345 Y98.554 E294.63726
G1 X120.574 Y98.687 E294.64254
G1 X121.011 Y99.033 E294.65366
G1 X121.382 Y99.516 E294.66582
G1 X121.591 Y100.01 E294.67652
G1 X121.661 Y100.272 E294.68193
G1 X121.725 Y100.78 E294.69215
G1 X121.642 Y101.431 E294.70525
G1 X121.439 Y101.918 E294.71578
G1 X121.305 Y102.147 E294.72107
G1 X120.982 Y102.549 E294.73136
G1 X120.48 Y102.951 E294.7442
G1 X119.853 Y103.207 E294.75771
G1 X119.214 Y103.288 E294.77057
G0 F15000 X119.217 Y102.886
G1 F5400 X118.681 Y102.818 E294.78135
G1 X118.152 Y102.594 E294.79281
G1 X117.724 Y102.269 E294.80354
G1 X117.401 Y101.841 E294.81424
G1 X117.182 Y101.319 E294.82554
G1 X117.116 Y100.787 E294.83623
G1 X117.181 Y100.249 E294.84705
G1 X117.398 Y99.735 E294.85818
G1 X117.722 Y99.296 E294.86907
G1 X118.166 Y98.955 E294.88024
G1 X118.67 Y98.748 E294.89112
G1 X119.216 Y98.674 E294.90211
G1 X119.76 Y98.747 E294.91307
G1 X120.266 Y98.954 E294.92398
G1 X120.701 Y99.295 E294.93501
G1 X121.035 Y99.72 E294.94579
G1 X121.254 Y100.24 E294.95705
G1 X121.321 Y100.78 E294.96791
G1 X121.252 Y101.327 E294.97891
G1 X121.038 Y101.84 E294.99001
G1 X120.7 Y102.266 E295.00086
G1 X120.273 Y102.604 E295.01173
G1 X119.753 Y102.814 E295.02292
G1 X119.217 Y102.886 E295.03371
G0 F15000 X119.235 Y102.48
;TYPE:WALL-OUTER
G1 F5400 X118.778 Y102.428 E295.04289
G1 X118.385 Y102.261 E295.05141
G1 X118.002 Y101.973 E295.06097
G1 X117.735 Y101.61 E295.06997
G1 X117.578 Y101.232 E295.07813
G1 X117.516 Y100.761 E295.08761
G1 X117.576 Y100.336 E295.09618
G1 X117.746 Y99.933 E295.10491
G1 X118.014 Y99.578 E295.11379
G1 X118.368 Y99.304 E295.12272
G1 X118.801 Y99.133 E295.13201
G1 X119.216 Y99.077 E295.14037
G1 X119.631 Y99.133 E295.14872
G1 X120.041 Y99.294 E295.15751
G1 X120.418 Y99.578 E295.16693
G1 X120.694 Y99.939 E295.176
G1 X120.864 Y100.343 E295.18475
G1 X120.915 Y100.755 E295.19303
G1 X120.865 Y101.204 E295.20205
G1 X120.701 Y101.61 E295.21079
G1 X120.418 Y101.982 E295.22011
G1 X120.068 Y102.254 E295.22896
G1 X119.663 Y102.424 E295.23772
G1 X119.235 Y102.48 E295.24634
G1 F2400 E294.44634
G1 F300 Z0.8
G0 F15000 X110 Y114.194
G1 F300 Z0.6
G1 F2400 E295.24634
G1 F5400 X108.896 Y114.053 E295.26855
G1 X107.908 Y113.643 E295.2899
G1 X107.018 Y112.957 E295.31232
G1 X106.366 Y112.103 E295.33376
G1 X105.944 Y111.102 E295.35544
G1 X105.8 Y110.015 E295.37732
G1 X105.943 Y108.896 E295.39984
G1 X106.367 Y107.891 E295.4216
G1 X107.043 Y107.018 E295.44364
G1 X107.891 Y106.367 E295.46497
G1 X108.896 Y105.943 E295.48674
G1 X109.985 Y105.8 E295.50866
G1 X111.085 Y105.936 E295.53078
G1 X112.103 Y106.366 E295.55283
G1 X112.982 Y107.043 E295.57497
G1 X113.643 Y107.908 E295.5967
G1 X114.053 Y108.896 E295.61804
G1 X114.196 Y109.985 E295.63996
G1 X114.052 Y111.102 E295.66244
G1 X113.634 Y112.103 E295.68409
G1 X112.957 Y112.982 E295.70623
G1 X112.103 Y113.634 E295.72767
G1 X111.102 Y114.052 E295.74932
G1 X110.015 Y114.196 E295.7712
G1 X110 Y114.194 E295.7715
G1 F2400 E294.9715
G1 F300 Z0.8
G0 F15000 X119.191 Y120.915
G1 F300 Z0.6
G1 F2400 E295.7715
G1 F5400 X118.796 Y120.865 E295.77944
G1 X118.39 Y120.701 E295.78818
G1 X118.014 Y120.418 E295.79757
G1 X117.746 Y120.068 E295.80637
G1 X117.576 Y119.663 E295.81514
G1 X117.516 Y119.235 E295.82376
G1 X117.578 Y118.768 E295.83316
G1 X117.742 Y118.37 E295.84175
G1 X118.027 Y118.002 E295.85104
G1 X118.37 Y117.742 E295.85963
G1 X118.768 Y117.578 E295.86822
G1 X119.235 Y117.516 E295.87762
G1 X119.663 Y117.576 E295.88625
G1 X120.068 Y117.746 E295.89501
G1 X120.418 Y118.014 E295.90381
G1 X120.701 Y118.39 E295.9132
G1 X120.864 Y118.779 E295.92162
G1 X120.915 Y119.191 E295.9299
G1 X120.864 Y119.655 E295.93922
G1 X120.701 Y120.046 E295.94767
G1 X120.418 Y120.418 E295.957
G1 X120.061 Y120.694 E295.966
G1 X119.656 Y120.864 E295.97477
G1 X119.191 Y120.915 E295.98411
G1 F2400 E295.18411
G1 F300 Z0.8
G0 F15000 X110 Y129.794
G1 F300 Z0.6
G1 F2400 E295.98411
G1 F5400 X115.127 Y129.121 E296.0873
G1 X119.895 Y127.145 E296.1903
G1 X123.997 Y123.997 E296.29348
G1 X127.145 Y119.895 E296.39667
G1 X129.117 Y115.127 E296.49964
G1 X129.794 Y110 E296.60284
G1 X129.117 Y104.869 E296.70612
G1 X127.145 Y100.101 E296.80909
G1 X123.997 Y95.999 E296.91228
G1 X119.895 Y92.851 E297.01547
G1 X115.127 Y90.879 E297.11843
G1 X110 Y90.202 E297.22164
G1 X104.869 Y90.879 E297.32492
G1 X100.101 Y92.851 E297.42789
G1 X95.999 Y95.999 E297.53107
G1 X92.851 Y100.101 E297.63426
G1 X90.875 Y104.869 E297.73726
G1 X90.202 Y110 E297.84053
G1 X90.875 Y115.127 E297.94372
G1 X92.851 Y119.895 E298.04672
G1 X95.999 Y123.997 E298.14991
G1 X100.101 Y127.145 E298.25309
G1 X104.869 Y129.121 E298.35609
G1 X110 Y129.794 E298.45936
G1 F2400 E297.65936
G1 F300 Z0.8
G0 F15000 X100.755 Y120.915
G1 F300 Z0.6
G1 F2400 E298.45936
G1 F5400 X100.345 Y120.864 E298.46761
G1 X99.935 Y120.694 E298.47647
G1 X99.578 Y120.418 E298.48547
G1 X99.299 Y120.046 E298.49475
G1 X99.133 Y119.631 E298.50367
G1 X99.077 Y119.216 E298.51203
G1 X99.135 Y118.796 E298.52049
G1 X99.299 Y118.39 E298.52923
G1 X99.577 Y118.015 E298.53854
G1 X99.954 Y117.735 E298.54791
G1 X100.336 Y117.576 E298.55617
G1 X100.761 Y117.516 E298.56474
G1 X101.232 Y117.578 E298.57422
G1 X101.626 Y117.743 E298.58274
G1 X101.998 Y118.027 E298.59208
G1 X102.261 Y118.385 E298.60095
G1 X102.422 Y118.768 E298.60924
G1 X102.48 Y119.235 E298.61863
G1 X102.424 Y119.663 E298.62724
G1 X102.254 Y120.068 E298.63601
G1 X101.982 Y120.418 E298.64485
G1 X101.61 Y120.701 E298.65418
G1 X101.219 Y120.864 E298.66264
G1 X100.755 Y120.915 E298.67195
G1 F2400 E297.87195
G1 F300 Z0.8
G0 F15000 X100.761 Y102.48
G1 F300 Z0.6
G1 F2400 E298.67195
G1 F5400 X100.336 Y102.424 E298.68051
G1 X99.932 Y102.254 E298.68925
G1 X99.578 Y101.982 E298.69816
G1 X99.299 Y101.61 E298.70744
G1 X99.133 Y101.195 E298.71636
G1 X99.077 Y100.78 E298.72472
G1 X99.137 Y100.343 E298.73352
G1 X99.306 Y99.939 E298.74226
G1 X99.578 Y99.578 E298.75128
G1 X99.932 Y99.304 E298.76021
G1 X100.365 Y99.133 E298.7695
G1 X100.78 Y99.077 E298.77786
G1 X101.204 Y99.135 E298.7864
G1 X101.629 Y99.304 E298.79553
G1 X101.982 Y99.578 E298.80445
G1 X102.254 Y99.932 E298.81335
G1 X102.424 Y100.336 E298.8221
G1 X102.48 Y100.761 E298.83066
G1 X102.422 Y101.232 E298.84013
G1 X102.253 Y101.626 E298.84868
G1 X101.986 Y101.986 E298.85763
G1 X101.626 Y102.253 E298.86657
G1 X101.232 Y102.422 E298.87513
G1 X100.761 Y102.48 E298.8846
G1 F2400 E298.0846
G1 F300 Z0.8
G0 F15000 X119.096 Y104.439
;TYPE:SKIN
G1 F300 Z0.6
G1 F2400 E298.8846
G1 F5400 X119.406 Y104.432 E298.89078
G1 X120.152 Y104.333 E298.9058
G1 X120.791 Y104.078 E298.91953
G1 X121.113 Y103.92 E298.92669
G1 X121.754 Y103.421 E298.9429
G1 X121.966 Y103.181 E298.94929
G1 X122.222 Y102.856 E298.95755
G1 X122.501 Y102.381 E298.96854
G1 X122.661 Y101.997 E298.97684
G1 X122.793 Y101.552 E298.98611
G1 X122.859 Y101.046 E298.99629
G1 X122.861 Y100.536 E299.00647
G1 X122.811 Y100.127 E299.01469
G1 X122.666 Y99.587 E299.02585
G1 X122.434 Y99.03 E299.03789
G1 X122.223 Y98.705 E299.04562
G1 X121.883 Y98.265 E299.05672
G1 X121.605 Y98.014 E299.06419
G1 X121.286 Y97.769 E299.07222
G1 X120.797 Y97.486 E299.08349
G1 X120.428 Y97.334 E299.09146
G1 X119.908 Y97.194 E299.1022
G1 X119.504 Y97.137 E299.11035
G1 X118.929 Y97.137 E299.12182
G1 X118.449 Y97.201 E299.13149
G1 X118 Y97.334 E299.14083
G1 X117.648 Y97.478 E299.14842
G1 X117.145 Y97.765 E299.15998
G1 X116.825 Y98.013 E299.16806
G1 X116.544 Y98.266 E299.1756
G1 X116.2 Y98.718 E299.18694
G1 X115.987 Y99.046 E299.19474
G1 X115.723 Y99.678 E299.20841
G1 X115.649 Y99.968 E299.21438
G1 X115.56 Y100.584 E299.2268
G1 X115.553 Y100.908 E299.23327
G1 X115.621 Y101.446 E299.24409
G1 X115.713 Y101.839 E299.25215
G1 X115.97 Y102.476 E299.26586
G1 X116.183 Y102.816 E299.27386
G1 X116.501 Y103.231 E299.2843
G1 X116.769 Y103.499 E299.29186
G1 X117.153 Y103.795 E299.30153
G1 X117.499 Y104.016 E299.30973
G1 X118.164 Y104.288 E299.32407
G1 X118.54 Y104.372 E299.33175
G1 X119.096 Y104.439 E299.34293
G1 F2400 E298.54293
G1 F300 Z0.8
G0 F15000 X98.417 Y122.911
G1 F300 Z0.6
G1 F2400 E299.34293
G1 F6119 X97.665 Y122.323 E299.35974
G1 F6101.7 X97.079 Y121.575 E299.37652
G1 F6206.9 X97.385 Y121.398 E299.38266
G1 F6242.8 X97.689 Y121.8 E299.39136
G1 F6206.9 X98.002 Y122.15 E299.39951
G1 F6189.1 X98.593 Y122.61 E299.41255
G1 F6224.8 X98.417 Y122.911 E299.41859
G1 F2400 E298.61859
G1 F300 Z0.8
G0 F15000 X101.05 Y122.859
G1 F300 Z0.6
G1 F2400 E299.41859
G1 F5400 X101.546 Y122.795 E299.42857
G1 X101.998 Y122.661 E299.43798
G1 X102.358 Y122.509 E299.44578
G1 X102.837 Y122.234 E299.4568
G1 X103.167 Y121.978 E299.46513
G1 X103.447 Y121.727 E299.47264
G1 X103.791 Y121.283 E299.48385
G1 X103.942 Y121.061 E299.4892
G1 X104.068 Y120.809 E299.49483
G1 X104.331 Y120.158 E299.50884
G1 X104.431 Y119.427 E299.52356
G1 X104.44 Y119.114 E299.52981
G1 X104.375 Y118.56 E299.54094
G1 X104.269 Y118.1 E299.55036
G1 X103.992 Y117.464 E299.56421
G1 X103.809 Y117.172 E299.57108
G1 X103.494 Y116.759 E299.58145
G1 X103.249 Y116.517 E299.58832
G1 X102.83 Y116.193 E299.59889
G1 X102.508 Y115.987 E299.60652
G1 X101.868 Y115.722 E299.62034
G1 X101.451 Y115.625 E299.62889
G1 X100.919 Y115.553 E299.6396
G1 X100.59 Y115.56 E299.64617
G1 X99.973 Y115.648 E299.6586
G1 X99.67 Y115.727 E299.66485
G1 X99.05 Y115.987 E299.67827
G1 X98.722 Y116.196 E299.68603
G1 X98.27 Y116.54 E299.69737
G1 X97.993 Y116.852 E299.70569
G1 X97.76 Y117.159 E299.71338
G1 X97.487 Y117.638 E299.72439
G1 X97.335 Y117.998 E299.73218
G1 X97.212 Y118.415 E299.74086
G1 X97.138 Y118.923 E299.75111
G1 X97.137 Y119.503 E299.76268
G1 X97.189 Y119.891 E299.77049
G1 X97.326 Y120.405 E299.78111
G1 X97.487 Y120.797 E299.78956
G1 X97.754 Y121.264 E299.8003
G1 X97.993 Y121.578 E299.80817
G1 X98.256 Y121.874 E299.81608
G1 X98.727 Y122.241 E299.82799
G1 X99.007 Y122.421 E299.83463
G1 X99.589 Y122.67 E299.84727
G1 X100.109 Y122.806 E299.85799
G1 X100.506 Y122.859 E299.86599
G1 X101.05 Y122.859 E299.87684
G1 F2400 E299.07684
G1 F300 Z0.8
G0 F15000 X109.999 Y127.814
G1 F300 Z0.6
G1 F2400 E299.87684
G1 F5400 X105.373 Y127.209 E299.96995
G1 X101.089 Y125.433 E300.06249
G1 X97.395 Y122.597 E300.15543
G1 X94.559 Y118.903 E300.24837
G1 X92.783 Y114.619 E300.34091
G1 X92.178 Y110.001 E300.43386
G1 X92.787 Y105.373 E300.52701
G1 X94.559 Y101.089 E300.61953
G1 X97.395 Y97.395 E300.71247
G1 X101.089 Y94.559 E300.8054
G1 X105.373 Y92.791 E300.89789
G1 X109.999 Y92.178 E300.99101
G1 X114.619 Y92.791 E301.08402
G1 X118.903 Y94.559 E301.17651
G1 X122.597 Y97.395 E301.26944
G1 X125.433 Y101.089 E301.36238
G1 X127.205 Y105.373 E301.4549
G1 X127.814 Y109.999 E301.54801
G1 X127.201 Y114.619 E301.64102
G1 X125.433 Y118.903 E301.7335
G1 X122.597 Y122.597 E301.82644
G1 X118.903 Y125.433 E301.91938
G1 X114.619 Y127.209 E302.01192
G1 X109.999 Y127.814 E302.10491
G1 F2400 E301.30491
G1 F300 Z0.8
G0 F15000 X121.563 Y122.916
G1 F300 Z0.6
G1 F2400 E302.10491
G1 F6260.9 X121.388 Y122.616 E302.11089
G1 X121.829 Y122.277 E302.12046
G1 F6242.8 X122.131 Y122.017 E302.12734
G1 F6206.9 X122.622 Y121.372 E302.14141
G1 F6224.8 X122.926 Y121.551 E302.14752
G1 F6136.4 X122.325 Y122.325 E302.16473
G1 F6171.4 X121.563 Y122.916 E302.18157
G1 F2400 E301.38157
G1 F300 Z0.8
G0 F15000 X118.942 Y122.859
G1 F300 Z0.6
G1 F2400 E302.18157
G1 F5400 X119.477 Y122.859 E302.19224
G1 X119.869 Y122.811 E302.20013
G1 X120.408 Y122.67 E302.21124
G1 X120.959 Y122.436 E302.22319
G1 X121.287 Y122.227 E302.23095
G1 X121.607 Y121.979 E302.23903
G1 X121.879 Y121.734 E302.24634
G1 X122.227 Y121.282 E302.25772
G1 X122.501 Y120.818 E302.26847
G1 X122.661 Y120.437 E302.27672
G1 X122.806 Y119.895 E302.28792
G1 X122.86 Y119.452 E302.29682
G1 X122.859 Y118.942 E302.307
G1 X122.795 Y118.45 E302.3169
G1 X122.668 Y118.014 E302.32596
G1 X122.501 Y117.614 E302.33461
G1 X122.237 Y117.166 E302.34499
G1 X121.992 Y116.839 E302.35314
G1 X121.759 Y116.572 E302.36022
G1 X121.29 Y116.209 E302.37205
G1 X120.95 Y115.987 E302.38016
G1 X120.446 Y115.775 E302.39107
G1 X120.058 Y115.648 E302.39921
G1 X119.426 Y115.565 E302.41193
G1 X119.117 Y115.552 E302.41811
G1 X118.545 Y115.625 E302.42961
G1 X118.133 Y115.722 E302.43806
G1 X117.525 Y115.966 E302.45113
G1 X117.16 Y116.195 E302.45973
G1 X116.746 Y116.514 E302.47016
G1 X116.502 Y116.759 E302.47706
G1 X116.205 Y117.146 E302.4868
G1 X115.967 Y117.522 E302.49568
G1 X115.722 Y118.133 E302.50882
G1 X115.625 Y118.541 E302.51719
G1 X115.553 Y119.077 E302.52798
G1 X115.564 Y119.409 E302.53461
G1 X115.648 Y120.062 E302.54775
G1 X115.771 Y120.438 E302.55564
G1 X115.987 Y120.95 E302.56673
G1 X116.197 Y121.271 E302.57438
G1 X116.545 Y121.726 E302.58582
G1 X116.823 Y121.978 E302.5933
G1 X117.163 Y122.238 E302.60185
G1 X117.619 Y122.502 E302.61236
G1 X118.018 Y122.668 E302.62098
G1 X118.44 Y122.793 E302.62977
G1 X118.942 Y122.859 E302.63987
G1 F2400 E301.83987
G1 F300 Z0.8
G0 F15000 X110 Y116.145
G1 F300 Z0.6
G1 F2400 E302.63987
G1 F5400 X110.153 Y116.148 E302.64293
G1 X111.469 Y115.984 E302.66939
G1 X111.798 Y115.885 E302.67625
G1 X113.116 Y115.325 E302.70483
G1 X114.221 Y114.478 E302.73261
G1 X114.466 Y114.234 E302.73951
G1 X115.349 Y113.074 E302.7686
G1 X115.889 Y111.79 E302.7964
G1 X115.984 Y111.461 E302.80323
G1 X116.156 Y110.123 E302.83015
G1 X116.148 Y109.836 E302.83588
G1 X115.987 Y108.551 E302.86173
G1 X115.901 Y108.244 E302.86809
G1 X115.421 Y107.079 E302.89324
G1 X115.247 Y106.777 E302.90019
G1 X114.478 Y105.775 E302.9254
G1 X114.215 Y105.517 E302.93275
G1 X113.083 Y104.655 E302.96114
G1 X111.791 Y104.107 E302.98915
G1 X111.448 Y104.006 E302.99629
G1 X110.151 Y103.844 E303.02237
G1 X109.729 Y103.852 E303.03079
G1 X108.55 Y104.005 E303.05452
G1 X108.25 Y104.092 E303.06075
G1 X107.071 Y104.579 E303.08621
G1 X106.773 Y104.749 E303.09306
G1 X105.781 Y105.513 E303.11804
G1 X105.518 Y105.775 E303.12545
G1 X104.757 Y106.761 E303.15031
G1 X104.585 Y107.062 E303.15722
G1 X104.092 Y108.246 E303.18282
G1 X104.006 Y108.545 E303.18903
G1 X103.853 Y109.718 E303.21263
G1 X103.844 Y110.159 E303.22144
G1 X104.009 Y111.468 E303.24777
G1 X104.1 Y111.767 E303.254
G1 X104.675 Y113.124 E303.28341
G1 X105.516 Y114.214 E303.31089
G1 X105.775 Y114.478 E303.31827
G1 X106.769 Y115.242 E303.34329
G1 X107.071 Y115.416 E303.35024
G1 X108.242 Y115.9 E303.37553
G1 X108.541 Y115.986 E303.38174
G1 X109.718 Y116.139 E303.40542
G1 X110 Y116.145 E303.41105
G1 F2400 E302.61105
G1 F300 Z0.8
G0 F15000 X100.874 Y104.44
G1 F300 Z0.6
G1 F2400 E303.41105
G1 F5400 X101.428 Y104.375 E303.42218
G1 X101.904 Y104.265 E303.43193
G1 X102.559 Y103.974 E303.44624
G1 X102.807 Y103.818 E303.45208
G1 X103.229 Y103.5 E303.46263
G1 X103.503 Y103.227 E303.47035
G1 X103.813 Y102.812 E303.48068
G1 X104.015 Y102.494 E303.4882
G1 X104.274 Y101.869 E303.5017
G1 X104.375 Y101.432 E303.51065
G1 X104.44 Y100.875 E303.52185
G1 X104.431 Y100.56 E303.52813
G1 X104.349 Y99.978 E303.53986
G1 X104.278 Y99.698 E303.54563
G1 X103.992 Y99.014 E303.56042
G1 X103.8 Y98.722 E303.5674
G1 X103.451 Y98.269 E303.57881
G1 X103.169 Y98.014 E303.5864
G1 X102.846 Y97.765 E303.59453
G1 X102.372 Y97.49 E303.60547
G1 X101.992 Y97.334 E303.61367
G1 X101.574 Y97.208 E303.62238
G1 X101.067 Y97.137 E303.6326
G1 X100.489 Y97.137 E303.64413
G1 X100.105 Y97.189 E303.65186
G1 X99.588 Y97.326 E303.66254
G1 X99.212 Y97.478 E303.67063
G1 X98.732 Y97.75 E303.68164
G1 X98.401 Y98.006 E303.68999
G1 X98.127 Y98.245 E303.69725
G1 X97.76 Y98.723 E303.70927
G1 X97.57 Y99.027 E303.71643
G1 X97.33 Y99.583 E303.72851
G1 X97.189 Y100.112 E303.73944
G1 X97.137 Y100.488 E303.74701
G1 X97.136 Y101.036 E303.75795
G1 X97.205 Y101.56 E303.7685
G1 X97.335 Y101.998 E303.77761
G1 X97.487 Y102.358 E303.78541
G1 X97.754 Y102.828 E303.7962
G1 X98.006 Y103.155 E303.80444
G1 X98.223 Y103.41 E303.81112
G1 X98.72 Y103.795 E303.82367
G1 X99.012 Y103.991 E303.83068
G1 X99.674 Y104.273 E303.84504
G1 X99.968 Y104.347 E303.85109
G1 X100.564 Y104.431 E303.86311
G1 X100.874 Y104.44 E303.86929
G1 F2400 E303.06929
G1 F300 Z0.8
G0 F15000 X98.607 Y122.932
G1 F300 Z0.6
G1 F2400 E303.86929
G1 F5400 X100.085 Y124.41 E303.91101
G0 F15000 X100.423 Y123.05
G1 F5400 X103.651 Y126.278 E304.00211
G0 F15000 X104.616 Y126.678
G1 F5400 X100.995 Y123.057 E304.1043
G0 F15000 X101.506 Y123.002
G1 F5400 X105.53 Y127.026 E304.21787
G0 F15000 X106.181 Y127.112
G1 F5400 X101.953 Y122.884 E304.33719
G0 F15000 X102.359 Y122.723
G1 F5400 X106.832 Y127.196 E304.46343
G0 F15000 X107.483 Y127.282
G1 F5400 X102.729 Y122.528 E304.5976
G0 F15000 X103.071 Y122.304
G1 F5400 X108.134 Y127.367 E304.74048
G0 F15000 X108.785 Y127.452
G1 F5400 X103.385 Y122.052 E304.89288
G0 F15000 X103.667 Y121.769
G1 F5400 X109.435 Y127.537 E305.05567
G0 F15000 X110.066 Y127.602
G1 F5400 X103.914 Y121.45 E305.22929
G0 F15000 X104.142 Y121.113
G1 F5400 X110.566 Y127.537 E305.41059
G0 F15000 X111.067 Y127.472
G1 F5400 X104.318 Y120.723 E305.60106
G0 F15000 X104.48 Y120.319
G1 F5400 X111.567 Y127.406 E305.80107
G0 F15000 X112.067 Y127.34
G1 F5400 X104.575 Y119.848 E306.01251
G0 F15000 X104.631 Y119.339
G1 F5400 X112.567 Y127.275 E306.23648
G0 F15000 X113.067 Y127.209
G1 F5400 X104.598 Y118.74 E306.4755
G0 F15000 X104.457 Y118.033
G1 F5400 X113.567 Y127.143 E306.7326
G0 F15000 X114.067 Y127.078
G1 F5400 X103.736 Y116.747 E307.02417
G0 F15000 X103.276 Y116.287
G1 F5400 X92.915 Y105.926 E307.31658
G0 F15000 X92.849 Y106.426
G1 F5400 X101.979 Y115.555 E307.57423
G0 F15000 X101.255 Y115.397
G1 F5400 X92.784 Y106.926 E307.8133
G0 F15000 X92.718 Y107.426
G1 F5400 X100.65 Y115.358 E308.03716
G0 F15000 X100.148 Y115.421
G1 F5400 X92.652 Y107.926 E308.2487
G0 F15000 X92.586 Y108.426
G1 F5400 X99.678 Y115.517 E308.44883
G0 F15000 X99.273 Y115.678
G1 F5400 X92.521 Y108.926 E308.63939
G0 F15000 X92.455 Y109.425
G1 F5400 X98.887 Y115.857 E308.82091
G0 F15000 X98.544 Y116.08
G1 F5400 X92.389 Y109.925 E308.99462
G0 F15000 X92.452 Y110.554
G1 F5400 X98.223 Y116.325 E309.15749
G0 F15000 X97.941 Y116.608
G1 F5400 X92.537 Y111.205 E309.30999
G0 F15000 X92.623 Y111.856
G1 F5400 X97.688 Y116.922 E309.45295
G0 F15000 X97.469 Y117.268
G1 F5400 X92.707 Y112.506 E309.58734
G0 F15000 X92.793 Y113.158
G1 F5400 X97.273 Y117.638 E309.71378
G0 F15000 X97.115 Y118.045
G1 F5400 X92.878 Y113.808 E309.83336
G0 F15000 X92.963 Y114.459
G1 F5400 X96.997 Y118.493 E309.9472
G0 F15000 X96.939 Y119.001
G1 F5400 X93.312 Y115.374 E310.04957
G0 F15000 X93.713 Y116.34
G1 F5400 X96.945 Y119.572 E310.14078
G0 F15000 X97.086 Y120.279
G1 F5400 X94.114 Y117.307 E310.22466
G0 F15000 X94.515 Y118.274
G1 F5400 X97.419 Y121.178 E310.30661
G0 F15000 X97.06 Y121.385
G1 F5400 X95.582 Y119.906 E310.34834
G1 F2400 E309.54834
G1 F300 Z0.8
G0 F15000 X98.815 Y122.574
G1 F300 Z0.6
G1 F2400 E310.34834
G1 F5400 X101.718 Y125.477 E310.43027
G0 F15000 X102.684 Y125.877
G1 F5400 X99.717 Y122.91 E310.514
G1 F2400 E309.714
G1 F300 Z0.8
G0 F15000 X107.2 Y115.685
G1 F300 Z0.6
G1 F2400 E310.514
G1 F5400 X117.367 Y125.852 E310.80094
G0 F15000 X117.767 Y125.687
G1 F5400 X108.163 Y116.083 E311.07199
G0 F15000 X108.875 Y116.229
G1 F5400 X118.167 Y125.521 E311.33423
G0 F15000 X118.567 Y125.355
G1 F5400 X109.526 Y116.314 E311.58938
G0 F15000 X110.125 Y116.347
G1 F5400 X118.933 Y125.156 E311.83798
G0 F15000 X119.254 Y124.91
G1 F5400 X110.633 Y116.29 E312.08127
G0 F15000 X111.136 Y116.227
G1 F5400 X115.706 Y120.797 E312.21024
G0 F15000 X115.434 Y119.959
G1 F5400 X111.622 Y116.147 E312.31782
G0 F15000 X112.039 Y115.999
G1 F5400 X115.362 Y119.321 E312.41159
G0 F15000 X115.391 Y118.785
G1 F5400 X112.438 Y115.832 E312.49493
G0 F15000 X112.837 Y115.666
G1 F5400 X115.477 Y118.305 E312.56942
G0 F15000 X115.612 Y117.875
G1 F5400 X113.229 Y115.492 E312.63668
G0 F15000 X113.549 Y115.246
G1 F5400 X115.777 Y117.474 E312.69956
G0 F15000 X115.986 Y117.117
G1 F5400 X113.869 Y115 E312.7593
G0 F15000 X114.189 Y114.755
G1 F5400 X116.226 Y116.791 E312.81678
G0 F15000 X116.49 Y116.49
G1 F5400 X114.49 Y114.49 E312.87322
G0 F15000 X114.754 Y114.189
G1 F5400 X116.791 Y116.226 E312.93071
G0 F15000 X117.117 Y115.985
G1 F5400 X115 Y113.868 E312.99046
G0 F15000 X115.246 Y113.549
G1 F5400 X117.47 Y115.772 E313.05321
G0 F15000 X117.873 Y115.611
G1 F5400 X115.491 Y113.228 E313.12045
G0 F15000 X115.665 Y112.837
G1 F5400 X118.305 Y115.477 E313.19495
G0 F15000 X118.785 Y115.391
G1 F5400 X115.832 Y112.438 E313.27829
G0 F15000 X115.999 Y112.039
G1 F5400 X119.321 Y115.361 E313.37205
G0 F15000 X119.959 Y115.433
G1 F5400 X116.146 Y111.62 E313.47966
G0 F15000 X116.226 Y111.135
G1 F5400 X120.796 Y115.705 E313.60864
G1 F2400 E312.80864
G1 F300 Z0.8
G0 F15000 X122.729 Y117.638
G1 F300 Z0.6
G1 F2400 E313.60864
G1 F5400 X124.665 Y119.574 E313.66327
G0 F15000 X124.42 Y119.894
G1 F5400 X122.998 Y118.473 E313.70339
G0 F15000 X123.057 Y119.097
G1 F5400 X124.174 Y120.214 E313.73492
G0 F15000 X123.928 Y120.534
G1 F5400 X123.039 Y119.645 E313.76
G0 F15000 X122.949 Y120.12
G1 F5400 X123.682 Y120.854 E313.78071
G0 F15000 X123.437 Y121.174
G1 F5400 X122.824 Y120.562 E313.79799
G0 F15000 X122.655 Y120.958
G1 F5400 X123.191 Y121.494 E313.81312
G1 F2400 E313.01312
G1 F300 Z0.8
G0 F15000 X121.493 Y123.19
G1 F300 Z0.6
G1 F2400 E313.81312
G1 F5400 X120.957 Y122.654 E313.82825
G0 F15000 X120.559 Y122.822
G1 F5400 X121.173 Y123.436 E313.84557
G0 F15000 X120.853 Y123.681
G1 F5400 X120.123 Y122.951 E313.86618
G0 F15000 X119.645 Y123.039
G1 F5400 X120.533 Y123.928 E313.89125
G0 F15000 X120.213 Y124.173
G1 F5400 X119.099 Y123.059 E313.92269
G0 F15000 X118.474 Y122.999
G1 F5400 X119.893 Y124.419 E313.96275
G0 F15000 X119.573 Y124.664
G1 F5400 X117.631 Y122.722 E314.01756
G1 F2400 E313.21756
G1 F300 Z0.8
G0 F15000 X116.967 Y126.018
G1 F300 Z0.6
G1 F2400 E314.01756
G1 F5400 X93.974 Y103.025 E314.66647
G0 F15000 X93.808 Y103.425
G1 F5400 X116.567 Y126.184 E315.30878
G0 F15000 X116.167 Y126.349
G1 F5400 X93.643 Y103.825 E315.94446
G0 F15000 X93.477 Y104.225
G1 F5400 X115.768 Y126.516 E316.57356
G0 F15000 X115.367 Y126.681
G1 F5400 X93.312 Y104.626 E317.196
G0 F15000 X93.146 Y105.026
G1 F5400 X114.968 Y126.847 E317.81185
G0 F15000 X114.568 Y127.013
G1 F5400 X92.981 Y105.426 E318.42108
G1 F2400 E317.62108
G1 F300 Z0.8
G0 F15000 X94.14 Y102.625
G1 F300 Z0.6
G1 F2400 E318.42108
G1 F5400 X104.319 Y112.805 E318.70837
G0 F15000 X103.913 Y111.832
G1 F5400 X94.305 Y102.225 E318.97951
G0 F15000 X94.471 Y101.825
G1 F5400 X103.762 Y111.116 E319.24172
G0 F15000 X103.682 Y110.47
G1 F5400 X94.636 Y101.425 E319.49701
G0 F15000 X94.835 Y101.058
G1 F5400 X103.65 Y109.872 E319.74577
G0 F15000 X103.7 Y109.357
G1 F5400 X95.08 Y100.737 E319.98904
G0 F15000 X95.326 Y100.418
G1 F5400 X97.273 Y102.364 E320.04398
G0 F15000 X96.999 Y101.525
G1 F5400 X95.572 Y100.097 E320.08427
G0 F15000 X95.818 Y99.778
G1 F5400 X96.937 Y100.897 E320.11585
G0 F15000 X96.955 Y100.349
G1 F5400 X96.063 Y99.457 E320.14102
G0 F15000 X96.309 Y99.138
G1 F5400 X97.046 Y99.875 E320.16182
G0 F15000 X97.176 Y99.439
G1 F5400 X96.555 Y98.817 E320.17936
G0 F15000 X96.801 Y98.498
G1 F5400 X97.345 Y99.042 E320.19471
G0 F15000 X97.551 Y98.682
G1 F5400 X97.046 Y98.178 E320.20895
G0 F15000 X97.292 Y97.858
G1 F5400 X97.789 Y98.354 E320.22296
G0 F15000 X98.048 Y98.048
G1 F5400 X97.538 Y97.538 E320.23736
G0 F15000 X97.859 Y97.293
G1 F5400 X98.354 Y97.789 E320.25134
G0 F15000 X98.68 Y97.549
G1 F5400 X98.178 Y97.047 E320.26551
G0 F15000 X98.499 Y96.802
G1 F5400 X99.042 Y97.345 E320.28083
G0 F15000 X99.435 Y97.173
G1 F5400 X98.818 Y96.555 E320.29826
G0 F15000 X99.138 Y96.31
G1 F5400 X99.872 Y97.043 E320.31896
G0 F15000 X100.349 Y96.955
G1 F5400 X99.458 Y96.064 E320.34411
G0 F15000 X99.778 Y95.819
G1 F5400 X100.898 Y96.939 E320.37572
G0 F15000 X101.526 Y97
G1 F5400 X100.098 Y95.573 E320.416
G0 F15000 X100.418 Y95.327
G1 F5400 X102.361 Y97.27 E320.47084
G1 F2400 E319.67084
G1 F300 Z0.8
G0 F15000 X100.738 Y95.081
G1 F300 Z0.6
G1 F2400 E320.47084
G1 F5400 X109.355 Y103.699 E320.71404
G0 F15000 X108.856 Y103.764
G1 F5400 X104.289 Y99.198 E320.84292
G0 F15000 X104.558 Y100.032
G1 F5400 X108.372 Y103.846 E320.95056
G0 F15000 X107.956 Y103.996
G1 F5400 X104.632 Y100.672 E321.04437
G0 F15000 X104.603 Y101.209
G1 F5400 X107.556 Y104.162 E321.12771
G0 F15000 X107.156 Y104.327
G1 F5400 X104.519 Y101.69 E321.20213
G0 F15000 X104.385 Y102.122
G1 F5400 X106.777 Y104.515 E321.26965
G0 F15000 X106.446 Y104.749
G1 F5400 X104.219 Y102.522 E321.3325
G0 F15000 X104.008 Y102.877
G1 F5400 X106.127 Y104.995 E321.39229
G0 F15000 X105.807 Y105.241
G1 F5400 X103.769 Y103.204 E321.4498
G0 F15000 X103.506 Y103.506
G1 F5400 X105.505 Y105.505 E321.50621
G0 F15000 X105.241 Y105.807
G1 F5400 X103.204 Y103.77 E321.5637
G0 F15000 X102.878 Y104.009
G1 F5400 X104.995 Y106.126 E321.62345
G0 F15000 X104.749 Y106.446
G1 F5400 X102.514 Y104.211 E321.68652
G0 F15000 X102.123 Y104.386
G1 F5400 X104.518 Y106.781 E321.75412
G0 F15000 X104.329 Y107.157
G1 F5400 X101.69 Y104.519 E321.82858
G0 F15000 X101.209 Y104.603
G1 F5400 X104.162 Y107.557 E321.91193
G0 F15000 X103.997 Y107.957
G1 F5400 X100.673 Y104.633 E322.00574
G0 F15000 X100.034 Y104.559
G1 F5400 X103.847 Y108.373 E322.11337
G0 F15000 X103.766 Y108.857
G1 F5400 X99.197 Y104.288 E322.24232
G1 F2400 E321.44232
G1 F300 Z0.8
G0 F15000 X101.058 Y94.836
G1 F300 Z0.6
G1 F2400 E322.24232
G1 F5400 X109.872 Y103.649 E322.49105
G0 F15000 X110.471 Y103.682
G1 F5400 X101.425 Y94.637 E322.74634
G0 F15000 X101.825 Y94.472
G1 F5400 X111.117 Y103.763 E323.00856
G0 F15000 X111.831 Y103.911
G1 F5400 X102.226 Y94.307 E323.27962
G0 F15000 X102.627 Y94.141
G1 F5400 X112.806 Y104.321 E323.56691
G1 F2400 E322.76691
G1 F300 Z0.8
G0 F15000 X115.556 Y101.98
G1 F300 Z0.6
G1 F2400 E323.56691
G1 F5400 X106.429 Y92.853 E323.82449
G0 F15000 X105.93 Y92.919
G1 F5400 X116.289 Y103.279 E324.11686
G0 F15000 X116.733 Y103.723
G1 F5400 X127.073 Y114.063 E324.40868
G0 F15000 X127.007 Y114.562
G1 F5400 X105.431 Y92.986 E325.0176
G0 F15000 X105.029 Y93.15
G1 F5400 X126.843 Y114.964 E325.63324
G0 F15000 X126.677 Y115.364
G1 F5400 X104.629 Y93.315 E326.25549
G0 F15000 X104.228 Y93.48
G1 F5400 X126.512 Y115.764 E326.8844
G0 F15000 X126.347 Y116.165
G1 F5400 X103.828 Y93.646 E327.51993
G0 F15000 X103.428 Y93.811
G1 F5400 X126.182 Y116.565 E328.1621
G0 F15000 X126.016 Y116.965
G1 F5400 X103.027 Y93.976 E328.8109
G1 F2400 E328.0109
G1 F300 Z0.8
G0 F15000 X106.929 Y92.787
G1 F300 Z0.6
G1 F2400 E328.8109
G1 F5400 X115.396 Y101.254 E329.04985
G0 F15000 X115.36 Y100.652
G1 F5400 X107.429 Y92.721 E329.27368
G0 F15000 X107.929 Y92.655
G1 F5400 X115.422 Y100.149 E329.48517
G0 F15000 X115.516 Y99.677
G1 F5400 X108.428 Y92.589 E329.68521
G0 F15000 X108.927 Y92.522
G1 F5400 X115.677 Y99.272 E329.87571
G0 F15000 X115.856 Y98.885
G1 F5400 X109.427 Y92.456 E330.05715
G0 F15000 X109.926 Y92.39
G1 F5400 X116.081 Y98.545 E330.23085
G0 F15000 X116.326 Y98.224
G1 F5400 X110.556 Y92.454 E330.39369
G0 F15000 X111.208 Y92.54
G1 F5400 X116.607 Y97.939 E330.54607
G0 F15000 X116.922 Y97.688
G1 F5400 X111.861 Y92.627 E330.6889
G0 F15000 X112.513 Y92.714
G1 F5400 X117.264 Y97.465 E330.82298
G0 F15000 X117.633 Y97.268
G1 F5400 X113.165 Y92.8 E330.94908
G0 F15000 X113.817 Y92.887
G1 F5400 X118.043 Y97.113 E331.06835
G0 F15000 X118.49 Y96.994
G1 F5400 X114.469 Y92.973 E331.18183
G0 F15000 X115.386 Y93.324
G1 F5400 X119 Y96.939 E331.28384
G0 F15000 X119.571 Y96.944
G1 F5400 X116.349 Y93.721 E331.37478
G0 F15000 X117.313 Y94.119
G1 F5400 X120.284 Y97.091 E331.45864
G0 F15000 X121.315 Y97.556
G1 F5400 X118.276 Y94.517 E331.54441
G1 F2400 E330.74441
G1 F300 Z0.8
G0 F15000 X119.906 Y95.582
G1 F300 Z0.6
G1 F2400 E331.54441
G1 F5400 X124.412 Y100.087 E331.67157
G0 F15000 X123.048 Y100.42
G1 F5400 X126.275 Y103.648 E331.76265
G0 F15000 X126.674 Y104.612
G1 F5400 X123.058 Y100.996 E331.8647
G0 F15000 X123.001 Y101.504
G1 F5400 X127.024 Y105.528 E331.97826
G0 F15000 X127.11 Y106.179
G1 F5400 X122.883 Y101.953 E332.09754
G0 F15000 X122.724 Y102.359
G1 F5400 X127.195 Y106.83 E332.22372
G0 F15000 X127.281 Y107.482
G1 F5400 X122.527 Y102.728 E332.35789
G0 F15000 X122.305 Y103.072
G1 F5400 X127.366 Y108.133 E332.50072
G0 F15000 X127.452 Y108.784
G1 F5400 X122.051 Y103.383 E332.65315
G0 F15000 X121.769 Y103.668
G1 F5400 X127.538 Y109.436 E332.81595
G0 F15000 X127.603 Y110.067
G1 F5400 X121.451 Y103.915 E332.98957
G0 F15000 X121.113 Y104.143
G1 F5400 X127.537 Y110.566 E333.17085
G0 F15000 X127.471 Y111.066
G1 F5400 X120.725 Y104.32 E333.36124
G0 F15000 X120.32 Y104.481
G1 F5400 X127.404 Y111.565 E333.56117
G0 F15000 X127.338 Y112.064
G1 F5400 X119.848 Y104.574 E333.77255
G0 F15000 X119.342 Y104.634
G1 F5400 X127.272 Y112.564 E333.99635
G0 F15000 X127.206 Y113.064
G1 F5400 X118.741 Y104.599 E334.23525
G0 F15000 X118.028 Y104.452
G1 F5400 X127.14 Y113.563 E334.4924
G1 F2400 E333.6924
G1 F300 Z0.8
G0 F15000 X125.851 Y117.366
G1 F300 Z0.6
G1 F2400 E334.4924
G1 F5400 X115.688 Y107.203 E334.77922
G0 F15000 X116.084 Y108.164
G1 F5400 X125.685 Y117.766 E335.0502
G0 F15000 X125.521 Y118.167
G1 F5400 X116.226 Y108.873 E335.31251
G0 F15000 X116.309 Y109.521
G1 F5400 X125.355 Y118.567 E335.5678
G0 F15000 X125.156 Y118.934
G1 F5400 X116.354 Y110.132 E335.81622
G0 F15000 X116.29 Y110.633
G1 F5400 X124.911 Y119.254 E336.05952
G1 F2400 E335.25952
G1 F300 Z0.8
G0 F15000 X125.876 Y102.683
G1 F300 Z0.6
G1 F2400 E336.05952
G1 F5400 X122.906 Y99.713 E336.14334
G0 F15000 X122.456 Y98.697
G1 F5400 X125.477 Y101.718 E336.2286
G1 F2400 E335.4286
G1 F300 Z0.8
G0 F15000 X122.539 Y97.649
G1 F300 Z0.6
G1 F2400 E336.2286
G1 F5400 X122.344 Y97.454 E336.2341
G1 F2400 E335.4341
G1 F300 Z0.8
;MESH:NONMESH
G0 F15000 X100.87 Y104.083
;TIME_ELAPSED:595.360720
;LAYER:5
;MESH:vertMount_Cover_RPi_r01.stl
G0 Z0.92
;TYPE:WALL-INNER
G1 F300 Z0.72
G1 F2400 E336.2341
G1 F5400 X100.611 Y104.073 E336.23927
G1 X99.949 Y103.986 E336.2526
G1 X99.338 Y103.741 E336.26574
G1 X99.061 Y103.604 E336.2719
G1 X98.605 Y103.254 E336.28337
G1 X98.387 Y103.061 E336.28918
G1 X98.055 Y102.627 E336.30009
G1 X97.822 Y102.226 E336.30934
G1 X97.671 Y101.862 E336.31721
G1 X97.561 Y101.49 E336.32495
G1 X97.496 Y101.02 E336.33442
G1 X97.496 Y100.538 E336.34404
G1 X97.548 Y100.154 E336.35177
G1 X97.671 Y99.702 E336.36112
G1 X97.888 Y99.199 E336.37205
G1 X98.048 Y98.946 E336.37802
G1 X98.291 Y98.624 E336.38607
G1 X98.5 Y98.387 E336.39238
G1 X98.934 Y98.053 E336.40331
G1 X99.347 Y97.815 E336.41282
G1 X99.707 Y97.667 E336.42059
G1 X100.152 Y97.547 E336.42979
G1 X100.54 Y97.495 E336.4376
G1 X101.02 Y97.496 E336.44718
G1 X101.489 Y97.56 E336.45662
G1 X101.853 Y97.667 E336.4642
G1 X102.213 Y97.815 E336.47196
G1 X102.626 Y98.053 E336.48148
G1 X103.06 Y98.387 E336.4924
G1 X103.267 Y98.622 E336.49865
G1 X103.61 Y99.068 E336.50988
G1 X103.741 Y99.338 E336.51587
G1 X103.986 Y99.949 E336.52901
G1 X104.073 Y100.611 E336.54233
G1 X104.083 Y100.87 E336.5475
G1 X104.019 Y101.39 E336.55796
G1 X103.938 Y101.744 E336.56521
G1 X103.692 Y102.335 E336.57798
G1 X103.521 Y102.606 E336.58438
G1 X103.223 Y103.002 E336.59427
G1 X103.002 Y103.223 E336.6005
G1 X102.606 Y103.521 E336.61039
G1 X102.375 Y103.667 E336.61585
G1 X101.783 Y103.929 E336.62877
G1 X101.39 Y104.019 E336.63681
G1 X100.87 Y104.083 E336.64727
G0 F15000 X100.777 Y103.691
G1 F5400 X100.103 Y103.607 E336.66082
G1 X99.856 Y103.524 E336.66602
G1 X99.323 Y103.302 E336.67755
G1 X98.72 Y102.838 E336.69273
G1 X98.372 Y102.384 E336.70414
G1 X98.191 Y102.072 E336.71134
G1 X98.04 Y101.708 E336.71921
G1 X97.954 Y101.418 E336.72524
G1 X97.892 Y100.966 E336.73435
G1 X97.892 Y100.591 E336.74183
G1 X97.944 Y100.207 E336.74956
G1 X98.04 Y99.856 E336.75683
G1 X98.273 Y99.311 E336.76865
G1 X98.715 Y98.727 E336.78327
G1 X99.178 Y98.37 E336.79494
G1 X99.499 Y98.185 E336.80233
G1 X99.859 Y98.037 E336.8101
G1 X100.205 Y97.944 E336.81725
G1 X100.593 Y97.892 E336.82506
G1 X100.966 Y97.892 E336.8325
G1 X101.418 Y97.954 E336.84161
G1 X101.701 Y98.037 E336.8475
G1 X102.061 Y98.185 E336.85526
G1 X102.382 Y98.37 E336.86266
G1 X102.839 Y98.722 E336.87417
G1 X103.306 Y99.329 E336.88945
G1 X103.596 Y100.046 E336.90489
G1 X103.674 Y100.649 E336.91702
G1 X103.67 Y100.952 E336.92307
G1 X103.622 Y101.34 E336.93087
G1 X103.559 Y101.616 E336.93652
G1 X103.287 Y102.25 E336.95029
G1 X102.844 Y102.843 E336.96506
G1 X102.254 Y103.286 E336.97978
G1 X101.616 Y103.559 E336.99363
G1 X101.34 Y103.622 E336.99928
G1 X100.777 Y103.691 E337.0106
G0 F15000 X100.749 Y103.284
G1 F5400 X100.146 Y103.207 E337.02273
G1 X99.528 Y102.955 E337.03605
G1 X99.005 Y102.552 E337.04922
G1 X98.69 Y102.141 E337.05956
G1 X98.561 Y101.918 E337.0647
G1 X98.361 Y101.438 E337.07508
G1 X98.288 Y100.913 E337.08565
G1 X98.289 Y100.645 E337.091
G1 X98.341 Y100.261 E337.09874
G1 X98.409 Y100.01 E337.10393
G1 X98.62 Y99.516 E337.11465
G1 X98.984 Y99.034 E337.1267
G1 X99.422 Y98.687 E337.13785
G1 X99.651 Y98.555 E337.14312
G1 X100.011 Y98.407 E337.15089
G1 X100.259 Y98.34 E337.15602
G1 X100.646 Y98.288 E337.16381
G1 X100.913 Y98.288 E337.16914
G1 X101.431 Y98.358 E337.17957
G1 X101.909 Y98.555 E337.18989
G1 X102.138 Y98.687 E337.19516
G1 X102.554 Y99.007 E337.20564
G1 X102.956 Y99.53 E337.2188
G1 X103.207 Y100.146 E337.23208
G1 X103.288 Y100.781 E337.24485
G1 X103.209 Y101.421 E337.25772
G1 X102.939 Y102.049 E337.27136
G1 X102.558 Y102.558 E337.28405
G1 X102.049 Y102.939 E337.29674
G1 X101.415 Y103.212 E337.31051
G1 X100.749 Y103.284 E337.32388
G0 F15000 X100.781 Y102.885
G1 F5400 X100.249 Y102.819 E337.33458
G1 X99.733 Y102.601 E337.34576
G1 X99.294 Y102.264 E337.3568
G1 X98.961 Y101.838 E337.36759
G1 X98.748 Y101.328 E337.37862
G1 X98.674 Y100.779 E337.38968
G1 X98.748 Y100.235 E337.40063
G1 X98.967 Y99.72 E337.4118
G1 X99.295 Y99.295 E337.42251
G1 X99.727 Y98.956 E337.43347
G1 X100.235 Y98.747 E337.44443
G1 X100.781 Y98.674 E337.45543
G1 X101.326 Y98.748 E337.4664
G1 X101.833 Y98.956 E337.47734
G1 X102.264 Y99.295 E337.48828
G1 X102.601 Y99.733 E337.49931
G1 X102.819 Y100.249 E337.51049
G1 X102.885 Y100.781 E337.52119
G1 X102.818 Y101.319 E337.53201
G1 X102.607 Y101.813 E337.54273
G1 X102.269 Y102.279 E337.55421
G1 X101.813 Y102.607 E337.56542
G1 X101.319 Y102.818 E337.57614
G1 X100.781 Y102.885 E337.58696
G1 F2400 E336.78696
G1 F300 Z0.92
G0 F15000 X110 Y115.788
G1 F300 Z0.72
G1 F2400 E337.58696
G1 F5400 X109.772 Y115.782 E337.59151
G1 X108.608 Y115.634 E337.61493
G1 X108.355 Y115.558 E337.6202
G1 X107.071 Y115.021 E337.64798
G1 X106.014 Y114.207 E337.6746
G1 X105.793 Y113.986 E337.68084
G1 X104.978 Y112.925 E337.70754
G1 X104.443 Y111.656 E337.73502
G1 X104.362 Y111.387 E337.74063
G1 X104.204 Y110.128 E337.76595
G1 X104.214 Y109.772 E337.77305
G1 X104.362 Y108.611 E337.79641
G1 X104.437 Y108.357 E337.8017
G1 X104.969 Y107.095 E337.82903
G1 X105.793 Y106.014 E337.85615
G1 X106.014 Y105.793 E337.86239
G1 X107.095 Y104.969 E337.88951
G1 X108.357 Y104.437 E337.91685
G1 X108.613 Y104.361 E337.92217
G1 X109.873 Y104.204 E337.94751
G1 X110.229 Y104.214 E337.95462
G1 X111.389 Y104.362 E337.97796
G1 X111.656 Y104.443 E337.98353
G1 X112.808 Y104.929 E338.00848
G1 X113.09 Y105.105 E338.01511
G1 X113.986 Y105.793 E338.03765
G1 X114.207 Y106.014 E338.04389
G1 X115.021 Y107.071 E338.07052
G1 X115.558 Y108.355 E338.09829
G1 X115.634 Y108.61 E338.1036
G1 X115.792 Y109.873 E338.129
G1 X115.782 Y110.229 E338.13611
G1 X115.633 Y111.392 E338.15951
G1 X115.552 Y111.658 E338.16506
G1 X115.026 Y112.919 E338.19232
G1 X114.207 Y113.986 E338.21916
G1 X113.986 Y114.207 E338.2254
G1 X112.919 Y115.026 E338.25224
G1 X111.658 Y115.552 E338.27951
G1 X111.39 Y115.634 E338.2851
G1 X110.128 Y115.792 E338.31048
G1 X110 Y115.788 E338.31304
G0 F15000 X109.998 Y115.406
G1 F5400 X108.581 Y115.22 E338.34156
G1 X107.298 Y114.684 E338.36931
G1 X106.271 Y113.901 E338.39508
G1 X106.099 Y113.729 E338.39993
G1 X105.313 Y112.693 E338.42589
G1 X104.766 Y111.394 E338.45401
G1 X104.59 Y109.998 E338.48209
G1 X104.776 Y108.579 E338.51065
G1 X105.32 Y107.292 E338.53854
G1 X106.099 Y106.271 E338.56416
G1 X106.271 Y106.099 E338.56902
G1 X107.309 Y105.306 E338.59509
G1 X108.58 Y104.776 E338.62257
G1 X109.998 Y104.59 E338.65111
G1 X111.394 Y104.766 E338.67919
G1 X112.628 Y105.286 E338.70591
G1 X112.847 Y105.423 E338.71106
G1 X113.729 Y106.099 E338.73324
G1 X113.901 Y106.271 E338.7381
G1 X114.684 Y107.298 E338.76387
G1 X115.22 Y108.581 E338.79162
G1 X115.406 Y109.998 E338.82014
G1 X115.23 Y111.391 E338.84816
G1 X114.687 Y112.692 E338.87629
G1 X113.901 Y113.729 E338.90226
G1 X113.729 Y113.901 E338.90711
G1 X112.677 Y114.698 E338.93345
G1 X111.389 Y115.231 E338.96127
G1 X109.998 Y115.406 E338.98924
G0 F15000 X110 Y115.004
G1 F5400 X109.99 Y115.005 E338.98944
G1 X108.689 Y114.832 E339.01564
G1 X107.497 Y114.336 E339.0414
G1 X106.455 Y113.538 E339.06759
G1 X105.663 Y112.495 E339.09373
G1 X105.165 Y111.312 E339.11934
G1 X104.991 Y109.991 E339.14593
G1 X105.163 Y108.69 E339.17212
G1 X105.667 Y107.494 E339.19802
G1 X106.459 Y106.459 E339.22403
G1 X107.506 Y105.658 E339.25034
G1 X108.691 Y105.163 E339.27596
G1 X110 Y104.993 E339.30231
G1 X111.312 Y105.165 E339.32871
G1 X112.496 Y105.663 E339.35435
G1 X113.541 Y106.458 E339.38055
G1 X114.336 Y107.497 E339.40666
G1 X114.833 Y108.69 E339.43245
G1 X115.003 Y110 E339.45881
G1 X114.832 Y111.308 E339.48513
G1 X114.339 Y112.493 E339.51075
G1 X113.539 Y113.545 E339.53712
G1 X112.493 Y114.339 E339.56333
G1 X111.308 Y114.832 E339.58894
G1 X110 Y115.004 E339.61527
G0 F15000 X110 Y114.598
G1 F5400 X108.8 Y114.445 E339.63941
G1 X107.699 Y113.988 E339.6632
G1 X106.744 Y113.256 E339.68721
G1 X106.009 Y112.292 E339.7114
G1 X105.55 Y111.195 E339.73513
G1 X105.396 Y110.017 E339.75884
G1 X105.551 Y108.8 E339.78332
G1 X106.013 Y107.697 E339.80719
G1 X106.747 Y106.747 E339.83115
G1 X107.697 Y106.013 E339.8551
G1 X108.812 Y105.546 E339.87923
G1 X110.001 Y105.394 E339.90315
G1 X111.196 Y105.55 E339.9272
G1 X112.306 Y106.016 E339.95122
G1 X113.252 Y106.747 E339.97508
G1 X113.988 Y107.699 E339.99909
G1 X114.45 Y108.812 E340.02314
G1 X114.602 Y110.001 E340.04706
G1 X114.446 Y111.196 E340.07111
G1 X113.985 Y112.305 E340.09508
G1 X113.253 Y113.253 E340.11898
G1 X112.289 Y113.993 E340.14323
G1 X111.196 Y114.446 E340.16685
G1 X110.017 Y114.6 E340.19057
G1 X110 Y114.598 E340.19092
G1 F2400 E339.39092
G1 F300 Z0.92
G0 F15000 X118.992 Y122.502
G1 F300 Z0.72
G1 F2400 E340.19092
G1 F5400 X118.508 Y122.44 E340.20065
G1 X118.138 Y122.329 E340.20836
G1 X117.774 Y122.178 E340.21623
G1 X117.37 Y121.943 E340.22555
G1 X116.939 Y121.611 E340.23641
G1 X116.742 Y121.391 E340.2423
G1 X116.393 Y120.935 E340.25376
G1 X116.258 Y120.662 E340.25984
G1 X116.106 Y120.298 E340.26771
G1 X116.001 Y119.984 E340.27432
G1 X115.923 Y119.384 E340.28639
G1 X115.913 Y119.115 E340.29177
G1 X115.984 Y118.59 E340.30234
G1 X116.059 Y118.264 E340.30901
G1 X116.302 Y117.664 E340.32193
G1 X116.491 Y117.369 E340.32892
G1 X116.777 Y116.998 E340.33827
G1 X116.998 Y116.777 E340.34451
G1 X117.369 Y116.491 E340.35386
G1 X117.664 Y116.302 E340.36085
G1 X118.264 Y116.059 E340.37377
G1 X118.59 Y115.984 E340.38044
G1 X119.115 Y115.913 E340.39102
G1 X119.384 Y115.923 E340.39639
G1 X119.844 Y115.983 E340.40565
G1 X120.135 Y116.047 E340.41159
G1 X120.662 Y116.258 E340.42292
G1 X120.935 Y116.393 E340.429
G1 X121.39 Y116.741 E340.44043
G1 X121.608 Y116.934 E340.44624
G1 X121.943 Y117.37 E340.45721
G1 X122.178 Y117.774 E340.46654
G1 X122.33 Y118.138 E340.47441
G1 X122.439 Y118.509 E340.48213
G1 X122.502 Y118.992 E340.49185
G1 X122.502 Y119.438 E340.50075
G1 X122.455 Y119.826 E340.50855
G1 X122.329 Y120.298 E340.5183
G1 X122.178 Y120.662 E340.52616
G1 X121.945 Y121.064 E340.53543
G1 X121.599 Y121.507 E340.54665
G1 X121.383 Y121.696 E340.55238
G1 X121.065 Y121.944 E340.56043
G1 X120.803 Y122.114 E340.56666
G1 X120.298 Y122.329 E340.57761
G1 X119.826 Y122.455 E340.58736
G1 X119.438 Y122.502 E340.59516
G1 X118.992 Y122.502 E340.60406
G0 F15000 X119.042 Y122.105
G1 F5400 X118.58 Y122.046 E340.61336
G1 X118.292 Y121.96 E340.61935
G1 X117.928 Y121.808 E340.62723
G1 X117.614 Y121.626 E340.63447
G1 X117.154 Y121.272 E340.64605
G1 X116.693 Y120.67 E340.66118
G1 X116.404 Y119.951 E340.67665
G1 X116.303 Y119.208 E340.69161
G1 X116.38 Y118.644 E340.70297
G1 X116.439 Y118.39 E340.70817
G1 X116.711 Y117.738 E340.72227
G1 X117.158 Y117.158 E340.73689
G1 X117.738 Y116.711 E340.7515
G1 X118.39 Y116.439 E340.7656
G1 X118.644 Y116.38 E340.7708
G1 X119.208 Y116.303 E340.78216
G1 X119.952 Y116.404 E340.79714
G1 X120.673 Y116.695 E340.81266
G1 X121.274 Y117.157 E340.82779
G1 X121.626 Y117.614 E340.8393
G1 X121.808 Y117.928 E340.84654
G1 X121.961 Y118.292 E340.85442
G1 X122.046 Y118.581 E340.86043
G1 X122.106 Y119.042 E340.86971
G1 X122.106 Y119.388 E340.87662
G1 X122.058 Y119.777 E340.88444
G1 X121.96 Y120.144 E340.89202
G1 X121.809 Y120.508 E340.89988
G1 X121.628 Y120.821 E340.9071
G1 X121.271 Y121.277 E340.91865
G1 X120.691 Y121.728 E340.93332
G1 X120.144 Y121.96 E340.94517
G1 X119.777 Y122.058 E340.95275
G1 X119.388 Y122.106 E340.96058
G1 X119.042 Y122.105 E340.96748
G0 F15000 X119.219 Y121.724
G1 F5400 X118.57 Y121.643 E340.98053
G1 X118.082 Y121.439 E340.99109
G1 X117.858 Y121.309 E340.99626
G1 X117.441 Y120.989 E341.00675
G1 X117.044 Y120.47 E341.01979
G1 X116.794 Y119.855 E341.03303
G1 X116.711 Y119.245 E341.04532
G1 X116.791 Y118.585 E341.05859
G1 X117.055 Y117.947 E341.07237
G1 X117.443 Y117.443 E341.08506
G1 X117.947 Y117.055 E341.09775
G1 X118.584 Y116.791 E341.11151
G1 X119.251 Y116.71 E341.12492
G1 X119.855 Y116.794 E341.13709
G1 X120.476 Y117.046 E341.15047
G1 X120.984 Y117.448 E341.16339
G1 X121.309 Y117.858 E341.17383
G1 X121.439 Y118.082 E341.179
G1 X121.641 Y118.565 E341.18945
G1 X121.725 Y119.212 E341.20247
G1 X121.661 Y119.727 E341.21283
G1 X121.591 Y119.99 E341.21826
G1 X121.439 Y120.354 E341.22613
G1 X121.306 Y120.583 E341.23141
G1 X120.984 Y120.984 E341.24168
G1 X120.491 Y121.379 E341.25428
G1 X119.99 Y121.591 E341.26514
G1 X119.727 Y121.661 E341.27057
G1 X119.219 Y121.724 E341.28079
G0 F15000 X119.215 Y121.321
G1 F5400 X118.673 Y121.253 E341.29169
G1 X118.162 Y121.039 E341.30274
G1 X117.732 Y120.701 E341.31366
G1 X117.395 Y120.272 E341.32455
G1 X117.186 Y119.753 E341.33571
G1 X117.11 Y119.216 E341.34653
G1 X117.183 Y118.679 E341.35735
G1 X117.401 Y118.153 E341.36871
G1 X117.731 Y117.731 E341.3794
G1 X118.153 Y117.401 E341.39009
G1 X118.679 Y117.183 E341.40146
G1 X119.214 Y117.11 E341.41223
G1 X119.753 Y117.182 E341.42308
G1 X120.266 Y117.399 E341.4342
G1 X120.701 Y117.731 E341.44512
G1 X121.039 Y118.162 E341.45605
G1 X121.253 Y118.673 E341.4671
G1 X121.321 Y119.215 E341.47801
G1 X121.254 Y119.76 E341.48896
G1 X121.037 Y120.278 E341.50017
G1 X120.701 Y120.701 E341.51095
G1 X120.279 Y121.035 E341.52169
G1 X119.761 Y121.254 E341.53292
G1 X119.215 Y121.321 E341.54389
G1 F2400 E340.74389
G1 F300 Z0.92
G0 F15000 X110 Y128.18
G1 F300 Z0.72
G1 F2400 E341.54389
G1 F5400 X114.71 Y127.562 E341.63869
G1 X119.087 Y125.747 E341.73325
G1 X122.856 Y122.856 E341.82804
G1 X125.747 Y119.088 E341.92282
G1 X127.558 Y114.71 E342.01737
G1 X128.18 Y110 E342.11218
G1 X127.558 Y105.286 E342.20707
G1 X125.747 Y100.908 E342.30161
G1 X122.856 Y97.14 E342.39639
G1 X119.088 Y94.249 E342.49117
G1 X114.71 Y92.438 E342.58572
G1 X110 Y91.816 E342.68053
G1 X105.286 Y92.438 E342.77541
G1 X100.908 Y94.249 E342.86996
G1 X97.14 Y97.14 E342.96474
G1 X94.248 Y100.909 E343.05954
G1 X92.434 Y105.286 E343.1541
G1 X91.816 Y110 E343.24897
G1 X92.434 Y114.71 E343.34377
G1 X94.248 Y119.087 E343.43832
G1 X97.14 Y122.856 E343.53313
G1 X100.908 Y125.747 E343.62791
G1 X105.286 Y127.562 E343.72248
G1 X110 Y128.18 E343.81736
G0 F15000 X110 Y128.584
G1 F5400 X114.814 Y127.952 E343.91426
G1 X119.289 Y126.097 E344.01093
G1 X123.141 Y123.141 E344.10782
G1 X126.096 Y119.29 E344.20469
G1 X127.948 Y114.814 E344.30136
G1 X128.583 Y110 E344.39826
G1 X127.948 Y105.182 E344.49524
G1 X126.096 Y100.706 E344.59191
G1 X123.141 Y96.855 E344.68878
G1 X119.29 Y93.899 E344.78566
G1 X114.814 Y92.048 E344.88232
G1 X110 Y91.413 E344.97922
G1 X105.182 Y92.048 E345.0762
G1 X100.706 Y93.899 E345.17286
G1 X96.855 Y96.855 E345.26974
G1 X93.899 Y100.707 E345.36664
G1 X92.044 Y105.182 E345.46331
G1 X91.412 Y110 E345.56028
G1 X92.044 Y114.814 E345.65717
G1 X93.899 Y119.289 E345.75385
G1 X96.855 Y123.141 E345.85074
G1 X100.707 Y126.097 E345.94764
G1 X105.182 Y127.951 E346.0443
G1 X110 Y128.584 E346.14128
G0 F15000 X110 Y128.987
G1 F5400 X114.918 Y128.341 E346.24026
G1 X119.491 Y126.446 E346.33905
G1 X123.426 Y123.426 E346.43804
G1 X126.446 Y119.491 E346.53703
G1 X128.337 Y114.919 E346.63576
G1 X128.987 Y110 E346.73478
G1 X128.337 Y105.077 E346.83387
G1 X126.446 Y100.505 E346.93261
G1 X123.426 Y96.57 E347.0316
G1 X119.491 Y93.55 E347.13059
G1 X114.919 Y91.659 E347.22932
G1 X110 Y91.009 E347.32834
G1 X105.077 Y91.659 E347.42744
G1 X100.505 Y93.55 E347.52617
G1 X96.569 Y96.569 E347.62516
G1 X93.55 Y100.505 E347.72415
G1 X91.655 Y105.077 E347.82292
G1 X91.009 Y110 E347.92201
G1 X91.655 Y114.918 E348.02099
G1 X93.55 Y119.491 E348.11978
G1 X96.569 Y123.427 E348.21877
G1 X100.505 Y126.446 E348.31776
G1 X105.077 Y128.341 E348.41653
G1 X110 Y128.987 E348.51561
G0 F15000 X110 Y129.39
G1 F5400 X115.023 Y128.731 E348.61671
G1 X119.693 Y126.795 E348.7176
G1 X123.712 Y123.712 E348.81868
G1 X126.795 Y119.693 E348.91976
G1 X128.727 Y115.023 E349.02062
G1 X129.39 Y110 E349.12173
G1 X128.727 Y104.973 E349.22292
G1 X126.795 Y100.303 E349.32377
G1 X123.712 Y96.284 E349.42486
G1 X119.693 Y93.201 E349.52594
G1 X115.023 Y91.269 E349.62679
G1 X110 Y90.606 E349.7279
G1 X104.973 Y91.269 E349.82909
G1 X100.303 Y93.201 E349.92995
G1 X96.284 Y96.284 E350.03103
G1 X93.2 Y100.303 E350.13213
G1 X91.265 Y104.973 E350.233
G1 X90.606 Y110 E350.33418
G1 X91.265 Y115.023 E350.43528
G1 X93.2 Y119.693 E350.53616
G1 X96.284 Y123.712 E350.63725
G1 X100.303 Y126.795 E350.73834
G1 X104.973 Y128.731 E350.83922
G1 X110 Y129.39 E350.9404
G1 F2400 E350.1404
G1 F300 Z0.92
G0 F15000 X101.002 Y122.502
G1 F300 Z0.72
G1 F2400 E350.9404
G1 F5400 X100.557 Y122.502 E350.94928
G1 X100.172 Y122.455 E350.95702
G1 X99.708 Y122.332 E350.9666
G1 X99.195 Y122.113 E350.97773
G1 X98.932 Y121.945 E350.98396
G1 X98.496 Y121.605 E350.99499
G1 X98.291 Y121.372 E351.00119
G1 X98.055 Y121.064 E351.00893
G1 X97.823 Y120.662 E351.01819
G1 X97.671 Y120.298 E351.02606
G1 X97.547 Y119.844 E351.03546
G1 X97.495 Y119.456 E351.04327
G1 X97.496 Y118.974 E351.05289
G1 X97.561 Y118.508 E351.06228
G1 X97.671 Y118.138 E351.06998
G1 X97.822 Y117.774 E351.07784
G1 X98.048 Y117.382 E351.08687
G1 X98.382 Y116.941 E351.09791
G1 X98.605 Y116.742 E351.10388
G1 X99.071 Y116.389 E351.11555
G1 X99.338 Y116.258 E351.12148
G1 X99.946 Y116.015 E351.13455
G1 X100.612 Y115.923 E351.14796
G1 X100.884 Y115.913 E351.1534
G1 X101.408 Y115.983 E351.16395
G1 X101.742 Y116.061 E351.17079
G1 X102.332 Y116.302 E351.18351
G1 X102.619 Y116.484 E351.19029
G1 X103.002 Y116.777 E351.19991
G1 X103.223 Y116.998 E351.20615
G1 X103.515 Y117.38 E351.21575
G1 X103.668 Y117.622 E351.22146
G1 X103.93 Y118.221 E351.23451
G1 X104.019 Y118.608 E351.24243
G1 X104.083 Y119.122 E351.25277
G1 X104.073 Y119.385 E351.25802
G1 X103.999 Y119.951 E351.26941
G1 X103.936 Y120.197 E351.27448
G1 X103.68 Y120.81 E351.28774
G1 X103.501 Y121.075 E351.29412
G1 X103.168 Y121.501 E351.30491
G1 X102.947 Y121.696 E351.31079
G1 X102.639 Y121.936 E351.31858
G1 X102.226 Y122.178 E351.32813
G1 X101.862 Y122.329 E351.336
G1 X101.489 Y122.44 E351.34376
G1 X101.002 Y122.502 E351.35356
G0 F15000 X100.953 Y122.106
G1 F5400 X100.606 Y122.106 E351.36049
G1 X100.222 Y122.058 E351.36821
G1 X99.861 Y121.962 E351.37566
G1 X99.299 Y121.724 E351.38784
G1 X98.718 Y121.272 E351.40253
G1 X98.372 Y120.82 E351.41389
G1 X98.192 Y120.508 E351.42108
G1 X98.04 Y120.144 E351.42895
G1 X97.944 Y119.791 E351.43625
G1 X97.892 Y119.403 E351.44407
G1 X97.892 Y119.028 E351.45155
G1 X97.954 Y118.58 E351.46057
G1 X98.04 Y118.292 E351.46657
G1 X98.191 Y117.928 E351.47444
G1 X98.367 Y117.623 E351.48146
G1 X98.719 Y117.158 E351.4931
G1 X99.33 Y116.694 E351.50841
G1 X99.856 Y116.476 E351.51978
G1 X100.097 Y116.395 E351.52485
G1 X100.781 Y116.303 E351.53862
G1 X101.355 Y116.38 E351.55018
G1 X101.615 Y116.44 E351.55551
G1 X102.256 Y116.711 E351.56939
G1 X102.843 Y117.157 E351.58411
G1 X103.284 Y117.738 E351.59866
G1 X103.561 Y118.389 E351.61278
G1 X103.622 Y118.658 E351.61828
G1 X103.691 Y119.211 E351.62941
G1 X103.598 Y119.949 E351.64425
G1 X103.327 Y120.619 E351.65867
G1 X103.185 Y120.829 E351.66373
G1 X102.835 Y121.277 E351.67508
G1 X102.393 Y121.621 E351.68625
G1 X102.072 Y121.808 E351.69367
G1 X101.708 Y121.96 E351.70154
G1 X101.418 Y122.046 E351.70758
G1 X100.953 Y122.106 E351.71693
G0 F15000 X100.78 Y121.725
G1 F5400 X100.272 Y121.661 E351.72715
G1 X100.014 Y121.593 E351.73247
G1 X99.502 Y121.376 E351.74357
G1 X98.986 Y120.963 E351.75676
G1 X98.69 Y120.577 E351.76647
G1 X98.561 Y120.354 E351.77161
G1 X98.409 Y119.99 E351.77948
G1 X98.34 Y119.737 E351.78472
G1 X98.288 Y119.35 E351.79251
G1 X98.288 Y119.081 E351.79788
G1 X98.361 Y118.562 E351.80834
G1 X98.561 Y118.082 E351.81871
G1 X98.686 Y117.864 E351.82373
G1 X99.006 Y117.441 E351.83431
G1 X99.533 Y117.043 E351.84749
G1 X100.144 Y116.794 E351.86066
G1 X100.784 Y116.707 E351.87355
G1 X101.42 Y116.792 E351.88635
G1 X102.051 Y117.057 E351.90001
G1 X102.558 Y117.443 E351.91273
G1 X102.94 Y117.946 E351.92533
G1 X103.212 Y118.59 E351.93928
G1 X103.284 Y119.246 E351.95245
G1 X103.207 Y119.852 E351.96464
G1 X102.954 Y120.475 E351.97806
G1 X102.576 Y120.96 E351.99033
G1 X102.147 Y121.305 E352.00132
G1 X101.918 Y121.439 E352.00661
G1 X101.431 Y121.642 E352.01714
G1 X100.78 Y121.725 E352.03024
G0 F15000 X100.78 Y121.321
G1 F5400 X100.24 Y121.254 E352.0411
G1 X99.715 Y121.034 E352.05246
G1 X99.295 Y120.701 E352.06315
G1 X98.962 Y120.277 E352.07391
G1 X98.748 Y119.763 E352.08502
G1 X98.674 Y119.215 E352.09606
G1 X98.748 Y118.671 E352.10701
G1 X98.96 Y118.164 E352.11798
G1 X99.293 Y117.733 E352.12885
G1 X99.735 Y117.398 E352.13992
G1 X100.246 Y117.182 E352.15099
G1 X100.781 Y117.11 E352.16176
G1 X101.322 Y117.183 E352.17266
G1 X101.845 Y117.403 E352.18398
G1 X102.272 Y117.728 E352.19469
G1 X102.594 Y118.152 E352.20531
G1 X102.818 Y118.681 E352.21678
G1 X102.885 Y119.214 E352.2275
G1 X102.819 Y119.75 E352.23827
G1 X102.601 Y120.268 E352.24949
G1 X102.266 Y120.7 E352.2604
G1 X101.84 Y121.038 E352.27125
G1 X101.327 Y121.252 E352.28234
G1 X100.78 Y121.321 E352.29335
G1 F2400 E351.49335
G1 F300 Z0.92
G0 F15000 X119.122 Y104.083
G1 F300 Z0.72
G1 F2400 E352.29335
G1 F5400 X118.608 Y104.019 E352.30368
G1 X118.263 Y103.94 E352.31075
G1 X117.662 Y103.693 E352.32371
G1 X117.38 Y103.514 E352.33038
G1 X116.998 Y103.223 E352.33996
G1 X116.777 Y103.002 E352.3462
G1 X116.484 Y102.618 E352.35584
G1 X116.327 Y102.371 E352.36168
G1 X116.072 Y101.783 E352.37447
G1 X115.983 Y101.408 E352.38216
G1 X115.913 Y100.884 E352.39271
G1 X115.923 Y100.612 E352.39814
G1 X116.015 Y99.945 E352.41158
G1 X116.259 Y99.338 E352.42463
G1 X116.388 Y99.073 E352.43052
G1 X116.741 Y98.606 E352.4422
G1 X116.939 Y98.385 E352.44812
G1 X117.37 Y98.053 E352.45898
G1 X117.783 Y97.815 E352.46849
G1 X118.143 Y97.667 E352.47626
G1 X118.507 Y97.56 E352.48383
G1 X118.976 Y97.495 E352.49328
G1 X119.456 Y97.495 E352.50286
G1 X119.844 Y97.547 E352.51067
G1 X120.289 Y97.667 E352.51987
G1 X120.649 Y97.814 E352.52763
G1 X121.062 Y98.053 E352.53715
G1 X121.502 Y98.391 E352.54822
G1 X121.704 Y98.621 E352.55433
G1 X121.944 Y98.933 E352.56218
G1 X122.113 Y99.197 E352.56844
G1 X122.329 Y99.702 E352.5794
G1 X122.455 Y100.172 E352.58911
G1 X122.502 Y100.557 E352.59685
G1 X122.502 Y101.002 E352.60573
G1 X122.44 Y101.489 E352.61553
G1 X122.33 Y101.862 E352.62329
G1 X122.178 Y102.226 E352.63116
G1 X121.936 Y102.639 E352.64071
G1 X121.602 Y103.068 E352.65156
G1 X121.383 Y103.26 E352.65738
G1 X120.943 Y103.603 E352.66851
G1 X120.662 Y103.742 E352.67477
G1 X120.054 Y103.985 E352.68783
G1 X119.385 Y104.073 E352.7013
G1 X119.122 Y104.083 E352.70655
G0 F15000 X119.347 Y103.674
G1 F5400 X119.042 Y103.67 E352.71264
G1 X118.658 Y103.622 E352.72036
G1 X118.389 Y103.561 E352.72586
G1 X117.738 Y103.284 E352.73998
G1 X117.157 Y102.843 E352.75454
G1 X116.711 Y102.256 E352.76925
G1 X116.441 Y101.615 E352.78313
G1 X116.38 Y101.355 E352.78846
G1 X116.304 Y100.789 E352.79986
G1 X116.394 Y100.098 E352.81376
G1 X116.476 Y99.856 E352.81886
G1 X116.696 Y99.329 E352.83026
G1 X117.153 Y98.725 E352.84537
G1 X117.614 Y98.37 E352.85699
G1 X117.935 Y98.185 E352.86438
G1 X118.295 Y98.037 E352.87215
G1 X118.578 Y97.954 E352.87803
G1 X119.03 Y97.892 E352.88714
G1 X119.403 Y97.892 E352.89458
G1 X119.791 Y97.943 E352.90239
G1 X120.137 Y98.037 E352.90954
G1 X120.497 Y98.184 E352.9173
G1 X120.818 Y98.37 E352.92471
G1 X121.275 Y98.721 E352.93621
G1 X121.725 Y99.305 E352.95092
G1 X121.96 Y99.856 E352.96287
G1 X122.058 Y100.222 E352.97044
G1 X122.106 Y100.606 E352.97816
G1 X122.106 Y100.953 E352.98508
G1 X122.047 Y101.418 E352.99444
G1 X121.961 Y101.708 E353.00047
G1 X121.808 Y102.072 E353.00835
G1 X121.621 Y102.393 E353.01577
G1 X121.276 Y102.837 E353.02699
G1 X120.676 Y103.304 E353.04216
G1 X119.953 Y103.596 E353.05772
G1 X119.347 Y103.674 E353.06991
G0 F15000 X119.214 Y103.288
G1 F5400 X118.583 Y103.21 E353.0826
G1 X117.95 Y102.941 E353.09633
G1 X117.438 Y102.554 E353.10914
G1 X117.057 Y102.05 E353.12174
G1 X116.792 Y101.421 E353.13537
G1 X116.707 Y100.784 E353.14819
G1 X116.794 Y100.144 E353.16108
G1 X117.043 Y99.532 E353.17426
G1 X117.441 Y99.007 E353.18741
G1 X117.858 Y98.687 E353.1979
G1 X118.087 Y98.555 E353.20318
G1 X118.565 Y98.358 E353.21349
G1 X119.083 Y98.288 E353.22392
G1 X119.35 Y98.288 E353.22925
G1 X119.737 Y98.34 E353.23705
G1 X119.985 Y98.407 E353.24217
G1 X120.345 Y98.554 E353.24993
G1 X120.574 Y98.687 E353.25522
G1 X121.011 Y99.033 E353.26634
G1 X121.382 Y99.516 E353.27849
G1 X121.591 Y100.01 E353.2892
G1 X121.661 Y100.272 E353.29461
G1 X121.725 Y100.78 E353.30483
G1 X121.642 Y101.431 E353.31792
G1 X121.439 Y101.918 E353.32845
G1 X121.305 Y102.147 E353.33375
G1 X120.982 Y102.549 E353.34404
G1 X120.48 Y102.951 E353.35687
G1 X119.853 Y103.207 E353.37039
G1 X119.214 Y103.288 E353.38324
G0 F15000 X119.217 Y102.886
G1 F5400 X118.681 Y102.818 E353.39403
G1 X118.152 Y102.594 E353.40549
G1 X117.724 Y102.269 E353.41621
G1 X117.401 Y101.841 E353.42691
G1 X117.182 Y101.319 E353.43821
G1 X117.116 Y100.787 E353.44891
G1 X117.181 Y100.249 E353.45972
G1 X117.398 Y99.735 E353.47086
G1 X117.722 Y99.296 E353.48175
G1 X118.166 Y98.955 E353.49292
G1 X118.67 Y98.748 E353.50379
G1 X119.216 Y98.674 E353.51479
G1 X119.76 Y98.747 E353.52574
G1 X120.266 Y98.954 E353.53665
G1 X120.701 Y99.295 E353.54768
G1 X121.035 Y99.72 E353.55847
G1 X121.254 Y100.24 E353.56973
G1 X121.321 Y100.78 E353.58059
G1 X121.252 Y101.327 E353.59159
G1 X121.038 Y101.84 E353.60268
G1 X120.7 Y102.266 E353.61353
G1 X120.273 Y102.604 E353.6244
G1 X119.753 Y102.814 E353.63559
G1 X119.217 Y102.886 E353.64639
G0 F15000 X119.235 Y102.48
;TYPE:WALL-OUTER
G1 F5400 X118.778 Y102.428 E353.65556
G1 X118.385 Y102.261 E353.66409
G1 X118.002 Y101.973 E353.67365
G1 X117.735 Y101.61 E353.68264
G1 X117.578 Y101.232 E353.69081
G1 X117.516 Y100.761 E353.70029
G1 X117.576 Y100.336 E353.70886
G1 X117.746 Y99.933 E353.71758
G1 X118.014 Y99.578 E353.72646
G1 X118.368 Y99.304 E353.73539
G1 X118.801 Y99.133 E353.74468
G1 X119.216 Y99.077 E353.75304
G1 X119.631 Y99.133 E353.7614
G1 X120.041 Y99.294 E353.77019
G1 X120.418 Y99.578 E353.77961
G1 X120.694 Y99.939 E353.78868
G1 X120.864 Y100.343 E353.79742
G1 X120.915 Y100.755 E353.80571
G1 X120.865 Y101.204 E353.81472
G1 X120.701 Y101.61 E353.82346
G1 X120.418 Y101.982 E353.83279
G1 X120.068 Y102.254 E353.84164
G1 X119.663 Y102.424 E353.8504
G1 X119.235 Y102.48 E353.85901
G1 F2400 E353.05901
G1 F300 Z0.92
G0 F15000 X110 Y114.194
G1 F300 Z0.72
G1 F2400 E353.85901
G1 F5400 X108.896 Y114.053 E353.88123
G1 X107.908 Y113.643 E353.90257
G1 X107.018 Y112.957 E353.925
G1 X106.366 Y112.103 E353.94644
G1 X105.944 Y111.102 E353.96812
G1 X105.8 Y110.015 E353.99
G1 X105.943 Y108.896 E354.01251
G1 X106.367 Y107.891 E354.03428
G1 X107.043 Y107.018 E354.05631
G1 X107.891 Y106.367 E354.07765
G1 X108.896 Y105.943 E354.09941
G1 X109.985 Y105.8 E354.12133
G1 X111.085 Y105.936 E354.14345
G1 X112.103 Y106.366 E354.16551
G1 X112.982 Y107.043 E354.18765
G1 X113.643 Y107.908 E354.20937
G1 X114.053 Y108.896 E354.23072
G1 X114.196 Y109.985 E354.25264
G1 X114.052 Y111.102 E354.27511
G1 X113.634 Y112.103 E354.29676
G1 X112.957 Y112.982 E354.3189
G1 X112.103 Y113.634 E354.34034
G1 X111.102 Y114.052 E354.36199
G1 X110.015 Y114.196 E354.38387
G1 X110 Y114.194 E354.38417
G1 F2400 E353.58417
G1 F300 Z0.92
G0 F15000 X119.191 Y120.915
G1 F300 Z0.72
G1 F2400 E354.38417
G1 F5400 X118.796 Y120.865 E354.39212
G1 X118.39 Y120.701 E354.40086
G1 X118.014 Y120.418 E354.41025
G1 X117.746 Y120.068 E354.41905
G1 X117.576 Y119.663 E354.42781
G1 X117.516 Y119.235 E354.43644
G1 X117.578 Y118.768 E354.44584
G1 X117.742 Y118.37 E354.45443
G1 X118.027 Y118.002 E354.46372
G1 X118.37 Y117.742 E354.47231
G1 X118.768 Y117.578 E354.4809
G1 X119.235 Y117.516 E354.4903
G1 X119.663 Y117.576 E354.49892
G1 X120.068 Y117.746 E354.50769
G1 X120.418 Y118.014 E354.51649
G1 X120.701 Y118.39 E354.52588
G1 X120.864 Y118.779 E354.53429
G1 X120.915 Y119.191 E354.54258
G1 X120.864 Y119.655 E354.55189
G1 X120.701 Y120.046 E354.56035
G1 X120.418 Y120.418 E354.56968
G1 X120.061 Y120.694 E354.57868
G1 X119.656 Y120.864 E354.58745
G1 X119.191 Y120.915 E354.59678
G1 F2400 E353.79678
G1 F300 Z0.92
G0 F15000 X110 Y129.794
G1 F300 Z0.72
G1 F2400 E354.59678
G1 F5400 X115.127 Y129.121 E354.69997
G1 X119.895 Y127.145 E354.80297
G1 X123.997 Y123.997 E354.90616
G1 X127.145 Y119.895 E355.00935
G1 X129.117 Y115.127 E355.11231
G1 X129.794 Y110 E355.21552
G1 X129.117 Y104.869 E355.3188
G1 X127.145 Y100.101 E355.42177
G1 X123.997 Y95.999 E355.52495
G1 X119.895 Y92.851 E355.62814
G1 X115.127 Y90.879 E355.73111
G1 X110 Y90.202 E355.83431
G1 X104.869 Y90.879 E355.93759
G1 X100.101 Y92.851 E356.04056
G1 X95.999 Y95.999 E356.14375
G1 X92.851 Y100.101 E356.24694
G1 X90.875 Y104.869 E356.34993
G1 X90.202 Y110 E356.45321
G1 X90.875 Y115.127 E356.5564
G1 X92.851 Y119.895 E356.6594
G1 X95.999 Y123.997 E356.76258
G1 X100.101 Y127.145 E356.86577
G1 X104.869 Y129.121 E356.96877
G1 X110 Y129.794 E357.07204
G1 F2400 E356.27204
G1 F300 Z0.92
G0 F15000 X100.755 Y120.915
G1 F300 Z0.72
G1 F2400 E357.07204
G1 F5400 X100.345 Y120.864 E357.08029
G1 X99.935 Y120.694 E357.08914
G1 X99.578 Y120.418 E357.09815
G1 X99.299 Y120.046 E357.10743
G1 X99.133 Y119.631 E357.11635
G1 X99.077 Y119.216 E357.1247
G1 X99.135 Y118.796 E357.13317
G1 X99.299 Y118.39 E357.1419
G1 X99.577 Y118.015 E357.15122
G1 X99.954 Y117.735 E357.16059
G1 X100.336 Y117.576 E357.16885
G1 X100.761 Y117.516 E357.17741
G1 X101.232 Y117.578 E357.18689
G1 X101.626 Y117.743 E357.19542
G1 X101.998 Y118.027 E357.20476
G1 X102.261 Y118.385 E357.21362
G1 X102.422 Y118.768 E357.22191
G1 X102.48 Y119.235 E357.2313
G1 X102.424 Y119.663 E357.23992
G1 X102.254 Y120.068 E357.24868
G1 X101.982 Y120.418 E357.25753
G1 X101.61 Y120.701 E357.26686
G1 X101.219 Y120.864 E357.27531
G1 X100.755 Y120.915 E357.28463
G1 F2400 E356.48463
G1 F300 Z0.92
G0 F15000 X100.761 Y102.48
G1 F300 Z0.72
G1 F2400 E357.28463
G1 F5400 X100.336 Y102.424 E357.29318
G1 X99.932 Y102.254 E357.30193
G1 X99.578 Y101.982 E357.31084
G1 X99.299 Y101.61 E357.32012
G1 X99.133 Y101.195 E357.32904
G1 X99.077 Y100.78 E357.33739
G1 X99.137 Y100.343 E357.3462
G1 X99.306 Y99.939 E357.35494
G1 X99.578 Y99.578 E357.36396
G1 X99.932 Y99.304 E357.37289
G1 X100.365 Y99.133 E357.38218
G1 X100.78 Y99.077 E357.39054
G1 X101.204 Y99.135 E357.39908
G1 X101.629 Y99.304 E357.4082
G1 X101.982 Y99.578 E357.41712
G1 X102.254 Y99.932 E357.42603
G1 X102.424 Y100.336 E357.43478
G1 X102.48 Y100.761 E357.44333
G1 X102.422 Y101.232 E357.4528
G1 X102.253 Y101.626 E357.46136
G1 X101.998 Y101.973 E357.46995
G1 X101.626 Y102.253 E357.47924
G1 X101.232 Y102.422 E357.4878
G1 X100.761 Y102.48 E357.49727
G1 F2400 E356.69727
G1 F300 Z0.92
G0 F15000 X98.791 Y103.499
;TYPE:FILL
G1 F300 Z0.72
G1 F2400 E357.49727
G1 F10800 X94.545 Y119.344 E357.82463
G0 F15000 X94.337 Y119.073
G1 F10800 X100.923 Y125.659 E358.0105
G0 F15000 X100.654 Y125.453
G1 F10800 X116.5 Y121.208 E358.33787
G1 F2400 E357.53787
G1 F300 Z0.92
G0 F15000 X118.54 Y122.524
G1 F300 Z0.72
G1 F2400 E358.33787
G1 F10800 X117.525 Y126.309 E358.41608
G0 F15000 X118.245 Y126.01
G1 F10800 X107.545 Y115.311 E358.71804
G0 F15000 X107.999 Y115.498
G1 F10800 X104.839 Y127.29 E358.96167
G1 F2400 E358.16167
G1 F300 Z0.92
G0 F15000 X110.864 Y127.986
G1 F300 Z0.72
G1 F2400 E358.96167
G1 F10800 X114.781 Y113.368 E359.26367
G0 F15000 X114.481 Y113.761
G1 F10800 X117.222 Y116.502 E359.34103
G1 F2400 E358.54103
G1 F300 Z0.92
G0 F15000 X120.283 Y116.018
G1 F300 Z0.72
G1 F2400 E359.34103
G1 F10800 X124.671 Y99.639 E359.67942
G0 F15000 X125.145 Y100.256
G1 F10800 X122.582 Y100.943 E359.73237
G1 F2400 E358.93237
G1 F300 Z0.92
G0 F15000 X121.197 Y103.506
G1 F300 Z0.72
G1 F2400 E359.73237
G1 F10800 X128.051 Y110.361 E359.92582
G0 F15000 X128.091 Y110.061
G1 F10800 X125.694 Y119.005 E360.11061
G0 F15000 X125.815 Y118.712
G1 F10800 X122.566 Y119.582 E360.17773
G1 F2400 E359.37773
G1 F300 Z0.92
G0 F15000 X121.931 Y121.211
G1 F300 Z0.72
G1 F2400 E360.17773
G1 F10800 X123.112 Y122.392 E360.21106
G1 F2400 E359.41106
G1 F300 Z0.92
G0 F15000 X126.431 Y117.226
G1 F300 Z0.72
G1 F2400 E360.21106
G1 F10800 X102.771 Y93.566 E360.87879
G1 F2400 E360.07879
G1 F300 Z0.92
G0 F15000 X101.288 Y94.178
G1 F300 Z0.72
G1 F2400 E360.87879
G1 F10800 X100.416 Y97.432 E360.94602
G1 F2400 E360.14602
G1 F300 Z0.92
G0 F15000 X98.785 Y98.065
G1 F300 Z0.72
G1 F2400 E360.94602
G1 F10800 X97.604 Y96.884 E360.97935
G1 F2400 E360.17935
G1 F300 Z0.92
G0 F15000 X100.971 Y94.31
G1 F300 Z0.72
G1 F2400 E360.97935
G1 F10800 X109.955 Y91.903 E361.16496
G0 F15000 X109.636 Y91.946
G1 F10800 X116.492 Y98.802 E361.35845
G1 F2400 E360.55845
G1 F300 Z0.92
G0 F15000 X119.055 Y97.417
G1 F300 Z0.72
G1 F2400 E361.35845
G1 F10800 X119.742 Y94.854 E361.41141
G0 F15000 X120.361 Y95.327
G1 F10800 X103.985 Y99.714 E361.74973
G1 F2400 E360.94973
G1 F300 Z0.92
G0 F15000 X103.494 Y102.774
G1 F300 Z0.72
G1 F2400 E361.74973
G1 F10800 X106.238 Y105.518 E361.82717
G0 F15000 X106.628 Y105.218
G1 F10800 X92.011 Y109.134 E362.12916
G0 F15000 X92.111 Y108.362
G1 F10800 X99.749 Y116 E362.34472
G1 F2400 E361.54472
G1 F300 Z0.92
G0 F15000 X101.663 Y115.963
G1 F300 Z0.72
G1 F2400 E362.34472
G1 F10800 X108.042 Y92.155 E362.83659
G1 F2400 E362.03659
G1 F300 Z0.92
G0 F15000 X114.175 Y92.448
G1 F300 Z0.72
G1 F2400 E362.83659
G1 F10800 X111.017 Y104.236 E363.08013
G0 F15000 X110.523 Y104.174
G1 F10800 X116.381 Y102.605 E363.20115
G0 F15000 X117.394 Y103.617
G1 F10800 X115.823 Y109.48 E363.32228
G0 F15000 X115.761 Y108.982
G1 F10800 X127.548 Y105.824 E363.5658
G1 F2400 E362.7658
G1 F300 Z0.92
G0 F15000 X127.84 Y111.957
G1 F300 Z0.72
G1 F2400 E363.5658
G1 F10800 X104.038 Y118.335 E364.05755
G1 F2400 E363.25755
G1 F300 Z0.92
G0 F15000 X103.994 Y120.245
G1 F300 Z0.72
G1 F2400 E364.05755
G1 F10800 X111.633 Y127.884 E364.27314
G1 F2400 E363.47314
G1 F300 Z0.92
G0 F15000 X99.382 Y124.476
G1 F300 Z0.72
G1 F2400 E364.27314
G1 F10800 X99.92 Y122.468 E364.31463
G1 F2400 E363.51463
G1 F300 Z0.92
G0 F15000 X97.53 Y120.079
G1 F300 Z0.72
G1 F2400 E364.31463
G1 F10800 X95.521 Y120.617 E364.35613
G1 F2400 E363.55613
G1 F300 Z0.92
G0 F15000 X92.706 Y115.16
G1 F300 Z0.72
G1 F2400 E364.35613
G1 F10800 X104.502 Y111.999 E364.59984
G0 F15000 X104.698 Y112.464
G1 F10800 X93.985 Y101.751 E364.90218
G0 F15000 X93.686 Y102.474
G1 F10800 X97.476 Y101.459 E364.98048
G1 F2400 E364.18048
G1 F300 Z0.92
;MESH:NONMESH
G0 F15000 X100.87 Y104.083
;TIME_ELAPSED:643.299374
;LAYER:6
;MESH:vertMount_Cover_RPi_r01.stl
G0 Z1.04
;TYPE:WALL-INNER
G1 F300 Z0.84
G1 F2400 E364.98048
G1 F5400 X100.611 Y104.073 E364.98565
G1 X99.949 Y103.986 E364.99898
G1 X99.338 Y103.741 E365.01211
G1 X99.061 Y103.604 E365.01828
G1 X98.605 Y103.254 E365.02975
G1 X98.387 Y103.061 E365.03556
G1 X98.055 Y102.627 E365.04647
G1 X97.822 Y102.226 E365.05572
G1 X97.671 Y101.862 E365.06359
G1 X97.561 Y101.49 E365.07133
G1 X97.496 Y101.02 E365.0808
G1 X97.496 Y100.538 E365.09042
G1 X97.548 Y100.154 E365.09815
G1 X97.671 Y99.702 E365.1075
G1 X97.888 Y99.199 E365.11843
G1 X98.048 Y98.946 E365.1244
G1 X98.291 Y98.624 E365.13245
G1 X98.5 Y98.387 E365.13876
G1 X98.934 Y98.053 E365.14969
G1 X99.347 Y97.815 E365.1592
G1 X99.707 Y97.667 E365.16697
G1 X100.152 Y97.547 E365.17617
G1 X100.54 Y97.495 E365.18398
G1 X101.02 Y97.496 E365.19356
G1 X101.489 Y97.56 E365.203
G1 X101.853 Y97.667 E365.21057
G1 X102.213 Y97.815 E365.21834
G1 X102.626 Y98.053 E365.22785
G1 X103.06 Y98.387 E365.23878
G1 X103.267 Y98.622 E365.24503
G1 X103.61 Y99.068 E365.25626
G1 X103.741 Y99.338 E365.26225
G1 X103.986 Y99.949 E365.27539
G1 X104.073 Y100.611 E365.28871
G1 X104.083 Y100.87 E365.29388
G1 X104.019 Y101.39 E365.30434
G1 X103.938 Y101.744 E365.31159
G1 X103.692 Y102.335 E365.32436
G1 X103.521 Y102.606 E365.33076
G1 X103.223 Y103.002 E365.34065
G1 X103.002 Y103.223 E365.34688
G1 X102.606 Y103.521 E365.35677
G1 X102.375 Y103.667 E365.36223
G1 X101.783 Y103.929 E365.37515
G1 X101.39 Y104.019 E365.38319
G1 X100.87 Y104.083 E365.39365
G0 F15000 X100.777 Y103.691
G1 F5400 X100.103 Y103.607 E365.4072
G1 X99.856 Y103.524 E365.4124
G1 X99.323 Y103.302 E365.42392
G1 X98.72 Y102.838 E365.43911
G1 X98.372 Y102.384 E365.45052
G1 X98.191 Y102.072 E365.45772
G1 X98.04 Y101.708 E365.46559
G1 X97.954 Y101.418 E365.47162
G1 X97.892 Y100.966 E365.48073
G1 X97.892 Y100.591 E365.48821
G1 X97.944 Y100.207 E365.49594
G1 X98.04 Y99.856 E365.50321
G1 X98.273 Y99.311 E365.51503
G1 X98.715 Y98.727 E365.52965
G1 X99.178 Y98.37 E365.54132
G1 X99.499 Y98.185 E365.54871
G1 X99.859 Y98.037 E365.55648
G1 X100.205 Y97.944 E365.56363
G1 X100.593 Y97.892 E365.57144
G1 X100.966 Y97.892 E365.57888
G1 X101.418 Y97.954 E365.58799
G1 X101.701 Y98.037 E365.59387
G1 X102.061 Y98.185 E365.60164
G1 X102.382 Y98.37 E365.60904
G1 X102.839 Y98.722 E365.62055
G1 X103.306 Y99.329 E365.63583
G1 X103.596 Y100.046 E365.65127
G1 X103.674 Y100.649 E365.6634
G1 X103.67 Y100.952 E365.66945
G1 X103.622 Y101.34 E365.67725
G1 X103.559 Y101.616 E365.6829
G1 X103.287 Y102.25 E365.69667
G1 X102.844 Y102.843 E365.71144
G1 X102.254 Y103.286 E365.72616
G1 X101.616 Y103.559 E365.74001
G1 X101.34 Y103.622 E365.74566
G1 X100.777 Y103.691 E365.75698
G0 F15000 X100.749 Y103.284
G1 F5400 X100.146 Y103.207 E365.76911
G1 X99.528 Y102.955 E365.78243
G1 X99.005 Y102.552 E365.7956
G1 X98.69 Y102.141 E365.80594
G1 X98.561 Y101.918 E365.81108
G1 X98.361 Y101.438 E365.82146
G1 X98.288 Y100.913 E365.83203
G1 X98.289 Y100.645 E365.83738
G1 X98.341 Y100.261 E365.84512
G1 X98.409 Y100.01 E365.8503
G1 X98.62 Y99.516 E365.86102
G1 X98.984 Y99.034 E365.87308
G1 X99.422 Y98.687 E365.88423
G1 X99.651 Y98.555 E365.8895
G1 X100.011 Y98.407 E365.89727
G1 X100.259 Y98.34 E365.9024
G1 X100.646 Y98.288 E365.91019
G1 X100.913 Y98.288 E365.91552
G1 X101.431 Y98.358 E365.92595
G1 X101.909 Y98.555 E365.93627
G1 X102.138 Y98.687 E365.94154
G1 X102.554 Y99.007 E365.95202
G1 X102.956 Y99.53 E365.96518
G1 X103.207 Y100.146 E365.97845
G1 X103.288 Y100.781 E365.99123
G1 X103.209 Y101.421 E366.0041
G1 X102.939 Y102.049 E366.01774
G1 X102.555 Y102.562 E366.03053
G1 X102.048 Y102.939 E366.04314
G1 X101.415 Y103.212 E366.05689
G1 X100.749 Y103.284 E366.07026
G0 F15000 X100.781 Y102.885
G1 F5400 X100.249 Y102.819 E366.08096
G1 X99.733 Y102.601 E366.09214
G1 X99.294 Y102.264 E366.10318
G1 X98.961 Y101.838 E366.11397
G1 X98.748 Y101.328 E366.125
G1 X98.674 Y100.779 E366.13606
G1 X98.748 Y100.235 E366.14701
G1 X98.967 Y99.72 E366.15818
G1 X99.295 Y99.295 E366.16889
G1 X99.727 Y98.956 E366.17985
G1 X100.235 Y98.747 E366.19082
G1 X100.781 Y98.674 E366.20181
G1 X101.326 Y98.748 E366.21278
G1 X101.833 Y98.956 E366.22372
G1 X102.264 Y99.295 E366.23466
G1 X102.601 Y99.733 E366.24569
G1 X102.819 Y100.249 E366.25687
G1 X102.885 Y100.781 E366.26757
G1 X102.818 Y101.319 E366.27839
G1 X102.607 Y101.813 E366.28911
G1 X102.27 Y102.276 E366.30054
G1 X101.813 Y102.607 E366.3118
G1 X101.319 Y102.818 E366.32252
G1 X100.781 Y102.885 E366.33334
G1 F2400 E365.53334
G1 F300 Z1.04
G0 F15000 X110 Y115.788
G1 F300 Z0.84
G1 F2400 E366.33334
G1 F5400 X109.772 Y115.782 E366.33789
G1 X108.608 Y115.634 E366.3613
G1 X108.355 Y115.558 E366.36657
G1 X107.071 Y115.021 E366.39435
G1 X106.014 Y114.207 E366.42097
G1 X105.793 Y113.986 E366.42721
G1 X104.978 Y112.925 E366.45391
G1 X104.443 Y111.656 E366.48139
G1 X104.362 Y111.387 E366.487
G1 X104.204 Y110.128 E366.51232
G1 X104.214 Y109.772 E366.51943
G1 X104.362 Y108.611 E366.54278
G1 X104.437 Y108.357 E366.54807
G1 X104.969 Y107.095 E366.5754
G1 X105.793 Y106.014 E366.60252
G1 X106.014 Y105.793 E366.60876
G1 X107.095 Y104.969 E366.63589
G1 X108.357 Y104.437 E366.66322
G1 X108.613 Y104.361 E366.66855
G1 X109.873 Y104.204 E366.69389
G1 X110.229 Y104.214 E366.70099
G1 X111.389 Y104.362 E366.72433
G1 X111.656 Y104.443 E366.7299
G1 X112.808 Y104.929 E366.75485
G1 X113.09 Y105.105 E366.76148
G1 X113.986 Y105.793 E366.78403
G1 X114.207 Y106.014 E366.79026
G1 X115.021 Y107.071 E366.81689
G1 X115.558 Y108.355 E366.84466
G1 X115.634 Y108.61 E366.84997
G1 X115.792 Y109.873 E366.87537
G1 X115.782 Y110.229 E366.88248
G1 X115.633 Y111.392 E366.90588
G1 X115.552 Y111.658 E366.91143
G1 X115.026 Y112.919 E366.93869
G1 X114.207 Y113.986 E366.96554
G1 X113.986 Y114.207 E366.97177
G1 X112.919 Y115.026 E366.99862
G1 X111.658 Y115.552 E367.02588
G1 X111.39 Y115.634 E367.03147
G1 X110.128 Y115.792 E367.05686
G1 X110 Y115.788 E367.05941
G0 F15000 X109.998 Y115.406
G1 F5400 X108.581 Y115.22 E367.08793
G1 X107.298 Y114.684 E367.11568
G1 X106.271 Y113.901 E367.14145
G1 X106.099 Y113.729 E367.14631
G1 X105.313 Y112.693 E367.17226
G1 X104.766 Y111.394 E367.20039
G1 X104.59 Y109.998 E367.22846
G1 X104.776 Y108.579 E367.25702
G1 X105.32 Y107.292 E367.28491
G1 X106.099 Y106.271 E367.31054
G1 X106.271 Y106.099 E367.31539
G1 X107.309 Y105.306 E367.34146
G1 X108.58 Y104.776 E367.36894
G1 X109.998 Y104.59 E367.39748
G1 X111.394 Y104.766 E367.42556
G1 X112.628 Y105.286 E367.45228
G1 X112.847 Y105.423 E367.45744
G1 X113.729 Y106.099 E367.47961
G1 X113.901 Y106.271 E367.48447
G1 X114.684 Y107.298 E367.51024
G1 X115.22 Y108.581 E367.53799
G1 X115.406 Y109.998 E367.56651
G1 X115.23 Y111.391 E367.59453
G1 X114.687 Y112.692 E367.62266
G1 X113.901 Y113.729 E367.64863
G1 X113.729 Y113.901 E367.65348
G1 X112.677 Y114.698 E367.67982
G1 X111.389 Y115.231 E367.70764
G1 X109.998 Y115.406 E367.73562
G0 F15000 X110 Y115.004
G1 F5400 X109.99 Y115.005 E367.73582
G1 X108.689 Y114.832 E367.76201
G1 X107.497 Y114.336 E367.78777
G1 X106.455 Y113.538 E367.81396
G1 X105.663 Y112.495 E367.8401
G1 X105.165 Y111.312 E367.86571
G1 X104.991 Y109.991 E367.8923
G1 X105.163 Y108.69 E367.91849
G1 X105.667 Y107.494 E367.94439
G1 X106.459 Y106.459 E367.9704
G1 X107.506 Y105.658 E367.99671
G1 X108.691 Y105.163 E368.02234
G1 X110 Y104.993 E368.04868
G1 X111.312 Y105.165 E368.07508
G1 X112.496 Y105.663 E368.10072
G1 X113.541 Y106.458 E368.12692
G1 X114.336 Y107.497 E368.15303
G1 X114.833 Y108.69 E368.17882
G1 X115.003 Y110 E368.20518
G1 X114.832 Y111.308 E368.23151
G1 X114.339 Y112.493 E368.25712
G1 X113.539 Y113.545 E368.28349
G1 X112.493 Y114.339 E368.3097
G1 X111.308 Y114.832 E368.33531
G1 X110 Y115.004 E368.36164
G0 F15000 X110 Y114.598
G1 F5400 X108.8 Y114.445 E368.38578
G1 X107.699 Y113.988 E368.40957
G1 X106.744 Y113.256 E368.43358
G1 X106.009 Y112.292 E368.45777
G1 X105.55 Y111.195 E368.48151
G1 X105.396 Y110.017 E368.50521
G1 X105.551 Y108.8 E368.5297
G1 X106.013 Y107.697 E368.55356
G1 X106.747 Y106.747 E368.57752
G1 X107.697 Y106.013 E368.60148
G1 X108.812 Y105.546 E368.6256
G1 X110.001 Y105.394 E368.64952
G1 X111.196 Y105.55 E368.67357
G1 X112.306 Y106.016 E368.69759
G1 X113.252 Y106.747 E368.72145
G1 X113.988 Y107.699 E368.74547
G1 X114.45 Y108.812 E368.76952
G1 X114.602 Y110.001 E368.79344
G1 X114.446 Y111.196 E368.81749
G1 X113.985 Y112.305 E368.84145
G1 X113.253 Y113.253 E368.86535
G1 X112.289 Y113.993 E368.88961
G1 X111.196 Y114.446 E368.91322
G1 X110.017 Y114.6 E368.93695
G1 X110 Y114.598 E368.93729
G1 F2400 E368.13729
G1 F300 Z1.04
G0 F15000 X118.992 Y122.502
G1 F300 Z0.84
G1 F2400 E368.93729
G1 F5400 X118.508 Y122.44 E368.94703
G1 X118.138 Y122.329 E368.95473
G1 X117.774 Y122.178 E368.9626
G1 X117.37 Y121.943 E368.97193
G1 X116.939 Y121.611 E368.98278
G1 X116.742 Y121.391 E368.98868
G1 X116.393 Y120.935 E369.00014
G1 X116.258 Y120.662 E369.00621
G1 X116.106 Y120.298 E369.01408
G1 X116.001 Y119.984 E369.02069
G1 X115.923 Y119.384 E369.03277
G1 X115.913 Y119.115 E369.03814
G1 X115.984 Y118.59 E369.04871
G1 X116.059 Y118.264 E369.05539
G1 X116.302 Y117.664 E369.0683
G1 X116.491 Y117.369 E369.0753
G1 X116.777 Y116.998 E369.08464
G1 X116.998 Y116.777 E369.09088
G1 X117.369 Y116.491 E369.10023
G1 X117.664 Y116.302 E369.10722
G1 X118.264 Y116.059 E369.12014
G1 X118.59 Y115.984 E369.12682
G1 X119.115 Y115.913 E369.13739
G1 X119.384 Y115.923 E369.14276
G1 X119.844 Y115.983 E369.15202
G1 X120.135 Y116.047 E369.15796
G1 X120.662 Y116.258 E369.16929
G1 X120.935 Y116.393 E369.17537
G1 X121.39 Y116.741 E369.1868
G1 X121.608 Y116.934 E369.19261
G1 X121.943 Y117.37 E369.20358
G1 X122.178 Y117.774 E369.21291
G1 X122.33 Y118.138 E369.22078
G1 X122.439 Y118.509 E369.2285
G1 X122.502 Y118.992 E369.23822
G1 X122.502 Y119.438 E369.24712
G1 X122.455 Y119.826 E369.25492
G1 X122.329 Y120.298 E369.26467
G1 X122.178 Y120.662 E369.27253
G1 X121.945 Y121.064 E369.28181
G1 X121.599 Y121.507 E369.29302
G1 X121.383 Y121.696 E369.29875
G1 X121.065 Y121.944 E369.3068
G1 X120.803 Y122.114 E369.31303
G1 X120.298 Y122.329 E369.32398
G1 X119.826 Y122.455 E369.33373
G1 X119.438 Y122.502 E369.34153
G1 X118.992 Y122.502 E369.35043
G0 F15000 X119.042 Y122.105
G1 F5400 X118.58 Y122.046 E369.35973
G1 X118.292 Y121.96 E369.36573
G1 X117.928 Y121.808 E369.3736
G1 X117.614 Y121.626 E369.38084
G1 X117.154 Y121.272 E369.39242
G1 X116.693 Y120.67 E369.40756
G1 X116.404 Y119.951 E369.42302
G1 X116.303 Y119.208 E369.43798
G1 X116.38 Y118.644 E369.44934
G1 X116.439 Y118.39 E369.45455
G1 X116.711 Y117.738 E369.46865
G1 X117.158 Y117.158 E369.48326
G1 X117.738 Y116.711 E369.49787
G1 X118.39 Y116.439 E369.51197
G1 X118.644 Y116.38 E369.51717
G1 X119.208 Y116.303 E369.52853
G1 X119.952 Y116.404 E369.54352
G1 X120.673 Y116.695 E369.55903
G1 X121.274 Y117.157 E369.57416
G1 X121.626 Y117.614 E369.58567
G1 X121.808 Y117.928 E369.59291
G1 X121.961 Y118.292 E369.60079
G1 X122.046 Y118.581 E369.60681
G1 X122.106 Y119.042 E369.61608
G1 X122.106 Y119.388 E369.62299
G1 X122.058 Y119.777 E369.63081
G1 X121.96 Y120.144 E369.63839
G1 X121.809 Y120.508 E369.64625
G1 X121.628 Y120.821 E369.65347
G1 X121.271 Y121.277 E369.66503
G1 X120.691 Y121.728 E369.67969
G1 X120.144 Y121.96 E369.69155
G1 X119.777 Y122.058 E369.69913
G1 X119.388 Y122.106 E369.70695
G1 X119.042 Y122.105 E369.71385
G0 F15000 X119.219 Y121.724
G1 F5400 X118.57 Y121.643 E369.72691
G1 X118.082 Y121.439 E369.73746
G1 X117.858 Y121.309 E369.74263
G1 X117.441 Y120.989 E369.75312
G1 X117.044 Y120.47 E369.76616
G1 X116.794 Y119.855 E369.77941
G1 X116.711 Y119.245 E369.79169
G1 X116.791 Y118.585 E369.80496
G1 X117.055 Y117.947 E369.81874
G1 X117.443 Y117.443 E369.83143
G1 X117.947 Y117.055 E369.84412
G1 X118.584 Y116.791 E369.85789
G1 X119.251 Y116.71 E369.87129
G1 X119.855 Y116.794 E369.88346
G1 X120.476 Y117.046 E369.89684
G1 X120.984 Y117.448 E369.90977
G1 X121.309 Y117.858 E369.92021
G1 X121.439 Y118.082 E369.92537
G1 X121.641 Y118.565 E369.93582
G1 X121.725 Y119.212 E369.94884
G1 X121.661 Y119.727 E369.9592
G1 X121.591 Y119.99 E369.96463
G1 X121.439 Y120.354 E369.9725
G1 X121.306 Y120.583 E369.97779
G1 X120.984 Y120.984 E369.98805
G1 X120.491 Y121.379 E370.00066
G1 X119.99 Y121.591 E370.01151
G1 X119.727 Y121.661 E370.01694
G1 X119.219 Y121.724 E370.02716
G0 F15000 X119.215 Y121.321
G1 F5400 X118.673 Y121.253 E370.03806
G1 X118.162 Y121.039 E370.04912
G1 X117.732 Y120.701 E370.06003
G1 X117.395 Y120.272 E370.07092
G1 X117.186 Y119.753 E370.08208
G1 X117.11 Y119.216 E370.09291
G1 X117.183 Y118.679 E370.10372
G1 X117.401 Y118.153 E370.11508
G1 X117.731 Y117.731 E370.12577
G1 X118.153 Y117.401 E370.13646
G1 X118.679 Y117.183 E370.14783
G1 X119.214 Y117.11 E370.1586
G1 X119.753 Y117.182 E370.16945
G1 X120.266 Y117.399 E370.18057
G1 X120.701 Y117.731 E370.19149
G1 X121.039 Y118.162 E370.20242
G1 X121.253 Y118.673 E370.21348
G1 X121.321 Y119.215 E370.22438
G1 X121.254 Y119.76 E370.23534
G1 X121.037 Y120.278 E370.24654
G1 X120.701 Y120.701 E370.25732
G1 X120.279 Y121.035 E370.26806
G1 X119.761 Y121.254 E370.27929
G1 X119.215 Y121.321 E370.29027
G1 F2400 E369.49027
G1 F300 Z1.04
G0 F15000 X110 Y128.18
G1 F300 Z0.84
G1 F2400 E370.29027
G1 F5400 X114.71 Y127.562 E370.38506
G1 X119.087 Y125.747 E370.47962
G1 X122.856 Y122.856 E370.57442
G1 X125.747 Y119.088 E370.66919
G1 X127.558 Y114.71 E370.76374
G1 X128.18 Y110 E370.85855
G1 X127.558 Y105.286 E370.95344
G1 X125.747 Y100.908 E371.04799
G1 X122.856 Y97.14 E371.14276
G1 X119.088 Y94.249 E371.23754
G1 X114.71 Y92.438 E371.33209
G1 X110 Y91.816 E371.4269
G1 X105.286 Y92.438 E371.52179
G1 X100.908 Y94.249 E371.61633
G1 X97.14 Y97.14 E371.71111
G1 X94.248 Y100.909 E371.80592
G1 X92.434 Y105.286 E371.90047
G1 X91.816 Y110 E371.99535
G1 X92.434 Y114.71 E372.09014
G1 X94.248 Y119.087 E372.1847
G1 X97.14 Y122.856 E372.2795
G1 X100.908 Y125.747 E372.37428
G1 X105.286 Y127.562 E372.46886
G1 X110 Y128.18 E372.56373
G0 F15000 X110 Y128.584
G1 F5400 X114.814 Y127.952 E372.66063
G1 X119.289 Y126.097 E372.7573
G1 X123.141 Y123.141 E372.8542
G1 X126.096 Y119.29 E372.95107
G1 X127.948 Y114.814 E373.04773
G1 X128.583 Y110 E373.14463
G1 X127.948 Y105.182 E373.24161
G1 X126.096 Y100.706 E373.33828
G1 X123.141 Y96.855 E373.43515
G1 X119.29 Y93.899 E373.53203
G1 X114.814 Y92.048 E373.62869
G1 X110 Y91.413 E373.72559
G1 X105.182 Y92.048 E373.82257
G1 X100.706 Y93.899 E373.91923
G1 X96.855 Y96.855 E374.01611
G1 X93.899 Y100.707 E374.11301
G1 X92.044 Y105.182 E374.20968
G1 X91.412 Y110 E374.30665
G1 X92.044 Y114.814 E374.40355
G1 X93.899 Y119.289 E374.50022
G1 X96.855 Y123.141 E374.59711
G1 X100.707 Y126.097 E374.69401
G1 X105.182 Y127.951 E374.79068
G1 X110 Y128.584 E374.88765
G0 F15000 X110 Y128.987
G1 F5400 X114.918 Y128.341 E374.98664
G1 X119.491 Y126.446 E375.08542
G1 X123.426 Y123.426 E375.18441
G1 X126.446 Y119.491 E375.2834
G1 X128.337 Y114.919 E375.38213
G1 X128.987 Y110 E375.48115
G1 X128.337 Y105.077 E375.58025
G1 X126.446 Y100.505 E375.67898
G1 X123.426 Y96.57 E375.77797
G1 X119.491 Y93.55 E375.87696
G1 X114.919 Y91.659 E375.97569
G1 X110 Y91.009 E376.07471
G1 X105.077 Y91.659 E376.17381
G1 X100.505 Y93.55 E376.27254
G1 X96.569 Y96.569 E376.37153
G1 X93.55 Y100.505 E376.47053
G1 X91.655 Y105.077 E376.56929
G1 X91.009 Y110 E376.66838
G1 X91.655 Y114.918 E376.76737
G1 X93.55 Y119.491 E376.86615
G1 X96.569 Y123.427 E376.96514
G1 X100.505 Y126.446 E377.06413
G1 X105.077 Y128.341 E377.1629
G1 X110 Y128.987 E377.26199
G0 F15000 X110 Y129.39
G1 F5400 X115.023 Y128.731 E377.36308
G1 X119.693 Y126.795 E377.46397
G1 X123.712 Y123.712 E377.56505
G1 X126.795 Y119.693 E377.66614
G1 X128.727 Y115.023 E377.76699
G1 X129.39 Y110 E377.8681
G1 X128.727 Y104.973 E377.96929
G1 X126.795 Y100.303 E378.07014
G1 X123.712 Y96.284 E378.17123
G1 X119.693 Y93.201 E378.27231
G1 X115.023 Y91.269 E378.37317
G1 X110 Y90.606 E378.47428
G1 X104.973 Y91.269 E378.57546
G1 X100.303 Y93.201 E378.67632
G1 X96.284 Y96.284 E378.7774
G1 X93.2 Y100.303 E378.8785
G1 X91.265 Y104.973 E378.97938
G1 X90.606 Y110 E379.08055
G1 X91.265 Y115.023 E379.18165
G1 X93.2 Y119.693 E379.28253
G1 X96.284 Y123.712 E379.38363
G1 X100.303 Y126.795 E379.48471
G1 X104.973 Y128.731 E379.5856
G1 X110 Y129.39 E379.68677
G1 F2400 E378.88677
G1 F300 Z1.04
G0 F15000 X101.002 Y122.502
G1 F300 Z0.84
G1 F2400 E379.68677
G1 F5400 X100.557 Y122.502 E379.69565
G1 X100.172 Y122.455 E379.70339
G1 X99.708 Y122.332 E379.71297
G1 X99.195 Y122.113 E379.7241
G1 X98.932 Y121.945 E379.73033
G1 X98.496 Y121.605 E379.74137
G1 X98.291 Y121.372 E379.74756
G1 X98.055 Y121.064 E379.7553
G1 X97.823 Y120.662 E379.76456
G1 X97.671 Y120.298 E379.77244
G1 X97.547 Y119.844 E379.78183
G1 X97.495 Y119.456 E379.78964
G1 X97.496 Y118.974 E379.79926
G1 X97.561 Y118.508 E379.80865
G1 X97.671 Y118.138 E379.81635
G1 X97.822 Y117.774 E379.82422
G1 X98.048 Y117.382 E379.83325
G1 X98.382 Y116.941 E379.84429
G1 X98.605 Y116.742 E379.85025
G1 X99.071 Y116.389 E379.86192
G1 X99.338 Y116.258 E379.86785
G1 X99.946 Y116.015 E379.88092
G1 X100.612 Y115.923 E379.89434
G1 X100.884 Y115.913 E379.89977
G1 X101.408 Y115.983 E379.91032
G1 X101.742 Y116.061 E379.91716
G1 X102.332 Y116.302 E379.92988
G1 X102.619 Y116.484 E379.93666
G1 X103.002 Y116.777 E379.94629
G1 X103.223 Y116.998 E379.95252
G1 X103.515 Y117.38 E379.96212
G1 X103.668 Y117.622 E379.96783
G1 X103.93 Y118.221 E379.98088
G1 X104.019 Y118.608 E379.9888
G1 X104.083 Y119.122 E379.99914
G1 X104.073 Y119.385 E380.00439
G1 X103.999 Y119.951 E380.01578
G1 X103.936 Y120.197 E380.02085
G1 X103.68 Y120.81 E380.03411
G1 X103.501 Y121.075 E380.04049
G1 X103.168 Y121.501 E380.05128
G1 X102.947 Y121.696 E380.05716
G1 X102.639 Y121.936 E380.06495
G1 X102.226 Y122.178 E380.07451
G1 X101.862 Y122.329 E380.08237
G1 X101.489 Y122.44 E380.09014
G1 X101.002 Y122.502 E380.09993
G0 F15000 X100.953 Y122.106
G1 F5400 X100.606 Y122.106 E380.10686
G1 X100.222 Y122.058 E380.11458
G1 X99.861 Y121.962 E380.12204
G1 X99.299 Y121.724 E380.13422
G1 X98.718 Y121.272 E380.14891
G1 X98.372 Y120.82 E380.16027
G1 X98.192 Y120.508 E380.16745
G1 X98.04 Y120.144 E380.17533
G1 X97.944 Y119.791 E380.18263
G1 X97.892 Y119.403 E380.19044
G1 X97.892 Y119.028 E380.19792
G1 X97.954 Y118.58 E380.20695
G1 X98.04 Y118.292 E380.21295
G1 X98.191 Y117.928 E380.22081
G1 X98.367 Y117.623 E380.22784
G1 X98.719 Y117.158 E380.23948
G1 X99.33 Y116.694 E380.25479
G1 X99.856 Y116.476 E380.26615
G1 X100.097 Y116.395 E380.27122
G1 X100.781 Y116.303 E380.285
G1 X101.355 Y116.38 E380.29655
G1 X101.615 Y116.44 E380.30188
G1 X102.256 Y116.711 E380.31577
G1 X102.843 Y117.157 E380.33048
G1 X103.284 Y117.738 E380.34503
G1 X103.561 Y118.389 E380.35915
G1 X103.622 Y118.658 E380.36466
G1 X103.691 Y119.211 E380.37578
G1 X103.598 Y119.949 E380.39062
G1 X103.327 Y120.619 E380.40504
G1 X103.185 Y120.829 E380.4101
G1 X102.835 Y121.277 E380.42145
G1 X102.393 Y121.621 E380.43263
G1 X102.072 Y121.808 E380.44004
G1 X101.708 Y121.96 E380.44791
G1 X101.418 Y122.046 E380.45395
G1 X100.953 Y122.106 E380.4633
G0 F15000 X100.78 Y121.725
G1 F5400 X100.272 Y121.661 E380.47352
G1 X100.014 Y121.593 E380.47885
G1 X99.502 Y121.376 E380.48994
G1 X98.986 Y120.963 E380.50313
G1 X98.69 Y120.577 E380.51284
G1 X98.561 Y120.354 E380.51798
G1 X98.409 Y119.99 E380.52585
G1 X98.34 Y119.737 E380.53109
G1 X98.288 Y119.35 E380.53888
G1 X98.288 Y119.081 E380.54425
G1 X98.361 Y118.562 E380.55471
G1 X98.561 Y118.082 E380.56508
G1 X98.686 Y117.864 E380.5701
G1 X99.006 Y117.441 E380.58068
G1 X99.533 Y117.043 E380.59386
G1 X100.144 Y116.794 E380.60703
G1 X100.784 Y116.707 E380.61992
G1 X101.42 Y116.792 E380.63272
G1 X102.051 Y117.057 E380.64638
G1 X102.558 Y117.443 E380.6591
G1 X102.94 Y117.946 E380.6717
G1 X103.212 Y118.59 E380.68565
G1 X103.284 Y119.246 E380.69882
G1 X103.207 Y119.852 E380.71101
G1 X102.954 Y120.475 E380.72443
G1 X102.576 Y120.96 E380.7367
G1 X102.147 Y121.305 E380.74769
G1 X101.918 Y121.439 E380.75298
G1 X101.431 Y121.642 E380.76351
G1 X100.78 Y121.725 E380.77661
G0 F15000 X100.78 Y121.321
G1 F5400 X100.24 Y121.254 E380.78747
G1 X99.715 Y121.034 E380.79883
G1 X99.295 Y120.701 E380.80953
G1 X98.962 Y120.277 E380.82028
G1 X98.748 Y119.763 E380.8314
G1 X98.674 Y119.215 E380.84243
G1 X98.748 Y118.671 E380.85339
G1 X98.96 Y118.164 E380.86435
G1 X99.293 Y117.733 E380.87522
G1 X99.735 Y117.398 E380.88629
G1 X100.246 Y117.182 E380.89736
G1 X100.781 Y117.11 E380.90813
G1 X101.322 Y117.183 E380.91903
G1 X101.845 Y117.403 E380.93035
G1 X102.272 Y117.728 E380.94106
G1 X102.594 Y118.152 E380.95168
G1 X102.818 Y118.681 E380.96315
G1 X102.885 Y119.214 E380.97387
G1 X102.819 Y119.75 E380.98465
G1 X102.601 Y120.268 E380.99586
G1 X102.266 Y120.7 E381.00677
G1 X101.84 Y121.038 E381.01762
G1 X101.327 Y121.252 E381.02872
G1 X100.78 Y121.321 E381.03972
G1 F2400 E380.23972
G1 F300 Z1.04
G0 F15000 X119.122 Y104.083
G1 F300 Z0.84
G1 F2400 E381.03972
G1 F5400 X118.608 Y104.019 E381.05005
G1 X118.263 Y103.94 E381.05712
G1 X117.662 Y103.693 E381.07008
G1 X117.38 Y103.514 E381.07675
G1 X116.998 Y103.223 E381.08633
G1 X116.777 Y103.002 E381.09257
G1 X116.484 Y102.618 E381.10221
G1 X116.327 Y102.371 E381.10805
G1 X116.072 Y101.783 E381.12084
G1 X115.983 Y101.408 E381.12853
G1 X115.913 Y100.884 E381.13908
G1 X115.923 Y100.612 E381.14451
G1 X116.015 Y99.945 E381.15795
G1 X116.259 Y99.338 E381.17101
G1 X116.388 Y99.073 E381.17689
G1 X116.741 Y98.606 E381.18857
G1 X116.939 Y98.385 E381.19449
G1 X117.37 Y98.053 E381.20535
G1 X117.783 Y97.815 E381.21486
G1 X118.143 Y97.667 E381.22263
G1 X118.507 Y97.56 E381.2302
G1 X118.976 Y97.495 E381.23965
G1 X119.456 Y97.495 E381.24923
G1 X119.844 Y97.547 E381.25704
G1 X120.289 Y97.667 E381.26624
G1 X120.649 Y97.814 E381.274
G1 X121.062 Y98.053 E381.28352
G1 X121.502 Y98.391 E381.29459
G1 X121.704 Y98.621 E381.3007
G1 X121.944 Y98.933 E381.30856
G1 X122.113 Y99.197 E381.31481
G1 X122.329 Y99.702 E381.32577
G1 X122.455 Y100.172 E381.33548
G1 X122.502 Y100.557 E381.34322
G1 X122.502 Y101.002 E381.3521
G1 X122.44 Y101.489 E381.3619
G1 X122.33 Y101.862 E381.36966
G1 X122.178 Y102.226 E381.37753
G1 X121.936 Y102.639 E381.38709
G1 X121.602 Y103.068 E381.39794
G1 X121.383 Y103.26 E381.40375
G1 X120.943 Y103.603 E381.41488
G1 X120.662 Y103.742 E381.42114
G1 X120.054 Y103.985 E381.4342
G1 X119.385 Y104.073 E381.44767
G1 X119.122 Y104.083 E381.45292
G0 F15000 X119.347 Y103.674
G1 F5400 X119.042 Y103.67 E381.45901
G1 X118.658 Y103.622 E381.46673
G1 X118.389 Y103.561 E381.47224
G1 X117.738 Y103.284 E381.48635
G1 X117.157 Y102.843 E381.50091
G1 X116.711 Y102.256 E381.51562
G1 X116.441 Y101.615 E381.5295
G1 X116.38 Y101.355 E381.53483
G1 X116.304 Y100.789 E381.54623
G1 X116.394 Y100.098 E381.56014
G1 X116.476 Y99.856 E381.56523
G1 X116.696 Y99.329 E381.57663
G1 X117.153 Y98.725 E381.59175
G1 X117.614 Y98.37 E381.60336
G1 X117.935 Y98.185 E381.61075
G1 X118.295 Y98.037 E381.61852
G1 X118.578 Y97.954 E381.6244
G1 X119.03 Y97.892 E381.63351
G1 X119.403 Y97.892 E381.64095
G1 X119.791 Y97.943 E381.64876
G1 X120.137 Y98.037 E381.65592
G1 X120.497 Y98.184 E381.66368
G1 X120.818 Y98.37 E381.67108
G1 X121.275 Y98.721 E381.68258
G1 X121.725 Y99.305 E381.69729
G1 X121.96 Y99.856 E381.70925
G1 X122.058 Y100.222 E381.71681
G1 X122.106 Y100.606 E381.72453
G1 X122.106 Y100.953 E381.73146
G1 X122.047 Y101.418 E381.74081
G1 X121.961 Y101.708 E381.74685
G1 X121.808 Y102.072 E381.75473
G1 X121.621 Y102.393 E381.76214
G1 X121.276 Y102.837 E381.77336
G1 X120.676 Y103.304 E381.78853
G1 X119.953 Y103.596 E381.80409
G1 X119.347 Y103.674 E381.81629
G0 F15000 X119.214 Y103.288
G1 F5400 X118.583 Y103.21 E381.82897
G1 X117.95 Y102.941 E381.8427
G1 X117.438 Y102.554 E381.85551
G1 X117.057 Y102.05 E381.86812
G1 X116.792 Y101.421 E381.88174
G1 X116.707 Y100.784 E381.89456
G1 X116.794 Y100.144 E381.90745
G1 X117.043 Y99.532 E381.92064
G1 X117.441 Y99.007 E381.93378
G1 X117.858 Y98.687 E381.94427
G1 X118.087 Y98.555 E381.94955
G1 X118.565 Y98.358 E381.95987
G1 X119.083 Y98.288 E381.9703
G1 X119.35 Y98.288 E381.97563
G1 X119.737 Y98.34 E381.98342
G1 X119.985 Y98.407 E381.98854
G1 X120.345 Y98.554 E381.9963
G1 X120.574 Y98.687 E382.00159
G1 X121.011 Y99.033 E382.01271
G1 X121.382 Y99.516 E382.02487
G1 X121.591 Y100.01 E382.03557
G1 X121.661 Y100.272 E382.04098
G1 X121.725 Y100.78 E382.0512
G1 X121.642 Y101.431 E382.0643
G1 X121.439 Y101.918 E382.07483
G1 X121.305 Y102.147 E382.08012
G1 X120.982 Y102.549 E382.09041
G1 X120.48 Y102.951 E382.10325
G1 X119.853 Y103.207 E382.11676
G1 X119.214 Y103.288 E382.12962
G0 F15000 X119.217 Y102.886
G1 F5400 X118.681 Y102.818 E382.1404
G1 X118.152 Y102.594 E382.15186
G1 X117.724 Y102.269 E382.16259
G1 X117.401 Y101.841 E382.17329
G1 X117.182 Y101.319 E382.18458
G1 X117.116 Y100.787 E382.19528
G1 X117.181 Y100.249 E382.2061
G1 X117.398 Y99.735 E382.21723
G1 X117.722 Y99.296 E382.22812
G1 X118.166 Y98.955 E382.23929
G1 X118.67 Y98.748 E382.25016
G1 X119.216 Y98.674 E382.26116
G1 X119.76 Y98.747 E382.27211
G1 X120.266 Y98.954 E382.28302
G1 X120.701 Y99.295 E382.29405
G1 X121.035 Y99.72 E382.30484
G1 X121.254 Y100.24 E382.3161
G1 X121.321 Y100.78 E382.32696
G1 X121.252 Y101.327 E382.33796
G1 X121.038 Y101.84 E382.34905
G1 X120.7 Y102.266 E382.35991
G1 X120.273 Y102.604 E382.37077
G1 X119.753 Y102.814 E382.38197
G1 X119.217 Y102.886 E382.39276
G0 F15000 X119.235 Y102.48
;TYPE:WALL-OUTER
G1 F5400 X118.778 Y102.428 E382.40194
G1 X118.385 Y102.261 E382.41046
G1 X118.002 Y101.973 E382.42002
G1 X117.735 Y101.61 E382.42901
G1 X117.578 Y101.232 E382.43718
G1 X117.516 Y100.761 E382.44666
G1 X117.576 Y100.336 E382.45523
G1 X117.746 Y99.933 E382.46396
G1 X118.014 Y99.578 E382.47283
G1 X118.368 Y99.304 E382.48177
G1 X118.801 Y99.133 E382.49106
G1 X119.216 Y99.077 E382.49941
G1 X119.631 Y99.133 E382.50777
G1 X120.041 Y99.294 E382.51656
G1 X120.418 Y99.578 E382.52598
G1 X120.694 Y99.939 E382.53505
G1 X120.864 Y100.344 E382.54381
G1 X120.915 Y100.805 E382.55307
G1 X120.865 Y101.204 E382.56109
G1 X120.701 Y101.61 E382.56983
G1 X120.418 Y101.982 E382.57916
G1 X120.068 Y102.254 E382.58801
G1 X119.663 Y102.424 E382.59677
G1 X119.235 Y102.48 E382.60539
G1 F2400 E381.80539
G1 F300 Z1.04
G0 F15000 X110 Y114.194
G1 F300 Z0.84
G1 F2400 E382.60539
G1 F5400 X108.896 Y114.053 E382.6276
G1 X107.908 Y113.643 E382.64894
G1 X107.018 Y112.957 E382.67137
G1 X106.366 Y112.103 E382.69281
G1 X105.944 Y111.102 E382.71449
G1 X105.8 Y110.015 E382.73637
G1 X105.943 Y108.896 E382.75888
G1 X106.367 Y107.891 E382.78065
G1 X107.043 Y107.018 E382.80268
G1 X107.891 Y106.367 E382.82402
G1 X108.896 Y105.943 E382.84579
G1 X109.985 Y105.8 E382.8677
G1 X111.085 Y105.936 E382.88982
G1 X112.103 Y106.366 E382.91188
G1 X112.982 Y107.043 E382.93402
G1 X113.643 Y107.908 E382.95574
G1 X114.053 Y108.896 E382.97709
G1 X114.196 Y109.985 E382.99901
G1 X114.052 Y111.102 E383.02148
G1 X113.634 Y112.103 E383.04313
G1 X112.957 Y112.982 E383.06527
G1 X112.103 Y113.634 E383.08671
G1 X111.102 Y114.052 E383.10836
G1 X110.015 Y114.196 E383.13024
G1 X110 Y114.194 E383.13055
G1 F2400 E382.33055
G1 F300 Z1.04
G0 F15000 X119.191 Y120.915
G1 F300 Z0.84
G1 F2400 E383.13055
G1 F5400 X118.796 Y120.865 E383.13849
G1 X118.39 Y120.701 E383.14723
G1 X118.014 Y120.418 E383.15662
G1 X117.746 Y120.068 E383.16542
G1 X117.576 Y119.663 E383.17418
G1 X117.516 Y119.235 E383.18281
G1 X117.578 Y118.768 E383.19221
G1 X117.742 Y118.37 E383.2008
G1 X118.027 Y118.002 E383.21009
G1 X118.37 Y117.742 E383.21868
G1 X118.768 Y117.578 E383.22727
G1 X119.235 Y117.516 E383.23667
G1 X119.663 Y117.576 E383.24529
G1 X120.068 Y117.746 E383.25406
G1 X120.418 Y118.014 E383.26286
G1 X120.701 Y118.39 E383.27225
G1 X120.864 Y118.781 E383.2807
G1 X120.915 Y119.241 E383.28994
G1 X120.864 Y119.657 E383.2983
G1 X120.701 Y120.046 E383.30672
G1 X120.418 Y120.418 E383.31605
G1 X120.061 Y120.694 E383.32505
G1 X119.656 Y120.864 E383.33382
G1 X119.191 Y120.915 E383.34315
G1 F2400 E382.54315
G1 F300 Z1.04
G0 F15000 X110 Y129.794
G1 F300 Z0.84
G1 F2400 E383.34315
G1 F5400 X115.127 Y129.121 E383.44634
G1 X119.895 Y127.145 E383.54934
G1 X123.997 Y123.997 E383.65253
G1 X127.145 Y119.895 E383.75572
G1 X129.117 Y115.127 E383.85868
G1 X129.794 Y110 E383.96189
G1 X129.117 Y104.869 E384.06517
G1 X127.145 Y100.101 E384.16814
G1 X123.997 Y95.999 E384.27132
G1 X119.895 Y92.851 E384.37451
G1 X115.127 Y90.879 E384.47748
G1 X110 Y90.202 E384.58068
G1 X104.869 Y90.879 E384.68396
G1 X100.101 Y92.851 E384.78693
G1 X95.999 Y95.999 E384.89012
G1 X92.851 Y100.101 E384.99331
G1 X90.875 Y104.869 E385.0963
G1 X90.202 Y110 E385.19958
G1 X90.875 Y115.127 E385.30277
G1 X92.851 Y119.895 E385.40577
G1 X95.999 Y123.997 E385.50895
G1 X100.101 Y127.145 E385.61214
G1 X104.869 Y129.121 E385.71514
G1 X110 Y129.794 E385.81841
G1 F2400 E385.01841
G1 F300 Z1.04
G0 F15000 X100.755 Y120.915
G1 F300 Z0.84
G1 F2400 E385.81841
G1 F5400 X100.345 Y120.864 E385.82666
G1 X99.935 Y120.694 E385.83551
G1 X99.578 Y120.418 E385.84452
G1 X99.299 Y120.046 E385.8538
G1 X99.133 Y119.631 E385.86272
G1 X99.077 Y119.216 E385.87107
G1 X99.135 Y118.796 E385.87954
G1 X99.299 Y118.39 E385.88827
G1 X99.577 Y118.015 E385.89759
G1 X99.954 Y117.735 E385.90696
G1 X100.336 Y117.576 E385.91522
G1 X100.761 Y117.516 E385.92378
G1 X101.232 Y117.578 E385.93326
G1 X101.626 Y117.743 E385.94179
G1 X101.998 Y118.027 E385.95113
G1 X102.261 Y118.385 E385.95999
G1 X102.422 Y118.768 E385.96828
G1 X102.48 Y119.235 E385.97768
G1 X102.424 Y119.663 E385.98629
G1 X102.254 Y120.068 E385.99505
G1 X101.982 Y120.418 E386.0039
G1 X101.61 Y120.701 E386.01323
G1 X101.219 Y120.864 E386.02168
G1 X100.755 Y120.915 E386.031
G1 F2400 E385.231
G1 F300 Z1.04
G0 F15000 X100.761 Y102.48
G1 F300 Z0.84
G1 F2400 E386.031
G1 F5400 X100.336 Y102.424 E386.03955
G1 X99.932 Y102.254 E386.0483
G1 X99.578 Y101.982 E386.05721
G1 X99.299 Y101.61 E386.06649
G1 X99.133 Y101.195 E386.07541
G1 X99.077 Y100.78 E386.08376
G1 X99.137 Y100.343 E386.09257
G1 X99.306 Y99.939 E386.10131
G1 X99.578 Y99.578 E386.11033
G1 X99.932 Y99.304 E386.11926
G1 X100.365 Y99.133 E386.12855
G1 X100.78 Y99.077 E386.13691
G1 X101.204 Y99.135 E386.14545
G1 X101.629 Y99.304 E386.15457
G1 X101.982 Y99.578 E386.16349
G1 X102.254 Y99.932 E386.1724
G1 X102.424 Y100.336 E386.18115
G1 X102.48 Y100.761 E386.1897
G1 X102.422 Y101.232 E386.19917
G1 X102.253 Y101.626 E386.20773
G1 X101.973 Y101.998 E386.21702
G1 X101.626 Y102.253 E386.22561
G1 X101.232 Y102.422 E386.23417
G1 X100.761 Y102.48 E386.24364
G1 F2400 E385.44364
G1 F300 Z1.04
G0 F15000 X98.719 Y103.443
;TYPE:FILL
G1 F300 Z0.84
G1 F2400 E386.24364
G1 F10800 X94.481 Y119.259 E386.5704
G0 F15000 X94.238 Y118.855
G1 F10800 X101.141 Y125.758 E386.76522
G0 F15000 X100.738 Y125.518
G1 F10800 X116.556 Y121.28 E387.09202
G1 F2400 E386.29202
G1 F300 Z1.04
G0 F15000 X118.457 Y122.507
G1 F300 Z0.84
G1 F2400 E387.09202
G1 F10800 X117.428 Y126.349 E387.17139
G0 F15000 X118.329 Y125.975
G1 F10800 X107.748 Y115.394 E387.47001
G1 X107.921 Y115.465
G1 X104.761 Y127.257 E387.71363
G1 F2400 E386.91363
G1 F300 Z1.04
G0 F15000 X110.774 Y127.998
G1 F300 Z0.84
G1 F2400 E387.71363
G1 F10800 X114.647 Y113.543 E388.01227
G1 X114.531 Y113.693
G1 X117.289 Y116.451 E388.09011
G1 F2400 E387.29011
G1 F300 Z1.04
G0 F15000 X120.203 Y115.99
G1 F300 Z0.84
G1 F2400 E388.09011
G1 F10800 X124.607 Y99.555 E388.42966
G0 F15000 X125.201 Y100.328
G1 F10800 X122.58 Y101.03 E388.48381
G1 F2400 E387.68381
G1 F300 Z1.04
G0 F15000 X121.264 Y103.455
G1 F300 Z0.84
G1 F2400 E388.48381
G1 F10800 X128.066 Y110.256 E388.67576
G0 F15000 X128.073 Y109.803
G1 F10800 X125.552 Y119.209 E388.87009
G0 F15000 X125.775 Y118.809
G1 F10800 X122.555 Y119.672 E388.93662
G1 F2400 E388.13662
G1 F300 Z1.04
G0 F15000 X121.983 Y121.144
G1 F300 Z0.84
G1 F2400 E388.93662
G1 F10800 X123.163 Y122.325 E388.96993
G1 F2400 E388.16993
G1 F300 Z1.04
G0 F15000 X126.465 Y117.141
G1 F300 Z0.84
G1 F2400 E388.96993
G1 F10800 X102.855 Y93.531 E389.63626
G1 F2400 E388.83626
G1 F300 Z1.04
G0 F15000 X101.19 Y94.219
G1 F300 Z0.84
G1 F2400 E389.63626
G1 F10800 X100.326 Y97.444 E389.70289
G1 F2400 E388.90289
G1 F300 Z1.04
G0 F15000 X98.852 Y98.013
G1 F300 Z0.84
G1 F2400 E389.70289
G1 F10800 X97.671 Y96.833 E389.7362
G1 F2400 E388.9362
G1 F300 Z1.04
G0 F15000 X100.782 Y94.448
G1 F300 Z0.84
G1 F2400 E389.7362
G1 F10800 X110.203 Y91.924 E389.93084
G0 F15000 X109.741 Y91.932
G1 F10800 X116.543 Y98.734 E390.12281
G1 F2400 E389.32281
G1 F300 Z1.04
G0 F15000 X118.968 Y97.418
G1 F300 Z0.84
G1 F2400 E390.12281
G1 F10800 X119.67 Y94.798 E390.17694
G0 F15000 X120.445 Y95.391
G1 F10800 X104.017 Y99.793 E390.51634
G1 F2400 E389.71634
G1 F300 Z1.04
G0 F15000 X103.544 Y102.706
G1 F300 Z0.84
G1 F2400 E390.51634
G1 F10800 X106.305 Y105.466 E390.59425
G1 X106.455 Y105.351
G1 X91.999 Y109.225 E390.89291
G0 F15000 X92.125 Y108.257
G1 F10800 X99.839 Y115.971 E391.11062
G1 F2400 E390.31062
G1 F300 Z1.04
G0 F15000 X101.581 Y115.943
G1 F300 Z0.84
G1 F2400 E391.11062
G1 F10800 X107.952 Y92.167 E391.60183
G1 F2400 E390.80183
G1 F300 Z1.04
G0 F15000 X114.091 Y92.437
G1 F300 Z0.84
G1 F2400 E391.60183
G1 F10800 X110.933 Y104.225 E391.84537
G1 X110.745 Y104.202
G1 X116.429 Y102.679 E391.9628
G0 F15000 X117.32 Y103.569
G1 F10800 X115.795 Y109.259 E392.08036
G1 X115.771 Y109.067
G1 X127.559 Y105.908 E392.3239
G1 F2400 E391.5239
G1 F300 Z1.04
G0 F15000 X127.829 Y112.047
G1 F300 Z0.84
G1 F2400 E392.3239
G1 F10800 X104.057 Y118.417 E392.81504
G1 F2400 E392.01504
G1 F300 Z1.04
G0 F15000 X104.028 Y120.16
G1 F300 Z0.84
G1 F2400 E392.81504
G1 F10800 X111.738 Y127.87 E393.03263
G1 F2400 E392.23263
G1 F300 Z1.04
G0 F15000 X99.309 Y124.421
G1 F300 Z0.84
G1 F2400 E393.03263
G1 F10800 X99.838 Y122.446 E393.07343
G1 F2400 E392.27343
G1 F300 Z1.04
G0 F15000 X97.553 Y120.16
G1 F300 Z0.84
G1 F2400 E393.07343
G1 F10800 X95.576 Y120.689 E393.11427
G1 F2400 E392.31427
G1 F300 Z1.04
G0 F15000 X92.739 Y115.238
G1 F300 Z0.84
G1 F2400 E393.11427
G1 F10800 X104.535 Y112.077 E393.35798
G1 X104.611 Y112.258
G1 X94.02 Y101.666 E393.65689
G0 F15000 X93.646 Y102.572
G1 F10800 X97.494 Y101.541 E393.73639
G1 F2400 E392.93639
G1 F300 Z1.04
;MESH:NONMESH
G0 F15000 X100.87 Y104.083
;TIME_ELAPSED:691.158293
;LAYER:7
;MESH:vertMount_Cover_RPi_r01.stl
G0 Z1.16
;TYPE:WALL-INNER
G1 F300 Z0.96
G1 F2400 E393.73639
G1 F5400 X100.611 Y104.073 E393.74157
G1 X99.949 Y103.986 E393.75489
G1 X99.338 Y103.741 E393.76803
G1 X99.061 Y103.604 E393.7742
G1 X98.605 Y103.254 E393.78567
G1 X98.387 Y103.061 E393.79148
G1 X98.055 Y102.627 E393.80238
G1 X97.822 Y102.226 E393.81164
G1 X97.671 Y101.862 E393.8195
G1 X97.561 Y101.49 E393.82724
G1 X97.496 Y101.02 E393.83671
G1 X97.496 Y100.538 E393.84633
G1 X97.548 Y100.154 E393.85406
G1 X97.671 Y99.702 E393.86341
G1 X97.888 Y99.199 E393.87434
G1 X98.048 Y98.946 E393.88032
G1 X98.291 Y98.624 E393.88837
G1 X98.5 Y98.387 E393.89467
G1 X98.934 Y98.053 E393.9056
G1 X99.347 Y97.815 E393.91511
G1 X99.707 Y97.667 E393.92288
G1 X100.152 Y97.547 E393.93208
G1 X100.54 Y97.495 E393.93989
G1 X101.02 Y97.496 E393.94947
G1 X101.489 Y97.56 E393.95892
G1 X101.853 Y97.667 E393.96649
G1 X102.213 Y97.815 E393.97426
G1 X102.626 Y98.053 E393.98377
G1 X103.06 Y98.387 E393.9947
G1 X103.267 Y98.622 E394.00095
G1 X103.61 Y99.068 E394.01218
G1 X103.741 Y99.338 E394.01816
G1 X103.986 Y99.949 E394.0313
G1 X104.073 Y100.611 E394.04463
G1 X104.083 Y100.87 E394.0498
G1 X104.019 Y101.39 E394.06025
G1 X103.938 Y101.744 E394.0675
G1 X103.692 Y102.335 E394.08028
G1 X103.521 Y102.606 E394.08667
G1 X103.223 Y103.002 E394.09656
G1 X103.002 Y103.223 E394.1028
G1 X102.606 Y103.521 E394.11269
G1 X102.375 Y103.667 E394.11814
G1 X101.783 Y103.929 E394.13106
G1 X101.39 Y104.019 E394.13911
G1 X100.87 Y104.083 E394.14956
G0 F15000 X100.777 Y103.691
G1 F5400 X100.103 Y103.607 E394.16312
G1 X99.856 Y103.524 E394.16832
G1 X99.323 Y103.302 E394.17984
G1 X98.72 Y102.838 E394.19502
G1 X98.372 Y102.384 E394.20644
G1 X98.191 Y102.072 E394.21364
G1 X98.04 Y101.708 E394.2215
G1 X97.954 Y101.418 E394.22754
G1 X97.892 Y100.966 E394.23664
G1 X97.892 Y100.591 E394.24412
G1 X97.944 Y100.207 E394.25186
G1 X98.04 Y99.856 E394.25912
G1 X98.273 Y99.311 E394.27095
G1 X98.715 Y98.727 E394.28556
G1 X99.178 Y98.37 E394.29723
G1 X99.499 Y98.185 E394.30462
G1 X99.859 Y98.037 E394.31239
G1 X100.205 Y97.944 E394.31954
G1 X100.593 Y97.892 E394.32735
G1 X100.966 Y97.892 E394.3348
G1 X101.418 Y97.954 E394.3439
G1 X101.701 Y98.037 E394.34979
G1 X102.061 Y98.185 E394.35756
G1 X102.382 Y98.37 E394.36495
G1 X102.839 Y98.722 E394.37646
G1 X103.306 Y99.329 E394.39174
G1 X103.596 Y100.046 E394.40718
G1 X103.691 Y100.783 E394.42201
G1 X103.622 Y101.34 E394.43321
G1 X103.559 Y101.616 E394.43886
G1 X103.287 Y102.25 E394.45263
G1 X102.844 Y102.843 E394.4674
G1 X102.254 Y103.286 E394.48212
G1 X101.616 Y103.559 E394.49597
G1 X101.34 Y103.622 E394.50162
G1 X100.777 Y103.691 E394.51294
G0 F15000 X100.749 Y103.284
G1 F5400 X100.146 Y103.207 E394.52507
G1 X99.528 Y102.955 E394.53839
G1 X99.005 Y102.552 E394.55156
G1 X98.69 Y102.141 E394.5619
G1 X98.561 Y101.918 E394.56704
G1 X98.361 Y101.438 E394.57742
G1 X98.288 Y100.913 E394.58799
G1 X98.289 Y100.645 E394.59334
G1 X98.341 Y100.261 E394.60108
G1 X98.409 Y100.01 E394.60627
G1 X98.62 Y99.516 E394.61699
G1 X98.984 Y99.034 E394.62904
G1 X99.422 Y98.687 E394.64019
G1 X99.651 Y98.555 E394.64546
G1 X100.011 Y98.407 E394.65323
G1 X100.259 Y98.34 E394.65836
G1 X100.646 Y98.288 E394.66615
G1 X100.913 Y98.288 E394.67148
G1 X101.431 Y98.358 E394.68191
G1 X101.909 Y98.555 E394.69223
G1 X102.138 Y98.687 E394.6975
G1 X102.554 Y99.007 E394.70798
G1 X102.956 Y99.53 E394.72114
G1 X103.207 Y100.146 E394.73441
G1 X103.284 Y100.749 E394.74655
G1 X103.212 Y101.415 E394.75991
G1 X102.939 Y102.049 E394.77369
G1 X102.558 Y102.558 E394.78638
G1 X102.049 Y102.939 E394.79907
G1 X101.415 Y103.212 E394.81284
G1 X100.749 Y103.284 E394.82621
G0 F15000 X100.781 Y102.885
G1 F5400 X100.249 Y102.819 E394.83691
G1 X99.733 Y102.601 E394.84809
G1 X99.294 Y102.264 E394.85913
G1 X98.961 Y101.838 E394.86992
G1 X98.748 Y101.328 E394.88095
G1 X98.674 Y100.779 E394.89201
G1 X98.748 Y100.235 E394.90296
G1 X98.967 Y99.72 E394.91413
G1 X99.295 Y99.295 E394.92484
G1 X99.727 Y98.956 E394.9358
G1 X100.235 Y98.747 E394.94676
G1 X100.781 Y98.674 E394.95776
G1 X101.326 Y98.748 E394.96873
G1 X101.833 Y98.956 E394.97967
G1 X102.264 Y99.295 E394.99061
G1 X102.601 Y99.733 E395.00164
G1 X102.819 Y100.249 E395.01282
G1 X102.885 Y100.781 E395.02352
G1 X102.818 Y101.319 E395.03434
G1 X102.595 Y101.842 E395.04568
G1 X102.269 Y102.269 E395.0564
G1 X101.842 Y102.595 E395.06712
G1 X101.319 Y102.818 E395.07847
G1 X100.781 Y102.885 E395.08929
G1 F2400 E394.28929
G1 F300 Z1.16
G0 F15000 X110 Y115.788
G1 F300 Z0.96
G1 F2400 E395.08929
G1 F5400 X109.772 Y115.782 E395.09384
G1 X108.608 Y115.634 E395.11726
G1 X108.355 Y115.558 E395.12253
G1 X107.071 Y115.021 E395.1503
G1 X106.014 Y114.207 E395.17693
G1 X105.793 Y113.986 E395.18316
G1 X104.978 Y112.925 E395.20986
G1 X104.443 Y111.656 E395.23734
G1 X104.362 Y111.387 E395.24295
G1 X104.204 Y110.128 E395.26827
G1 X104.214 Y109.772 E395.27538
G1 X104.362 Y108.611 E395.29874
G1 X104.437 Y108.357 E395.30402
G1 X104.969 Y107.095 E395.33135
G1 X105.793 Y106.014 E395.35848
G1 X106.014 Y105.793 E395.36472
G1 X107.095 Y104.969 E395.39184
G1 X108.357 Y104.437 E395.41917
G1 X108.613 Y104.361 E395.4245
G1 X109.873 Y104.204 E395.44984
G1 X110.229 Y104.214 E395.45695
G1 X111.389 Y104.362 E395.48028
G1 X111.656 Y104.443 E395.48585
G1 X112.808 Y104.929 E395.5108
G1 X113.09 Y105.105 E395.51744
G1 X113.986 Y105.793 E395.53998
G1 X114.207 Y106.014 E395.54622
G1 X115.021 Y107.071 E395.57284
G1 X115.558 Y108.355 E395.60062
G1 X115.634 Y108.61 E395.60593
G1 X115.792 Y109.873 E395.63133
G1 X115.782 Y110.229 E395.63843
G1 X115.633 Y111.392 E395.66183
G1 X115.552 Y111.658 E395.66738
G1 X115.026 Y112.919 E395.69465
G1 X114.207 Y113.986 E395.72149
G1 X113.986 Y114.207 E395.72773
G1 X112.919 Y115.026 E395.75457
G1 X111.658 Y115.552 E395.78184
G1 X111.39 Y115.634 E395.78743
G1 X110.128 Y115.792 E395.81281
G1 X110 Y115.788 E395.81537
G0 F15000 X109.998 Y115.406
G1 F5400 X108.581 Y115.22 E395.84389
G1 X107.298 Y114.684 E395.87163
G1 X106.271 Y113.901 E395.89741
G1 X106.099 Y113.729 E395.90226
G1 X105.313 Y112.693 E395.92821
G1 X104.766 Y111.394 E395.95634
G1 X104.59 Y109.998 E395.98442
G1 X104.776 Y108.579 E396.01298
G1 X105.32 Y107.292 E396.04086
G1 X106.099 Y106.271 E396.06649
G1 X106.271 Y106.099 E396.07134
G1 X107.309 Y105.306 E396.09741
G1 X108.58 Y104.776 E396.12489
G1 X109.998 Y104.59 E396.15343
G1 X111.394 Y104.766 E396.18151
G1 X112.628 Y105.286 E396.20824
G1 X112.847 Y105.423 E396.21339
G1 X113.729 Y106.099 E396.23557
G1 X113.901 Y106.271 E396.24042
G1 X114.684 Y107.298 E396.26619
G1 X115.22 Y108.581 E396.29394
G1 X115.406 Y109.998 E396.32246
G1 X115.23 Y111.391 E396.35048
G1 X114.687 Y112.692 E396.37861
G1 X113.901 Y113.729 E396.40458
G1 X113.729 Y113.901 E396.40944
G1 X112.677 Y114.698 E396.43577
G1 X111.389 Y115.231 E396.46359
G1 X109.998 Y115.406 E396.49157
G0 F15000 X110 Y115.004
G1 F5400 X109.99 Y115.005 E396.49177
G1 X108.689 Y114.832 E396.51796
G1 X107.497 Y114.336 E396.54373
G1 X106.455 Y113.538 E396.56992
G1 X105.663 Y112.495 E396.59605
G1 X105.165 Y111.312 E396.62167
G1 X104.991 Y109.991 E396.64826
G1 X105.163 Y108.69 E396.67445
G1 X105.667 Y107.494 E396.70035
G1 X106.459 Y106.459 E396.72635
G1 X107.506 Y105.658 E396.75266
G1 X108.691 Y105.163 E396.77829
G1 X110 Y104.993 E396.80463
G1 X111.312 Y105.165 E396.83104
G1 X112.496 Y105.663 E396.85667
G1 X113.541 Y106.458 E396.88287
G1 X114.336 Y107.497 E396.90898
G1 X114.833 Y108.69 E396.93477
G1 X115.003 Y110 E396.96113
G1 X114.832 Y111.308 E396.98746
G1 X114.339 Y112.493 E397.01307
G1 X113.539 Y113.545 E397.03945
G1 X112.493 Y114.339 E397.06565
G1 X111.308 Y114.832 E397.09127
G1 X110 Y115.004 E397.11759
G0 F15000 X110 Y114.598
G1 F5400 X108.8 Y114.445 E397.14173
G1 X107.699 Y113.988 E397.16552
G1 X106.744 Y113.256 E397.18954
G1 X106.009 Y112.292 E397.21373
G1 X105.55 Y111.195 E397.23746
G1 X105.396 Y110.017 E397.26117
G1 X105.551 Y108.8 E397.28565
G1 X106.013 Y107.697 E397.30951
G1 X106.747 Y106.747 E397.33347
G1 X107.697 Y106.013 E397.35743
G1 X108.812 Y105.546 E397.38155
G1 X110.001 Y105.394 E397.40547
G1 X111.196 Y105.55 E397.42952
G1 X112.306 Y106.016 E397.45355
G1 X113.252 Y106.747 E397.47741
G1 X113.988 Y107.699 E397.50142
G1 X114.45 Y108.812 E397.52547
G1 X114.602 Y110.001 E397.54939
G1 X114.446 Y111.196 E397.57344
G1 X113.985 Y112.305 E397.59741
G1 X113.253 Y113.253 E397.62131
G1 X112.289 Y113.993 E397.64556
G1 X111.196 Y114.446 E397.66917
G1 X110.017 Y114.6 E397.6929
G1 X110 Y114.598 E397.69324
G1 F2400 E396.89324
G1 F300 Z1.16
G0 F15000 X118.992 Y122.502
G1 F300 Z0.96
G1 F2400 E397.69324
G1 F5400 X118.508 Y122.44 E397.70298
G1 X118.138 Y122.329 E397.71069
G1 X117.774 Y122.178 E397.71855
G1 X117.37 Y121.943 E397.72788
G1 X116.939 Y121.611 E397.73874
G1 X116.742 Y121.391 E397.74463
G1 X116.393 Y120.935 E397.75609
G1 X116.258 Y120.662 E397.76217
G1 X116.106 Y120.298 E397.77004
G1 X116.001 Y119.984 E397.77665
G1 X115.923 Y119.384 E397.78872
G1 X115.913 Y119.115 E397.79409
G1 X115.984 Y118.59 E397.80466
G1 X116.059 Y118.264 E397.81134
G1 X116.302 Y117.664 E397.82426
G1 X116.491 Y117.369 E397.83125
G1 X116.777 Y116.998 E397.8406
G1 X116.998 Y116.777 E397.84684
G1 X117.369 Y116.491 E397.85618
G1 X117.664 Y116.302 E397.86318
G1 X118.264 Y116.059 E397.87609
G1 X118.59 Y115.984 E397.88277
G1 X119.115 Y115.913 E397.89334
G1 X119.384 Y115.923 E397.89871
G1 X119.844 Y115.983 E397.90797
G1 X120.135 Y116.047 E397.91392
G1 X120.662 Y116.258 E397.92525
G1 X120.935 Y116.393 E397.93132
G1 X121.39 Y116.741 E397.94275
G1 X121.608 Y116.934 E397.94856
G1 X121.943 Y117.37 E397.95954
G1 X122.178 Y117.774 E397.96886
G1 X122.33 Y118.138 E397.97674
G1 X122.439 Y118.509 E397.98445
G1 X122.502 Y118.992 E397.99417
G1 X122.502 Y119.438 E398.00307
G1 X122.455 Y119.826 E398.01087
G1 X122.329 Y120.298 E398.02062
G1 X122.178 Y120.662 E398.02849
G1 X121.945 Y121.064 E398.03776
G1 X121.599 Y121.507 E398.04898
G1 X121.383 Y121.696 E398.0547
G1 X121.065 Y121.944 E398.06275
G1 X120.803 Y122.114 E398.06898
G1 X120.298 Y122.329 E398.07994
G1 X119.826 Y122.455 E398.08969
G1 X119.438 Y122.502 E398.09749
G1 X118.992 Y122.502 E398.10639
G0 F15000 X119.042 Y122.105
G1 F5400 X118.58 Y122.046 E398.11568
G1 X118.292 Y121.96 E398.12168
G1 X117.928 Y121.808 E398.12955
G1 X117.614 Y121.626 E398.13679
G1 X117.154 Y121.272 E398.14838
G1 X116.693 Y120.67 E398.16351
G1 X116.404 Y119.951 E398.17897
G1 X116.303 Y119.208 E398.19394
G1 X116.38 Y118.644 E398.2053
G1 X116.439 Y118.39 E398.2105
G1 X116.711 Y117.738 E398.2246
G1 X117.158 Y117.158 E398.23921
G1 X117.738 Y116.711 E398.25382
G1 X118.39 Y116.439 E398.26792
G1 X118.644 Y116.38 E398.27313
G1 X119.208 Y116.303 E398.28449
G1 X119.952 Y116.404 E398.29947
G1 X120.673 Y116.695 E398.31499
G1 X121.274 Y117.157 E398.33011
G1 X121.626 Y117.614 E398.34163
G1 X121.808 Y117.928 E398.34887
G1 X121.961 Y118.292 E398.35675
G1 X122.046 Y118.581 E398.36276
G1 X122.106 Y119.042 E398.37204
G1 X122.106 Y119.388 E398.37894
G1 X122.058 Y119.777 E398.38676
G1 X121.96 Y120.144 E398.39434
G1 X121.809 Y120.508 E398.40221
G1 X121.628 Y120.821 E398.40942
G1 X121.271 Y121.277 E398.42098
G1 X120.691 Y121.728 E398.43564
G1 X120.144 Y121.96 E398.4475
G1 X119.777 Y122.058 E398.45508
G1 X119.388 Y122.106 E398.4629
G1 X119.042 Y122.105 E398.46981
G0 F15000 X119.219 Y121.724
G1 F5400 X118.57 Y121.643 E398.48286
G1 X118.082 Y121.439 E398.49341
G1 X117.858 Y121.309 E398.49858
G1 X117.441 Y120.989 E398.50907
G1 X117.044 Y120.47 E398.52211
G1 X116.794 Y119.855 E398.53536
G1 X116.711 Y119.245 E398.54765
G1 X116.791 Y118.585 E398.56091
G1 X117.055 Y117.947 E398.57469
G1 X117.443 Y117.443 E398.58739
G1 X117.947 Y117.055 E398.60008
G1 X118.584 Y116.791 E398.61384
G1 X119.251 Y116.71 E398.62725
G1 X119.855 Y116.794 E398.63942
G1 X120.476 Y117.046 E398.65279
G1 X120.984 Y117.448 E398.66572
G1 X121.309 Y117.858 E398.67616
G1 X121.439 Y118.082 E398.68133
G1 X121.641 Y118.565 E398.69178
G1 X121.725 Y119.212 E398.7048
G1 X121.661 Y119.727 E398.71515
G1 X121.591 Y119.99 E398.72058
G1 X121.439 Y120.354 E398.72846
G1 X121.306 Y120.583 E398.73374
G1 X120.984 Y120.984 E398.744
G1 X120.491 Y121.379 E398.75661
G1 X119.99 Y121.591 E398.76747
G1 X119.727 Y121.661 E398.7729
G1 X119.219 Y121.724 E398.78311
G0 F15000 X119.215 Y121.321
G1 F5400 X118.673 Y121.253 E398.79401
G1 X118.162 Y121.039 E398.80507
G1 X117.732 Y120.701 E398.81598
G1 X117.395 Y120.272 E398.82687
G1 X117.186 Y119.753 E398.83804
G1 X117.11 Y119.216 E398.84886
G1 X117.183 Y118.679 E398.85967
G1 X117.401 Y118.153 E398.87104
G1 X117.731 Y117.731 E398.88173
G1 X118.153 Y117.401 E398.89242
G1 X118.679 Y117.183 E398.90378
G1 X119.214 Y117.11 E398.91456
G1 X119.753 Y117.182 E398.92541
G1 X120.266 Y117.399 E398.93652
G1 X120.701 Y117.731 E398.94744
G1 X121.039 Y118.162 E398.95837
G1 X121.253 Y118.673 E398.96943
G1 X121.321 Y119.215 E398.98033
G1 X121.254 Y119.76 E398.99129
G1 X121.037 Y120.278 E399.0025
G1 X120.701 Y120.701 E399.01328
G1 X120.279 Y121.035 E399.02402
G1 X119.761 Y121.254 E399.03524
G1 X119.215 Y121.321 E399.04622
G1 F2400 E398.24622
G1 F300 Z1.16
G0 F15000 X110 Y128.18
G1 F300 Z0.96
G1 F2400 E399.04622
G1 F5400 X114.71 Y127.562 E399.14102
G1 X119.087 Y125.747 E399.23558
G1 X122.856 Y122.856 E399.33037
G1 X125.747 Y119.088 E399.42515
G1 X127.558 Y114.71 E399.51969
G1 X128.18 Y110 E399.6145
G1 X127.558 Y105.286 E399.70939
G1 X125.747 Y100.908 E399.80394
G1 X122.856 Y97.14 E399.89872
G1 X119.088 Y94.249 E399.99349
G1 X114.71 Y92.438 E400.08804
G1 X110 Y91.816 E400.18285
G1 X105.286 Y92.438 E400.27774
G1 X100.908 Y94.249 E400.37229
G1 X97.14 Y97.14 E400.46706
G1 X94.248 Y100.909 E400.56187
G1 X92.434 Y105.286 E400.65642
G1 X91.816 Y110 E400.7513
G1 X92.434 Y114.71 E400.8461
G1 X94.248 Y119.087 E400.94065
G1 X97.14 Y122.856 E401.03546
G1 X100.908 Y125.747 E401.13023
G1 X105.286 Y127.562 E401.22481
G1 X110 Y128.18 E401.31969
G0 F15000 X110 Y128.584
G1 F5400 X114.814 Y127.952 E401.41658
G1 X119.289 Y126.097 E401.51325
G1 X123.141 Y123.141 E401.61015
G1 X126.096 Y119.29 E401.70702
G1 X127.948 Y114.814 E401.80369
G1 X128.583 Y110 E401.90059
G1 X127.948 Y105.182 E401.99757
G1 X126.096 Y100.706 E402.09423
G1 X123.141 Y96.855 E402.1911
G1 X119.29 Y93.899 E402.28798
G1 X114.814 Y92.048 E402.38464
G1 X110 Y91.413 E402.48154
G1 X105.182 Y92.048 E402.57852
G1 X100.706 Y93.899 E402.67518
G1 X96.855 Y96.855 E402.77207
G1 X93.899 Y100.707 E402.86896
G1 X92.044 Y105.182 E402.96563
G1 X91.412 Y110 E403.06261
G1 X92.044 Y114.814 E403.1595
G1 X93.899 Y119.289 E403.25617
G1 X96.855 Y123.141 E403.35307
G1 X100.707 Y126.097 E403.44996
G1 X105.182 Y127.951 E403.54663
G1 X110 Y128.584 E403.6436
G0 F15000 X110 Y128.987
G1 F5400 X114.918 Y128.341 E403.74259
G1 X119.491 Y126.446 E403.84137
G1 X123.426 Y123.426 E403.94036
G1 X126.446 Y119.491 E404.03935
G1 X128.337 Y114.919 E404.13809
G1 X128.987 Y110 E404.2371
G1 X128.337 Y105.077 E404.3362
G1 X126.446 Y100.505 E404.43494
G1 X123.426 Y96.57 E404.53392
G1 X119.491 Y93.55 E404.63291
G1 X114.919 Y91.659 E404.73165
G1 X110 Y91.009 E404.83066
G1 X105.077 Y91.659 E404.92976
G1 X100.505 Y93.55 E405.0285
G1 X96.569 Y96.569 E405.12749
G1 X93.55 Y100.505 E405.22648
G1 X91.655 Y105.077 E405.32525
G1 X91.009 Y110 E405.42433
G1 X91.655 Y114.918 E405.52332
G1 X93.55 Y119.491 E405.6221
G1 X96.569 Y123.427 E405.7211
G1 X100.505 Y126.446 E405.82009
G1 X105.077 Y128.341 E405.91885
G1 X110 Y128.987 E406.01794
G0 F15000 X110 Y129.39
G1 F5400 X115.023 Y128.731 E406.11904
G1 X119.693 Y126.795 E406.21992
G1 X123.712 Y123.712 E406.32101
G1 X126.795 Y119.693 E406.42209
G1 X128.727 Y115.023 E406.52295
G1 X129.39 Y110 E406.62405
G1 X128.727 Y104.973 E406.72524
G1 X126.795 Y100.303 E406.8261
G1 X123.712 Y96.284 E406.92718
G1 X119.693 Y93.201 E407.02827
G1 X115.023 Y91.269 E407.12912
G1 X110 Y90.606 E407.23023
G1 X104.973 Y91.269 E407.33142
G1 X100.303 Y93.201 E407.43227
G1 X96.284 Y96.284 E407.53336
G1 X93.2 Y100.303 E407.63445
G1 X91.265 Y104.973 E407.73533
G1 X90.606 Y110 E407.83651
G1 X91.265 Y115.023 E407.93761
G1 X93.2 Y119.693 E408.03848
G1 X96.284 Y123.712 E408.13958
G1 X100.303 Y126.795 E408.24066
G1 X104.973 Y128.731 E408.34155
G1 X110 Y129.39 E408.44273
G1 F2400 E407.64273
G1 F300 Z1.16
G0 F15000 X101.002 Y122.502
G1 F300 Z0.96
G1 F2400 E408.44273
G1 F5400 X100.557 Y122.502 E408.45161
G1 X100.172 Y122.455 E408.45935
G1 X99.708 Y122.332 E408.46893
G1 X99.195 Y122.113 E408.48006
G1 X98.932 Y121.945 E408.48629
G1 X98.496 Y121.605 E408.49732
G1 X98.291 Y121.372 E408.50351
G1 X98.055 Y121.064 E408.51126
G1 X97.823 Y120.662 E408.52052
G1 X97.671 Y120.298 E408.52839
G1 X97.547 Y119.844 E408.53778
G1 X97.495 Y119.456 E408.54559
G1 X97.496 Y118.974 E408.55521
G1 X97.561 Y118.508 E408.5646
G1 X97.671 Y118.138 E408.57231
G1 X97.822 Y117.774 E408.58017
G1 X98.048 Y117.382 E408.5892
G1 X98.382 Y116.941 E408.60024
G1 X98.605 Y116.742 E408.6062
G1 X99.071 Y116.389 E408.61787
G1 X99.338 Y116.258 E408.62381
G1 X99.946 Y116.015 E408.63687
G1 X100.612 Y115.923 E408.65029
G1 X100.884 Y115.913 E408.65572
G1 X101.408 Y115.983 E408.66627
G1 X101.742 Y116.061 E408.67312
G1 X102.332 Y116.302 E408.68583
G1 X102.619 Y116.484 E408.69262
G1 X103.002 Y116.777 E408.70224
G1 X103.223 Y116.998 E408.70848
G1 X103.515 Y117.38 E408.71807
G1 X103.668 Y117.622 E408.72379
G1 X103.93 Y118.221 E408.73683
G1 X104.019 Y118.608 E408.74476
G1 X104.083 Y119.122 E408.75509
G1 X104.073 Y119.385 E408.76035
G1 X103.999 Y119.951 E408.77174
G1 X103.936 Y120.197 E408.7768
G1 X103.68 Y120.81 E408.79006
G1 X103.501 Y121.075 E408.79644
G1 X103.168 Y121.501 E408.80723
G1 X102.947 Y121.696 E408.81312
G1 X102.639 Y121.936 E408.82091
G1 X102.226 Y122.178 E408.83046
G1 X101.862 Y122.329 E408.83832
G1 X101.489 Y122.44 E408.84609
G1 X101.002 Y122.502 E408.85589
G0 F15000 X100.953 Y122.106
G1 F5400 X100.606 Y122.106 E408.86281
G1 X100.222 Y122.058 E408.87054
G1 X99.861 Y121.962 E408.87799
G1 X99.299 Y121.724 E408.89017
G1 X98.718 Y121.272 E408.90486
G1 X98.372 Y120.82 E408.91622
G1 X98.192 Y120.508 E408.92341
G1 X98.04 Y120.144 E408.93128
G1 X97.944 Y119.791 E408.93858
G1 X97.892 Y119.403 E408.94639
G1 X97.892 Y119.028 E408.95387
G1 X97.954 Y118.58 E408.9629
G1 X98.04 Y118.292 E408.9689
G1 X98.191 Y117.928 E408.97676
G1 X98.367 Y117.623 E408.98379
G1 X98.719 Y117.158 E408.99543
G1 X99.33 Y116.694 E409.01074
G1 X99.856 Y116.476 E409.0221
G1 X100.097 Y116.395 E409.02718
G1 X100.781 Y116.303 E409.04095
G1 X101.355 Y116.38 E409.05251
G1 X101.615 Y116.44 E409.05783
G1 X102.256 Y116.711 E409.07172
G1 X102.843 Y117.157 E409.08643
G1 X103.284 Y117.738 E409.10099
G1 X103.561 Y118.389 E409.11511
G1 X103.622 Y118.658 E409.12061
G1 X103.691 Y119.211 E409.13173
G1 X103.598 Y119.949 E409.14658
G1 X103.327 Y120.619 E409.161
G1 X103.185 Y120.829 E409.16606
G1 X102.835 Y121.277 E409.1774
G1 X102.393 Y121.621 E409.18858
G1 X102.072 Y121.808 E409.19599
G1 X101.708 Y121.96 E409.20387
G1 X101.418 Y122.046 E409.2099
G1 X100.953 Y122.106 E409.21926
G0 F15000 X100.78 Y121.725
G1 F5400 X100.272 Y121.661 E409.22948
G1 X100.014 Y121.593 E409.2348
G1 X99.502 Y121.376 E409.2459
G1 X98.986 Y120.963 E409.25909
G1 X98.69 Y120.577 E409.26879
G1 X98.561 Y120.354 E409.27394
G1 X98.409 Y119.99 E409.28181
G1 X98.34 Y119.737 E409.28704
G1 X98.288 Y119.35 E409.29483
G1 X98.288 Y119.081 E409.3002
G1 X98.361 Y118.562 E409.31066
G1 X98.561 Y118.082 E409.32104
G1 X98.686 Y117.864 E409.32605
G1 X99.006 Y117.441 E409.33664
G1 X99.533 Y117.043 E409.34982
G1 X100.144 Y116.794 E409.36298
G1 X100.784 Y116.707 E409.37587
G1 X101.42 Y116.792 E409.38868
G1 X102.051 Y117.057 E409.40234
G1 X102.558 Y117.443 E409.41505
G1 X102.94 Y117.946 E409.42766
G1 X103.212 Y118.59 E409.44161
G1 X103.284 Y119.246 E409.45478
G1 X103.207 Y119.852 E409.46697
G1 X102.954 Y120.475 E409.48039
G1 X102.576 Y120.96 E409.49266
G1 X102.147 Y121.305 E409.50364
G1 X101.918 Y121.439 E409.50894
G1 X101.431 Y121.642 E409.51947
G1 X100.78 Y121.725 E409.53256
G0 F15000 X100.78 Y121.321
G1 F5400 X100.24 Y121.254 E409.54342
G1 X99.715 Y121.034 E409.55478
G1 X99.295 Y120.701 E409.56548
G1 X98.962 Y120.277 E409.57624
G1 X98.748 Y119.763 E409.58735
G1 X98.674 Y119.215 E409.59838
G1 X98.748 Y118.671 E409.60934
G1 X98.96 Y118.164 E409.62031
G1 X99.293 Y117.733 E409.63118
G1 X99.735 Y117.398 E409.64224
G1 X100.246 Y117.182 E409.65331
G1 X100.781 Y117.11 E409.66409
G1 X101.322 Y117.183 E409.67498
G1 X101.845 Y117.403 E409.6863
G1 X102.272 Y117.728 E409.69701
G1 X102.594 Y118.152 E409.70764
G1 X102.818 Y118.681 E409.7191
G1 X102.885 Y119.214 E409.72982
G1 X102.819 Y119.75 E409.7406
G1 X102.601 Y120.268 E409.75182
G1 X102.266 Y120.7 E409.76272
G1 X101.84 Y121.038 E409.77358
G1 X101.327 Y121.252 E409.78467
G1 X100.78 Y121.321 E409.79567
G1 F2400 E408.99567
G1 F300 Z1.16
G0 F15000 X119.122 Y104.083
G1 F300 Z0.96
G1 F2400 E409.79567
G1 F5400 X118.608 Y104.019 E409.80601
G1 X118.263 Y103.94 E409.81307
G1 X117.662 Y103.693 E409.82604
G1 X117.38 Y103.514 E409.8327
G1 X116.998 Y103.223 E409.84229
G1 X116.777 Y103.002 E409.84852
G1 X116.484 Y102.618 E409.85816
G1 X116.327 Y102.371 E409.864
G1 X116.072 Y101.783 E409.87679
G1 X115.983 Y101.408 E409.88449
G1 X115.913 Y100.884 E409.89504
G1 X115.923 Y100.612 E409.90047
G1 X116.015 Y99.945 E409.9139
G1 X116.259 Y99.338 E409.92696
G1 X116.388 Y99.073 E409.93284
G1 X116.741 Y98.606 E409.94452
G1 X116.939 Y98.385 E409.95044
G1 X117.37 Y98.053 E409.9613
G1 X117.783 Y97.815 E409.97081
G1 X118.143 Y97.667 E409.97858
G1 X118.507 Y97.56 E409.98615
G1 X118.976 Y97.495 E409.9956
G1 X119.456 Y97.495 E410.00518
G1 X119.844 Y97.547 E410.01299
G1 X120.289 Y97.667 E410.02219
G1 X120.649 Y97.814 E410.02995
G1 X121.062 Y98.053 E410.03947
G1 X121.502 Y98.391 E410.05055
G1 X121.704 Y98.621 E410.05665
G1 X121.944 Y98.933 E410.06451
G1 X122.113 Y99.197 E410.07077
G1 X122.329 Y99.702 E410.08173
G1 X122.455 Y100.172 E410.09144
G1 X122.502 Y100.557 E410.09918
G1 X122.502 Y101.002 E410.10806
G1 X122.44 Y101.489 E410.11785
G1 X122.33 Y101.862 E410.12561
G1 X122.178 Y102.226 E410.13349
G1 X121.936 Y102.639 E410.14304
G1 X121.602 Y103.068 E410.15389
G1 X121.383 Y103.26 E410.1597
G1 X120.943 Y103.603 E410.17083
G1 X120.662 Y103.742 E410.17709
G1 X120.054 Y103.985 E410.19016
G1 X119.385 Y104.073 E410.20362
G1 X119.122 Y104.083 E410.20888
G0 F15000 X119.347 Y103.674
G1 F5400 X119.042 Y103.67 E410.21496
G1 X118.658 Y103.622 E410.22269
G1 X118.389 Y103.561 E410.22819
G1 X117.738 Y103.284 E410.24231
G1 X117.157 Y102.843 E410.25686
G1 X116.711 Y102.256 E410.27158
G1 X116.441 Y101.615 E410.28546
G1 X116.38 Y101.355 E410.29079
G1 X116.304 Y100.789 E410.30218
G1 X116.394 Y100.098 E410.31609
G1 X116.476 Y99.856 E410.32119
G1 X116.696 Y99.329 E410.33258
G1 X117.153 Y98.725 E410.3477
G1 X117.614 Y98.37 E410.35931
G1 X117.935 Y98.185 E410.3667
G1 X118.295 Y98.037 E410.37447
G1 X118.578 Y97.954 E410.38036
G1 X119.03 Y97.892 E410.38946
G1 X119.403 Y97.892 E410.39691
G1 X119.791 Y97.943 E410.40472
G1 X120.137 Y98.037 E410.41187
G1 X120.497 Y98.184 E410.41963
G1 X120.818 Y98.37 E410.42703
G1 X121.275 Y98.721 E410.43853
G1 X121.725 Y99.305 E410.45325
G1 X121.96 Y99.856 E410.4652
G1 X122.058 Y100.222 E410.47276
G1 X122.106 Y100.606 E410.48048
G1 X122.106 Y100.953 E410.48741
G1 X122.047 Y101.418 E410.49676
G1 X121.961 Y101.708 E410.5028
G1 X121.808 Y102.072 E410.51068
G1 X121.621 Y102.393 E410.51809
G1 X121.276 Y102.837 E410.52931
G1 X120.676 Y103.304 E410.54449
G1 X119.953 Y103.596 E410.56005
G1 X119.347 Y103.674 E410.57224
G0 F15000 X119.214 Y103.288
G1 F5400 X118.583 Y103.21 E410.58493
G1 X117.95 Y102.941 E410.59865
G1 X117.438 Y102.554 E410.61146
G1 X117.057 Y102.05 E410.62407
G1 X116.792 Y101.421 E410.63769
G1 X116.707 Y100.784 E410.65052
G1 X116.794 Y100.144 E410.66341
G1 X117.043 Y99.532 E410.67659
G1 X117.441 Y99.007 E410.68974
G1 X117.858 Y98.687 E410.70023
G1 X118.087 Y98.555 E410.7055
G1 X118.565 Y98.358 E410.71582
G1 X119.083 Y98.288 E410.72625
G1 X119.35 Y98.288 E410.73158
G1 X119.737 Y98.34 E410.73937
G1 X119.985 Y98.407 E410.7445
G1 X120.345 Y98.554 E410.75226
G1 X120.574 Y98.687 E410.75754
G1 X121.011 Y99.033 E410.76867
G1 X121.382 Y99.516 E410.78082
G1 X121.591 Y100.01 E410.79152
G1 X121.661 Y100.272 E410.79694
G1 X121.725 Y100.78 E410.80715
G1 X121.642 Y101.431 E410.82025
G1 X121.439 Y101.918 E410.83078
G1 X121.305 Y102.147 E410.83607
G1 X120.982 Y102.549 E410.84637
G1 X120.48 Y102.951 E410.8592
G1 X119.853 Y103.207 E410.87272
G1 X119.214 Y103.288 E410.88557
G0 F15000 X119.217 Y102.886
G1 F5400 X118.681 Y102.818 E410.89635
G1 X118.152 Y102.594 E410.90782
G1 X117.724 Y102.269 E410.91854
G1 X117.401 Y101.841 E410.92924
G1 X117.182 Y101.319 E410.94054
G1 X117.116 Y100.787 E410.95124
G1 X117.181 Y100.249 E410.96205
G1 X117.398 Y99.735 E410.97318
G1 X117.722 Y99.296 E410.98407
G1 X118.166 Y98.955 E410.99524
G1 X118.67 Y98.748 E411.00612
G1 X119.216 Y98.674 E411.01711
G1 X119.76 Y98.747 E411.02807
G1 X120.266 Y98.954 E411.03898
G1 X120.701 Y99.295 E411.05001
G1 X121.035 Y99.72 E411.06079
G1 X121.254 Y100.24 E411.07205
G1 X121.321 Y100.78 E411.08291
G1 X121.252 Y101.327 E411.09392
G1 X121.038 Y101.84 E411.10501
G1 X120.7 Y102.266 E411.11586
G1 X120.273 Y102.604 E411.12673
G1 X119.753 Y102.814 E411.13792
G1 X119.217 Y102.886 E411.14871
G0 F15000 X119.235 Y102.48
;TYPE:WALL-OUTER
G1 F5400 X118.778 Y102.428 E411.15789
G1 X118.385 Y102.261 E411.16641
G1 X118.002 Y101.973 E411.17597
G1 X117.735 Y101.61 E411.18497
G1 X117.578 Y101.232 E411.19314
G1 X117.516 Y100.761 E411.20262
G1 X117.576 Y100.336 E411.21118
G1 X117.746 Y99.933 E411.21991
G1 X118.014 Y99.578 E411.22879
G1 X118.368 Y99.304 E411.23772
G1 X118.801 Y99.133 E411.24701
G1 X119.216 Y99.077 E411.25537
G1 X119.631 Y99.133 E411.26372
G1 X120.041 Y99.294 E411.27251
G1 X120.418 Y99.578 E411.28193
G1 X120.694 Y99.939 E411.291
G1 X120.864 Y100.343 E411.29975
G1 X120.915 Y100.755 E411.30803
G1 X120.865 Y101.204 E411.31705
G1 X120.701 Y101.61 E411.32579
G1 X120.418 Y101.982 E411.33512
G1 X120.068 Y102.254 E411.34396
G1 X119.663 Y102.424 E411.35273
G1 X119.235 Y102.48 E411.36134
G1 F2400 E410.56134
G1 F300 Z1.16
G0 F15000 X110 Y114.194
G1 F300 Z0.96
G1 F2400 E411.36134
G1 F5400 X108.896 Y114.053 E411.38355
G1 X107.908 Y113.643 E411.4049
G1 X107.018 Y112.957 E411.42732
G1 X106.366 Y112.103 E411.44876
G1 X105.944 Y111.102 E411.47044
G1 X105.8 Y110.015 E411.49232
G1 X105.943 Y108.896 E411.51484
G1 X106.367 Y107.891 E411.5366
G1 X107.043 Y107.018 E411.55864
G1 X107.891 Y106.367 E411.57997
G1 X108.896 Y105.943 E411.60174
G1 X109.985 Y105.8 E411.62366
G1 X111.085 Y105.936 E411.64578
G1 X112.103 Y106.366 E411.66783
G1 X112.982 Y107.043 E411.68997
G1 X113.643 Y107.908 E411.7117
G1 X114.053 Y108.896 E411.73304
G1 X114.196 Y109.985 E411.75496
G1 X114.052 Y111.102 E411.77744
G1 X113.634 Y112.103 E411.79909
G1 X112.957 Y112.982 E411.82123
G1 X112.103 Y113.634 E411.84267
G1 X111.102 Y114.052 E411.86432
G1 X110.015 Y114.196 E411.8862
G1 X110 Y114.194 E411.8865
G1 F2400 E411.0865
G1 F300 Z1.16
G0 F15000 X119.191 Y120.915
G1 F300 Z0.96
G1 F2400 E411.8865
G1 F5400 X118.796 Y120.865 E411.89445
G1 X118.39 Y120.701 E411.90318
G1 X118.014 Y120.418 E411.91258
G1 X117.746 Y120.068 E411.92137
G1 X117.576 Y119.663 E411.93014
G1 X117.516 Y119.235 E411.93876
G1 X117.578 Y118.768 E411.94816
G1 X117.742 Y118.37 E411.95675
G1 X118.027 Y118.002 E411.96604
G1 X118.37 Y117.742 E411.97463
G1 X118.768 Y117.578 E411.98322
G1 X119.235 Y117.516 E411.99262
G1 X119.663 Y117.576 E412.00125
G1 X120.068 Y117.746 E412.01001
G1 X120.418 Y118.014 E412.01881
G1 X120.701 Y118.39 E412.0282
G1 X120.864 Y118.779 E412.03662
G1 X120.915 Y119.191 E412.0449
G1 X120.864 Y119.655 E412.05422
G1 X120.701 Y120.046 E412.06267
G1 X120.418 Y120.418 E412.072
G1 X120.061 Y120.694 E412.08101
G1 X119.656 Y120.864 E412.08977
G1 X119.191 Y120.915 E412.09911
G1 F2400 E411.29911
G1 F300 Z1.16
G0 F15000 X110 Y129.794
G1 F300 Z0.96
G1 F2400 E412.09911
G1 F5400 X115.127 Y129.121 E412.2023
G1 X119.895 Y127.145 E412.3053
G1 X123.997 Y123.997 E412.40848
G1 X127.145 Y119.895 E412.51167
G1 X129.117 Y115.127 E412.61464
G1 X129.794 Y110 E412.71784
G1 X129.117 Y104.869 E412.82112
G1 X127.145 Y100.101 E412.92409
G1 X123.997 Y95.999 E413.02728
G1 X119.895 Y92.851 E413.13047
G1 X115.127 Y90.879 E413.23343
G1 X110 Y90.202 E413.33664
G1 X104.869 Y90.879 E413.43992
G1 X100.101 Y92.851 E413.54289
G1 X95.999 Y95.999 E413.64607
G1 X92.851 Y100.101 E413.74926
G1 X90.875 Y104.869 E413.85226
G1 X90.202 Y110 E413.95553
G1 X90.875 Y115.127 E414.05872
G1 X92.851 Y119.895 E414.16172
G1 X95.999 Y123.997 E414.26491
G1 X100.101 Y127.145 E414.3681
G1 X104.869 Y129.121 E414.47109
G1 X110 Y129.794 E414.57437
G1 F2400 E413.77437
G1 F300 Z1.16
G0 F15000 X100.755 Y120.915
G1 F300 Z0.96
G1 F2400 E414.57437
G1 F5400 X100.345 Y120.864 E414.58261
G1 X99.935 Y120.694 E414.59147
G1 X99.578 Y120.418 E414.60047
G1 X99.299 Y120.046 E414.60975
G1 X99.133 Y119.631 E414.61867
G1 X99.077 Y119.216 E414.62703
G1 X99.135 Y118.796 E414.63549
G1 X99.299 Y118.39 E414.64423
G1 X99.577 Y118.015 E414.65354
G1 X99.954 Y117.735 E414.66292
G1 X100.336 Y117.576 E414.67117
G1 X100.761 Y117.516 E414.67974
G1 X101.232 Y117.578 E414.68922
G1 X101.626 Y117.743 E414.69774
G1 X101.998 Y118.027 E414.70708
G1 X102.261 Y118.385 E414.71595
G1 X102.422 Y118.768 E414.72424
G1 X102.48 Y119.235 E414.73363
G1 X102.424 Y119.663 E414.74224
G1 X102.254 Y120.068 E414.75101
G1 X101.982 Y120.418 E414.75986
G1 X101.61 Y120.701 E414.76918
G1 X101.219 Y120.864 E414.77764
G1 X100.755 Y120.915 E414.78695
G1 F2400 E413.98695
G1 F300 Z1.16
G0 F15000 X100.761 Y102.48
G1 F300 Z0.96
G1 F2400 E414.78695
G1 F5400 X100.336 Y102.424 E414.79551
G1 X99.932 Y102.254 E414.80425
G1 X99.578 Y101.982 E414.81316
G1 X99.299 Y101.61 E414.82244
G1 X99.133 Y101.195 E414.83136
G1 X99.077 Y100.78 E414.83972
G1 X99.137 Y100.343 E414.84852
G1 X99.306 Y99.939 E414.85726
G1 X99.578 Y99.578 E414.86628
G1 X99.932 Y99.304 E414.87521
G1 X100.365 Y99.133 E414.8845
G1 X100.78 Y99.077 E414.89286
G1 X101.204 Y99.135 E414.9014
G1 X101.629 Y99.304 E414.91053
G1 X101.982 Y99.578 E414.91945
G1 X102.254 Y99.932 E414.92836
G1 X102.424 Y100.336 E414.9371
G1 X102.48 Y100.761 E414.94566
G1 X102.422 Y101.232 E414.95513
G1 X102.253 Y101.626 E414.96368
G1 X101.973 Y101.998 E414.97297
G1 X101.626 Y102.253 E414.98157
G1 X101.232 Y102.422 E414.99012
G1 X100.761 Y102.48 E414.99959
G1 F2400 E414.19959
G1 F300 Z1.16
G0 F15000 X98.646 Y103.387
;TYPE:FILL
G1 F300 Z0.96
G1 F2400 E414.99959
G1 F10800 X94.416 Y119.174 E415.32575
G0 F15000 X94.153 Y118.65
G1 F10800 X101.346 Y125.843 E415.52876
G0 F15000 X100.823 Y125.583
G1 F10800 X116.612 Y121.353 E415.85495
G1 F2400 E415.05495
G1 F300 Z1.16
G0 F15000 X118.376 Y122.483
G1 F300 Z0.96
G1 F2400 E415.85495
G1 F10800 X117.329 Y126.391 E415.93569
G0 F15000 X118.414 Y125.94
G1 F10800 X107.952 Y115.478 E416.23095
G1 X107.841 Y115.433
G1 X104.682 Y127.225 E416.47457
G1 F2400 E415.67457
G1 F300 Z1.16
G0 F15000 X110.683 Y128.01
G1 F300 Z0.96
G1 F2400 E416.47457
G1 F10800 X114.512 Y113.72 E416.76981
G1 X114.584 Y113.625
G1 X117.361 Y116.402 E416.84818
G1 F2400 E416.04818
G1 F300 Z1.16
G0 F15000 X120.123 Y115.963
G1 F300 Z0.96
G1 F2400 E416.84818
G1 F10800 X124.542 Y99.47 E417.18892
G0 F15000 X125.257 Y100.401
G1 F10800 X122.569 Y101.122 E417.24446
G1 F2400 E416.44446
G1 F300 Z1.16
G0 F15000 X121.331 Y103.402
G1 F300 Z0.96
G1 F2400 E417.24446
G1 F10800 X128.08 Y110.15 E417.43492
G0 F15000 X128.044 Y109.583
G1 F10800 X125.417 Y119.385 E417.63743
G0 F15000 X125.734 Y118.908
G1 F10800 X122.545 Y119.763 E417.70332
G0 F15000 X122.03 Y121.072
G1 F10800 X123.215 Y122.257 E417.73676
G1 F2400 E416.93676
G1 F300 Z1.16
G0 F15000 X126.501 Y117.057
G1 F300 Z0.96
G1 F2400 E417.73676
G1 F10800 X102.94 Y93.496 E418.4017
G1 F2400 E417.6017
G1 F300 Z1.16
G0 F15000 X101.091 Y94.26
G1 F300 Z0.96
G1 F2400 E418.4017
G1 F10800 X100.235 Y97.456 E418.46773
G0 F15000 X98.926 Y97.967
G1 F10800 X97.739 Y96.78 E418.50123
G1 F2400 E417.70123
G1 F300 Z1.16
G0 F15000 X100.605 Y94.583
G1 F300 Z0.96
G1 F2400 E418.50123
G1 F10800 X110.423 Y91.953 E418.70407
G0 F15000 X109.847 Y91.918
G1 F10800 X116.596 Y98.666 E418.89453
G1 F2400 E418.09453
G1 F300 Z1.16
G0 F15000 X118.877 Y97.429
G1 F300 Z0.96
G1 F2400 E418.89453
G1 F10800 X119.597 Y94.742 E418.95004
G0 F15000 X120.53 Y95.456
G1 F10800 X104.038 Y99.875 E419.29076
G1 F2400 E418.49076
G1 F300 Z1.16
G0 F15000 X103.595 Y102.636
G1 F300 Z0.96
G1 F2400 E419.29076
G1 F10800 X106.373 Y105.414 E419.36917
G1 X106.281 Y105.486
G1 X91.987 Y109.316 E419.66448
G0 F15000 X92.139 Y108.151
G1 F10800 X99.935 Y115.947 E419.8845
G1 F2400 E419.0845
G1 F300 Z1.16
G0 F15000 X101.498 Y115.924
G1 F300 Z0.96
G1 F2400 E419.8845
G1 F10800 X107.861 Y92.179 E420.37508
G1 F2400 E419.57508
G1 F300 Z1.16
G0 F15000 X114.006 Y92.425
G1 F300 Z0.96
G1 F2400 E420.37508
G1 F10800 X110.847 Y104.214 E420.61864
G1 X110.968 Y104.23
G1 X116.485 Y102.752 E420.73262
G0 F15000 X117.247 Y103.513
G1 F10800 X115.767 Y109.035 E420.84671
G1 X115.782 Y109.152
G1 X127.57 Y105.993 E421.09025
G1 F2400 E420.29025
G1 F300 Z1.16
G0 F15000 X127.816 Y112.139
G1 F300 Z0.96
G1 F2400 E421.09025
G1 F10800 X104.076 Y118.5 E421.58072
G1 F2400 E420.78072
G1 F300 Z1.16
G0 F15000 X104.063 Y120.075
G1 F300 Z0.96
G1 F2400 E421.58072
G1 F10800 X111.844 Y127.856 E421.80031
G1 F2400 E421.00031
G1 F300 Z1.16
G0 F15000 X99.236 Y124.365
G1 F300 Z0.96
G1 F2400 E421.80031
G1 F10800 X99.756 Y122.424 E421.84041
G1 F2400 E421.04041
G1 F300 Z1.16
G0 F15000 X97.575 Y120.242
G1 F300 Z0.96
G1 F2400 E421.84041
G1 F10800 X95.632 Y120.762 E421.88055
G1 F2400 E421.08055
G1 F300 Z1.16
G0 F15000 X92.771 Y115.317
G1 F300 Z0.96
G1 F2400 E421.88055
G1 F10800 X104.568 Y112.156 E422.12428
G1 X104.524 Y112.05
G1 X94.055 Y101.582 E422.41972
G0 F15000 X93.605 Y102.671
G1 F10800 X97.519 Y101.622 E422.50059
G1 F2400 E421.70059
G1 F300 Z1.16
;MESH:NONMESH
G0 F15000 X100.87 Y104.083
;TIME_ELAPSED:738.403148
;LAYER:8
;MESH:vertMount_Cover_RPi_r01.stl
G0 Z1.28
;TYPE:WALL-INNER
G1 F300 Z1.08
G1 F2400 E422.50059
G1 F5400 X100.611 Y104.073 E422.50576
G1 X99.949 Y103.986 E422.51909
G1 X99.338 Y103.741 E422.53222
G1 X99.061 Y103.604 E422.53839
G1 X98.605 Y103.254 E422.54986
G1 X98.387 Y103.061 E422.55567
G1 X98.055 Y102.627 E422.56658
G1 X97.822 Y102.226 E422.57583
G1 X97.671 Y101.862 E422.5837
G1 X97.561 Y101.49 E422.59144
G1 X97.496 Y101.02 E422.60091
G1 X97.496 Y100.538 E422.61052
G1 X97.548 Y100.154 E422.61826
G1 X97.671 Y99.702 E422.62761
G1 X97.888 Y99.199 E422.63854
G1 X98.048 Y98.946 E422.64451
G1 X98.291 Y98.624 E422.65256
G1 X98.5 Y98.387 E422.65887
G1 X98.934 Y98.053 E422.6698
G1 X99.347 Y97.815 E422.67931
G1 X99.707 Y97.667 E422.68708
G1 X100.152 Y97.547 E422.69627
G1 X100.54 Y97.495 E422.70409
G1 X101.02 Y97.496 E422.71367
G1 X101.489 Y97.56 E422.72311
G1 X101.853 Y97.667 E422.73068
G1 X102.213 Y97.815 E422.73845
G1 X102.626 Y98.053 E422.74796
G1 X103.06 Y98.387 E422.75889
G1 X103.267 Y98.622 E422.76514
G1 X103.61 Y99.068 E422.77637
G1 X103.741 Y99.338 E422.78236
G1 X103.986 Y99.949 E422.7955
G1 X104.073 Y100.611 E422.80882
G1 X104.083 Y100.87 E422.81399
G1 X104.019 Y101.39 E422.82445
G1 X103.938 Y101.744 E422.83169
G1 X103.692 Y102.335 E422.84447
G1 X103.521 Y102.606 E422.85086
G1 X103.223 Y103.002 E422.86075
G1 X103.002 Y103.223 E422.86699
G1 X102.606 Y103.521 E422.87688
G1 X102.375 Y103.667 E422.88234
G1 X101.783 Y103.929 E422.89525
G1 X101.39 Y104.019 E422.9033
G1 X100.87 Y104.083 E422.91376
G0 F15000 X100.777 Y103.691
G1 F5400 X100.103 Y103.607 E422.92731
G1 X99.856 Y103.524 E422.93251
G1 X99.323 Y103.302 E422.94403
G1 X98.72 Y102.838 E422.95922
G1 X98.372 Y102.384 E422.97063
G1 X98.191 Y102.072 E422.97783
G1 X98.04 Y101.708 E422.98569
G1 X97.954 Y101.418 E422.99173
G1 X97.892 Y100.966 E423.00084
G1 X97.892 Y100.591 E423.00832
G1 X97.944 Y100.207 E423.01605
G1 X98.04 Y99.856 E423.02331
G1 X98.273 Y99.311 E423.03514
G1 X98.715 Y98.727 E423.04976
G1 X99.178 Y98.37 E423.06143
G1 X99.499 Y98.185 E423.06882
G1 X99.859 Y98.037 E423.07659
G1 X100.205 Y97.944 E423.08374
G1 X100.593 Y97.892 E423.09155
G1 X100.966 Y97.892 E423.09899
G1 X101.418 Y97.954 E423.1081
G1 X101.701 Y98.037 E423.11398
G1 X102.061 Y98.185 E423.12175
G1 X102.382 Y98.37 E423.12914
G1 X102.839 Y98.722 E423.14066
G1 X103.306 Y99.329 E423.15594
G1 X103.596 Y100.046 E423.17137
G1 X103.674 Y100.649 E423.18351
G1 X103.67 Y100.952 E423.18955
G1 X103.622 Y101.34 E423.19736
G1 X103.559 Y101.616 E423.20301
G1 X103.287 Y102.25 E423.21677
G1 X102.844 Y102.843 E423.23154
G1 X102.254 Y103.286 E423.24627
G1 X101.616 Y103.559 E423.26012
G1 X101.34 Y103.622 E423.26577
G1 X100.777 Y103.691 E423.27709
G0 F15000 X100.749 Y103.284
G1 F5400 X100.146 Y103.207 E423.28922
G1 X99.528 Y102.955 E423.30254
G1 X99.005 Y102.552 E423.31571
G1 X98.69 Y102.141 E423.32605
G1 X98.561 Y101.918 E423.33119
G1 X98.361 Y101.438 E423.34156
G1 X98.288 Y100.913 E423.35214
G1 X98.289 Y100.645 E423.35749
G1 X98.341 Y100.261 E423.36522
G1 X98.409 Y100.01 E423.37041
G1 X98.62 Y99.516 E423.38113
G1 X98.984 Y99.034 E423.39319
G1 X99.422 Y98.687 E423.40434
G1 X99.651 Y98.555 E423.40961
G1 X100.011 Y98.407 E423.41738
G1 X100.259 Y98.34 E423.42251
G1 X100.646 Y98.288 E423.4303
G1 X100.913 Y98.288 E423.43563
G1 X101.431 Y98.358 E423.44606
G1 X101.909 Y98.555 E423.45638
G1 X102.138 Y98.687 E423.46165
G1 X102.554 Y99.007 E423.47212
G1 X102.956 Y99.53 E423.48529
G1 X103.207 Y100.146 E423.49856
G1 X103.288 Y100.781 E423.51134
G1 X103.209 Y101.421 E423.52421
G1 X102.939 Y102.049 E423.53785
G1 X102.558 Y102.558 E423.55054
G1 X102.049 Y102.939 E423.56322
G1 X101.415 Y103.212 E423.577
G1 X100.749 Y103.284 E423.59037
G0 F15000 X100.781 Y102.885
G1 F5400 X100.249 Y102.819 E423.60107
G1 X99.733 Y102.601 E423.61224
G1 X99.294 Y102.264 E423.62329
G1 X98.961 Y101.838 E423.63408
G1 X98.748 Y101.328 E423.64511
G1 X98.674 Y100.779 E423.65616
G1 X98.748 Y100.235 E423.66712
G1 X98.967 Y99.72 E423.67829
G1 X99.295 Y99.295 E423.689
G1 X99.727 Y98.956 E423.69996
G1 X100.235 Y98.747 E423.71092
G1 X100.781 Y98.674 E423.72191
G1 X101.326 Y98.748 E423.73289
G1 X101.833 Y98.956 E423.74383
G1 X102.264 Y99.295 E423.75477
G1 X102.601 Y99.733 E423.7658
G1 X102.819 Y100.249 E423.77698
G1 X102.885 Y100.781 E423.78767
G1 X102.818 Y101.319 E423.79849
G1 X102.595 Y101.842 E423.80984
G1 X102.269 Y102.269 E423.82056
G1 X101.842 Y102.595 E423.83128
G1 X101.319 Y102.818 E423.84263
G1 X100.781 Y102.885 E423.85345
G1 F2400 E423.05345
G1 F300 Z1.28
G0 F15000 X110 Y115.788
G1 F300 Z1.08
G1 F2400 E423.85345
G1 F5400 X109.772 Y115.782 E423.858
G1 X108.608 Y115.634 E423.88141
G1 X108.355 Y115.558 E423.88669
G1 X107.071 Y115.021 E423.91446
G1 X106.014 Y114.207 E423.94108
G1 X105.793 Y113.986 E423.94732
G1 X104.978 Y112.925 E423.97402
G1 X104.443 Y111.656 E424.0015
G1 X104.362 Y111.387 E424.00711
G1 X104.204 Y110.128 E424.03243
G1 X104.214 Y109.772 E424.03954
G1 X104.362 Y108.611 E424.06289
G1 X104.437 Y108.357 E424.06818
G1 X104.969 Y107.095 E424.09551
G1 X105.793 Y106.014 E424.12264
G1 X106.014 Y105.793 E424.12887
G1 X107.095 Y104.969 E424.156
G1 X108.357 Y104.437 E424.18333
G1 X108.613 Y104.361 E424.18866
G1 X109.873 Y104.204 E424.214
G1 X110.229 Y104.214 E424.2211
G1 X111.389 Y104.362 E424.24444
G1 X111.656 Y104.443 E424.25001
G1 X112.808 Y104.929 E424.27496
G1 X113.09 Y105.105 E424.28159
G1 X113.986 Y105.793 E424.30414
G1 X114.207 Y106.014 E424.31038
G1 X115.021 Y107.071 E424.337
G1 X115.558 Y108.355 E424.36477
G1 X115.634 Y108.61 E424.37008
G1 X115.792 Y109.873 E424.39548
G1 X115.782 Y110.229 E424.40259
G1 X115.633 Y111.392 E424.42599
G1 X115.552 Y111.658 E424.43154
G1 X115.026 Y112.919 E424.45881
G1 X114.207 Y113.986 E424.48565
G1 X113.986 Y114.207 E424.49189
G1 X112.919 Y115.026 E424.51873
G1 X111.658 Y115.552 E424.54599
G1 X111.39 Y115.634 E424.55159
G1 X110.128 Y115.792 E424.57697
G1 X110 Y115.788 E424.57952
G0 F15000 X109.998 Y115.406
G1 F5400 X108.581 Y115.22 E424.60804
G1 X107.298 Y114.684 E424.63579
G1 X106.271 Y113.901 E424.66156
G1 X106.099 Y113.729 E424.66642
G1 X105.313 Y112.693 E424.69237
G1 X104.766 Y111.394 E424.7205
G1 X104.59 Y109.998 E424.74858
G1 X104.776 Y108.579 E424.77714
G1 X105.32 Y107.292 E424.80502
G1 X106.099 Y106.271 E424.83065
G1 X106.271 Y106.099 E424.8355
G1 X107.309 Y105.306 E424.86157
G1 X108.58 Y104.776 E424.88905
G1 X109.998 Y104.59 E424.91759
G1 X111.394 Y104.766 E424.94567
G1 X112.628 Y105.286 E424.97239
G1 X112.847 Y105.423 E424.97755
G1 X113.729 Y106.099 E424.99973
G1 X113.901 Y106.271 E425.00458
G1 X114.684 Y107.298 E425.03035
G1 X115.22 Y108.581 E425.0581
G1 X115.406 Y109.998 E425.08662
G1 X115.23 Y111.391 E425.11464
G1 X114.687 Y112.692 E425.14277
G1 X113.901 Y113.729 E425.16874
G1 X113.729 Y113.901 E425.17359
G1 X112.677 Y114.698 E425.19993
G1 X111.389 Y115.231 E425.22775
G1 X109.998 Y115.406 E425.25573
G0 F15000 X110 Y115.004
G1 F5400 X109.99 Y115.005 E425.25593
G1 X108.689 Y114.832 E425.28212
G1 X107.497 Y114.336 E425.30788
G1 X106.455 Y113.538 E425.33408
G1 X105.663 Y112.495 E425.36021
G1 X105.165 Y111.312 E425.38583
G1 X104.991 Y109.991 E425.41242
G1 X105.163 Y108.69 E425.4386
G1 X105.667 Y107.494 E425.4645
G1 X106.459 Y106.459 E425.49051
G1 X107.506 Y105.658 E425.51682
G1 X108.691 Y105.163 E425.54245
G1 X110 Y104.993 E425.56879
G1 X111.312 Y105.165 E425.5952
G1 X112.496 Y105.663 E425.62083
G1 X113.541 Y106.458 E425.64703
G1 X114.336 Y107.497 E425.67314
G1 X114.833 Y108.69 E425.69893
G1 X115.003 Y110 E425.72529
G1 X114.832 Y111.308 E425.75162
G1 X114.339 Y112.493 E425.77723
G1 X113.539 Y113.545 E425.8036
G1 X112.493 Y114.339 E425.82981
G1 X111.308 Y114.832 E425.85542
G1 X110 Y115.004 E425.88175
G0 F15000 X110 Y114.598
G1 F5400 X108.8 Y114.445 E425.90589
G1 X107.699 Y113.988 E425.92968
G1 X106.744 Y113.256 E425.95369
G1 X106.009 Y112.292 E425.97789
G1 X105.55 Y111.195 E426.00162
G1 X105.396 Y110.017 E426.02533
G1 X105.551 Y108.8 E426.04981
G1 X106.013 Y107.697 E426.07367
G1 X106.747 Y106.747 E426.09763
G1 X107.697 Y106.013 E426.12159
G1 X108.812 Y105.546 E426.14571
G1 X110.001 Y105.394 E426.16963
G1 X111.196 Y105.55 E426.19368
G1 X112.306 Y106.016 E426.21771
G1 X113.252 Y106.747 E426.24156
G1 X113.988 Y107.699 E426.26558
G1 X114.45 Y108.812 E426.28963
G1 X114.602 Y110.001 E426.31355
G1 X114.446 Y111.196 E426.3376
G1 X113.985 Y112.305 E426.36156
G1 X113.253 Y113.253 E426.38547
G1 X112.289 Y113.993 E426.40972
G1 X111.196 Y114.446 E426.43333
G1 X110.017 Y114.6 E426.45706
G1 X110 Y114.598 E426.4574
G1 F2400 E425.6574
G1 F300 Z1.28
G0 F15000 X118.992 Y122.502
G1 F300 Z1.08
G1 F2400 E426.4574
G1 F5400 X118.508 Y122.44 E426.46714
G1 X118.138 Y122.329 E426.47485
G1 X117.774 Y122.178 E426.48271
G1 X117.37 Y121.943 E426.49204
G1 X116.939 Y121.611 E426.50289
G1 X116.742 Y121.391 E426.50879
G1 X116.393 Y120.935 E426.52025
G1 X116.258 Y120.662 E426.52632
G1 X116.106 Y120.298 E426.5342
G1 X116.001 Y119.984 E426.5408
G1 X115.923 Y119.384 E426.55288
G1 X115.913 Y119.115 E426.55825
G1 X115.984 Y118.59 E426.56882
G1 X116.059 Y118.264 E426.5755
G1 X116.302 Y117.664 E426.58842
G1 X116.491 Y117.369 E426.59541
G1 X116.777 Y116.998 E426.60476
G1 X116.998 Y116.777 E426.61099
G1 X117.369 Y116.491 E426.62034
G1 X117.664 Y116.302 E426.62733
G1 X118.264 Y116.059 E426.64025
G1 X118.59 Y115.984 E426.64693
G1 X119.115 Y115.913 E426.6575
G1 X119.384 Y115.923 E426.66287
G1 X119.844 Y115.983 E426.67213
G1 X120.135 Y116.047 E426.67808
G1 X120.662 Y116.258 E426.6894
G1 X120.935 Y116.393 E426.69548
G1 X121.39 Y116.741 E426.70691
G1 X121.608 Y116.934 E426.71272
G1 X121.943 Y117.37 E426.7237
G1 X122.178 Y117.774 E426.73302
G1 X122.33 Y118.138 E426.74089
G1 X122.439 Y118.509 E426.74861
G1 X122.502 Y118.992 E426.75833
G1 X122.502 Y119.438 E426.76723
G1 X122.455 Y119.826 E426.77503
G1 X122.329 Y120.298 E426.78478
G1 X122.178 Y120.662 E426.79265
G1 X121.945 Y121.064 E426.80192
G1 X121.599 Y121.507 E426.81313
G1 X121.383 Y121.696 E426.81886
G1 X121.065 Y121.944 E426.82691
G1 X120.803 Y122.114 E426.83314
G1 X120.298 Y122.329 E426.8441
G1 X119.826 Y122.455 E426.85385
G1 X119.438 Y122.502 E426.86164
G1 X118.992 Y122.502 E426.87055
G0 F15000 X119.042 Y122.105
G1 F5400 X118.58 Y122.046 E426.87984
G1 X118.292 Y121.96 E426.88584
G1 X117.928 Y121.808 E426.89371
G1 X117.614 Y121.626 E426.90095
G1 X117.154 Y121.272 E426.91254
G1 X116.693 Y120.67 E426.92767
G1 X116.404 Y119.951 E426.94313
G1 X116.303 Y119.208 E426.9581
G1 X116.38 Y118.644 E426.96945
G1 X116.439 Y118.39 E426.97466
G1 X116.711 Y117.738 E426.98876
G1 X117.158 Y117.158 E427.00337
G1 X117.738 Y116.711 E427.01798
G1 X118.39 Y116.439 E427.03208
G1 X118.644 Y116.38 E427.03729
G1 X119.208 Y116.303 E427.04864
G1 X119.952 Y116.404 E427.06363
G1 X120.673 Y116.695 E427.07914
G1 X121.274 Y117.157 E427.09427
G1 X121.626 Y117.614 E427.10578
G1 X121.808 Y117.928 E427.11303
G1 X121.961 Y118.292 E427.12091
G1 X122.046 Y118.581 E427.12692
G1 X122.106 Y119.042 E427.1362
G1 X122.106 Y119.388 E427.1431
G1 X122.058 Y119.777 E427.15092
G1 X121.96 Y120.144 E427.1585
G1 X121.809 Y120.508 E427.16637
G1 X121.628 Y120.821 E427.17358
G1 X121.271 Y121.277 E427.18514
G1 X120.691 Y121.728 E427.1998
G1 X120.144 Y121.96 E427.21166
G1 X119.777 Y122.058 E427.21924
G1 X119.388 Y122.106 E427.22706
G1 X119.042 Y122.105 E427.23397
G0 F15000 X119.219 Y121.724
G1 F5400 X118.57 Y121.643 E427.24702
G1 X118.082 Y121.439 E427.25757
G1 X117.858 Y121.309 E427.26274
G1 X117.441 Y120.989 E427.27323
G1 X117.044 Y120.47 E427.28627
G1 X116.794 Y119.855 E427.29952
G1 X116.711 Y119.245 E427.3118
G1 X116.791 Y118.585 E427.32507
G1 X117.055 Y117.947 E427.33885
G1 X117.443 Y117.443 E427.35154
G1 X117.947 Y117.055 E427.36424
G1 X118.584 Y116.791 E427.378
G1 X119.251 Y116.71 E427.39141
G1 X119.855 Y116.794 E427.40357
G1 X120.476 Y117.046 E427.41695
G1 X120.984 Y117.448 E427.42988
G1 X121.309 Y117.858 E427.44032
G1 X121.439 Y118.082 E427.44549
G1 X121.641 Y118.565 E427.45593
G1 X121.725 Y119.212 E427.46895
G1 X121.661 Y119.727 E427.47931
G1 X121.591 Y119.99 E427.48474
G1 X121.439 Y120.354 E427.49261
G1 X121.306 Y120.583 E427.4979
G1 X120.984 Y120.984 E427.50816
G1 X120.491 Y121.379 E427.52077
G1 X119.99 Y121.591 E427.53162
G1 X119.727 Y121.661 E427.53706
G1 X119.219 Y121.724 E427.54727
G0 F15000 X119.215 Y121.321
G1 F5400 X118.673 Y121.253 E427.55817
G1 X118.162 Y121.039 E427.56923
G1 X117.732 Y120.701 E427.58014
G1 X117.395 Y120.272 E427.59103
G1 X117.186 Y119.753 E427.60219
G1 X117.11 Y119.216 E427.61302
G1 X117.183 Y118.679 E427.62383
G1 X117.401 Y118.153 E427.6352
G1 X117.731 Y117.731 E427.64589
G1 X118.153 Y117.401 E427.65658
G1 X118.679 Y117.183 E427.66794
G1 X119.214 Y117.11 E427.67871
G1 X119.753 Y117.182 E427.68957
G1 X120.266 Y117.399 E427.70068
G1 X120.701 Y117.731 E427.7116
G1 X121.039 Y118.162 E427.72253
G1 X121.253 Y118.673 E427.73359
G1 X121.321 Y119.215 E427.74449
G1 X121.254 Y119.76 E427.75545
G1 X121.037 Y120.278 E427.76666
G1 X120.701 Y120.701 E427.77744
G1 X120.279 Y121.035 E427.78818
G1 X119.761 Y121.254 E427.7994
G1 X119.215 Y121.321 E427.81038
G1 F2400 E427.01038
G1 F300 Z1.28
G0 F15000 X110 Y128.18
G1 F300 Z1.08
G1 F2400 E427.81038
G1 F5400 X114.71 Y127.562 E427.90518
G1 X119.087 Y125.747 E427.99974
G1 X122.856 Y122.856 E428.09453
G1 X125.747 Y119.088 E428.18931
G1 X127.558 Y114.71 E428.28385
G1 X128.18 Y110 E428.37866
G1 X127.558 Y105.286 E428.47355
G1 X125.747 Y100.908 E428.5681
G1 X122.856 Y97.14 E428.66288
G1 X119.088 Y94.249 E428.75765
G1 X114.71 Y92.438 E428.8522
G1 X110 Y91.816 E428.94701
G1 X105.286 Y92.438 E429.0419
G1 X100.908 Y94.249 E429.13645
G1 X97.14 Y97.14 E429.23122
G1 X94.248 Y100.909 E429.32603
G1 X92.434 Y105.286 E429.42058
G1 X91.816 Y110 E429.51546
G1 X92.434 Y114.71 E429.61026
G1 X94.248 Y119.087 E429.70481
G1 X97.14 Y122.856 E429.79961
G1 X100.908 Y125.747 E429.89439
G1 X105.286 Y127.562 E429.98897
G1 X110 Y128.18 E430.08385
G0 F15000 X110 Y128.584
G1 F5400 X114.814 Y127.952 E430.18074
G1 X119.289 Y126.097 E430.27741
G1 X123.141 Y123.141 E430.37431
G1 X126.096 Y119.29 E430.47118
G1 X127.948 Y114.814 E430.56784
G1 X128.583 Y110 E430.66475
G1 X127.948 Y105.182 E430.76173
G1 X126.096 Y100.706 E430.85839
G1 X123.141 Y96.855 E430.95526
G1 X119.29 Y93.899 E431.05214
G1 X114.814 Y92.048 E431.1488
G1 X110 Y91.413 E431.2457
G1 X105.182 Y92.048 E431.34268
G1 X100.706 Y93.899 E431.43934
G1 X96.855 Y96.855 E431.53622
G1 X93.899 Y100.707 E431.63312
G1 X92.044 Y105.182 E431.72979
G1 X91.412 Y110 E431.82676
G1 X92.044 Y114.814 E431.92366
G1 X93.899 Y119.289 E432.02033
G1 X96.855 Y123.141 E432.11723
G1 X100.707 Y126.097 E432.21412
G1 X105.182 Y127.951 E432.31079
G1 X110 Y128.584 E432.40776
G0 F15000 X110 Y128.987
G1 F5400 X114.918 Y128.341 E432.50675
G1 X119.491 Y126.446 E432.60553
G1 X123.426 Y123.426 E432.70452
G1 X126.446 Y119.491 E432.80351
G1 X128.337 Y114.919 E432.90224
G1 X128.987 Y110 E433.00126
G1 X128.337 Y105.077 E433.10036
G1 X126.446 Y100.505 E433.19909
G1 X123.426 Y96.57 E433.29808
G1 X119.491 Y93.55 E433.39707
G1 X114.919 Y91.659 E433.49581
G1 X110 Y91.009 E433.59482
G1 X105.077 Y91.659 E433.69392
G1 X100.505 Y93.55 E433.79265
G1 X96.569 Y96.569 E433.89165
G1 X93.55 Y100.505 E433.99064
G1 X91.655 Y105.077 E434.0894
G1 X91.009 Y110 E434.18849
G1 X91.655 Y114.918 E434.28748
G1 X93.55 Y119.491 E434.38626
G1 X96.569 Y123.427 E434.48525
G1 X100.505 Y126.446 E434.58425
G1 X105.077 Y128.341 E434.68301
G1 X110 Y128.987 E434.7821
G0 F15000 X110 Y129.39
G1 F5400 X115.023 Y128.731 E434.8832
G1 X119.693 Y126.795 E434.98408
G1 X123.712 Y123.712 E435.08517
G1 X126.795 Y119.693 E435.18625
G1 X128.727 Y115.023 E435.2871
G1 X129.39 Y110 E435.38821
G1 X128.727 Y104.973 E435.4894
G1 X126.795 Y100.303 E435.59026
G1 X123.712 Y96.284 E435.69134
G1 X119.693 Y93.201 E435.79242
G1 X115.023 Y91.269 E435.89328
G1 X110 Y90.606 E435.99439
G1 X104.973 Y91.269 E436.09558
G1 X100.303 Y93.201 E436.19643
G1 X96.284 Y96.284 E436.29751
G1 X93.2 Y100.303 E436.39861
G1 X91.265 Y104.973 E436.49949
G1 X90.606 Y110 E436.60067
G1 X91.265 Y115.023 E436.70176
G1 X93.2 Y119.693 E436.80264
G1 X96.284 Y123.712 E436.90374
G1 X100.303 Y126.795 E437.00482
G1 X104.973 Y128.731 E437.10571
G1 X110 Y129.39 E437.20688
G1 F2400 E436.40688
G1 F300 Z1.28
G0 F15000 X101.002 Y122.502
G1 F300 Z1.08
G1 F2400 E437.20688
G1 F5400 X100.557 Y122.502 E437.21577
G1 X100.172 Y122.455 E437.22351
G1 X99.708 Y122.332 E437.23308
G1 X99.195 Y122.113 E437.24422
G1 X98.932 Y121.945 E437.25044
G1 X98.496 Y121.605 E437.26148
G1 X98.291 Y121.372 E437.26767
G1 X98.055 Y121.064 E437.27541
G1 X97.823 Y120.662 E437.28468
G1 X97.671 Y120.298 E437.29255
G1 X97.547 Y119.844 E437.30194
G1 X97.495 Y119.456 E437.30975
G1 X97.496 Y118.974 E437.31937
G1 X97.561 Y118.508 E437.32876
G1 X97.671 Y118.138 E437.33646
G1 X97.822 Y117.774 E437.34433
G1 X98.048 Y117.382 E437.35336
G1 X98.382 Y116.941 E437.3644
G1 X98.605 Y116.742 E437.37036
G1 X99.071 Y116.389 E437.38203
G1 X99.338 Y116.258 E437.38796
G1 X99.946 Y116.015 E437.40103
G1 X100.612 Y115.923 E437.41445
G1 X100.884 Y115.913 E437.41988
G1 X101.408 Y115.983 E437.43043
G1 X101.742 Y116.061 E437.43727
G1 X102.332 Y116.302 E437.44999
G1 X102.619 Y116.484 E437.45677
G1 X103.002 Y116.777 E437.4664
G1 X103.223 Y116.998 E437.47263
G1 X103.515 Y117.38 E437.48223
G1 X103.668 Y117.622 E437.48794
G1 X103.93 Y118.221 E437.50099
G1 X104.019 Y118.608 E437.50892
G1 X104.083 Y119.122 E437.51925
G1 X104.073 Y119.385 E437.5245
G1 X103.999 Y119.951 E437.5359
G1 X103.936 Y120.197 E437.54096
G1 X103.68 Y120.81 E437.55422
G1 X103.501 Y121.075 E437.5606
G1 X103.168 Y121.501 E437.57139
G1 X102.947 Y121.696 E437.57727
G1 X102.639 Y121.936 E437.58507
G1 X102.226 Y122.178 E437.59462
G1 X101.862 Y122.329 E437.60248
G1 X101.489 Y122.44 E437.61025
G1 X101.002 Y122.502 E437.62005
G0 F15000 X100.953 Y122.106
G1 F5400 X100.606 Y122.106 E437.62697
G1 X100.222 Y122.058 E437.63469
G1 X99.861 Y121.962 E437.64215
G1 X99.299 Y121.724 E437.65433
G1 X98.718 Y121.272 E437.66902
G1 X98.372 Y120.82 E437.68038
G1 X98.192 Y120.508 E437.68757
G1 X98.04 Y120.144 E437.69544
G1 X97.944 Y119.791 E437.70274
G1 X97.892 Y119.403 E437.71055
G1 X97.892 Y119.028 E437.71803
G1 X97.954 Y118.58 E437.72706
G1 X98.04 Y118.292 E437.73306
G1 X98.191 Y117.928 E437.74092
G1 X98.367 Y117.623 E437.74795
G1 X98.719 Y117.158 E437.75959
G1 X99.33 Y116.694 E437.7749
G1 X99.856 Y116.476 E437.78626
G1 X100.097 Y116.395 E437.79133
G1 X100.781 Y116.303 E437.80511
G1 X101.355 Y116.38 E437.81666
G1 X101.615 Y116.44 E437.82199
G1 X102.256 Y116.711 E437.83588
G1 X102.843 Y117.157 E437.85059
G1 X103.284 Y117.738 E437.86515
G1 X103.561 Y118.389 E437.87926
G1 X103.622 Y118.658 E437.88477
G1 X103.691 Y119.211 E437.89589
G1 X103.598 Y119.949 E437.91073
G1 X103.327 Y120.619 E437.92516
G1 X103.185 Y120.829 E437.93022
G1 X102.835 Y121.277 E437.94156
G1 X102.393 Y121.621 E437.95274
G1 X102.072 Y121.808 E437.96015
G1 X101.708 Y121.96 E437.96802
G1 X101.418 Y122.046 E437.97406
G1 X100.953 Y122.106 E437.98342
G0 F15000 X100.78 Y121.725
G1 F5400 X100.272 Y121.661 E437.99363
G1 X100.014 Y121.593 E437.99896
G1 X99.502 Y121.376 E438.01006
G1 X98.986 Y120.963 E438.02325
G1 X98.69 Y120.577 E438.03295
G1 X98.561 Y120.354 E438.03809
G1 X98.409 Y119.99 E438.04597
G1 X98.34 Y119.737 E438.0512
G1 X98.288 Y119.35 E438.05899
G1 X98.288 Y119.081 E438.06436
G1 X98.361 Y118.562 E438.07482
G1 X98.561 Y118.082 E438.0852
G1 X98.686 Y117.864 E438.09021
G1 X99.006 Y117.441 E438.1008
G1 X99.533 Y117.043 E438.11397
G1 X100.144 Y116.794 E438.12714
G1 X100.784 Y116.707 E438.14003
G1 X101.42 Y116.792 E438.15284
G1 X102.051 Y117.057 E438.16649
G1 X102.558 Y117.443 E438.17921
G1 X102.94 Y117.946 E438.19181
G1 X103.212 Y118.59 E438.20577
G1 X103.284 Y119.246 E438.21894
G1 X103.207 Y119.852 E438.23113
G1 X102.954 Y120.475 E438.24454
G1 X102.576 Y120.96 E438.25682
G1 X102.147 Y121.305 E438.2678
G1 X101.918 Y121.439 E438.2731
G1 X101.431 Y121.642 E438.28363
G1 X100.78 Y121.725 E438.29672
G0 F15000 X100.78 Y121.321
G1 F5400 X100.24 Y121.254 E438.30758
G1 X99.715 Y121.034 E438.31894
G1 X99.295 Y120.701 E438.32964
G1 X98.962 Y120.277 E438.3404
G1 X98.748 Y119.763 E438.35151
G1 X98.674 Y119.215 E438.36254
G1 X98.748 Y118.671 E438.3735
G1 X98.96 Y118.164 E438.38447
G1 X99.293 Y117.733 E438.39533
G1 X99.735 Y117.398 E438.4064
G1 X100.246 Y117.182 E438.41747
G1 X100.781 Y117.11 E438.42825
G1 X101.322 Y117.183 E438.43914
G1 X101.845 Y117.403 E438.45046
G1 X102.272 Y117.728 E438.46117
G1 X102.594 Y118.152 E438.4718
G1 X102.818 Y118.681 E438.48326
G1 X102.885 Y119.214 E438.49398
G1 X102.819 Y119.75 E438.50476
G1 X102.601 Y120.268 E438.51597
G1 X102.266 Y120.7 E438.52688
G1 X101.84 Y121.038 E438.53774
G1 X101.327 Y121.252 E438.54883
G1 X100.78 Y121.321 E438.55983
G1 F2400 E437.75983
G1 F300 Z1.28
G0 F15000 X119.122 Y104.083
G1 F300 Z1.08
G1 F2400 E438.55983
G1 F5400 X118.608 Y104.019 E438.57017
G1 X118.263 Y103.94 E438.57723
G1 X117.662 Y103.693 E438.5902
G1 X117.38 Y103.514 E438.59686
G1 X116.998 Y103.223 E438.60645
G1 X116.777 Y103.002 E438.61268
G1 X116.484 Y102.618 E438.62232
G1 X116.327 Y102.371 E438.62816
G1 X116.072 Y101.783 E438.64095
G1 X115.983 Y101.408 E438.64864
G1 X115.913 Y100.884 E438.65919
G1 X115.923 Y100.612 E438.66463
G1 X116.015 Y99.945 E438.67806
G1 X116.259 Y99.338 E438.69112
G1 X116.388 Y99.073 E438.697
G1 X116.741 Y98.606 E438.70868
G1 X116.939 Y98.385 E438.7146
G1 X117.37 Y98.053 E438.72546
G1 X117.783 Y97.815 E438.73497
G1 X118.143 Y97.667 E438.74274
G1 X118.507 Y97.56 E438.75031
G1 X118.976 Y97.495 E438.75976
G1 X119.456 Y97.495 E438.76934
G1 X119.844 Y97.547 E438.77715
G1 X120.289 Y97.667 E438.78635
G1 X120.649 Y97.814 E438.79411
G1 X121.062 Y98.053 E438.80363
G1 X121.502 Y98.391 E438.8147
G1 X121.704 Y98.621 E438.82081
G1 X121.944 Y98.933 E438.82867
G1 X122.113 Y99.197 E438.83492
G1 X122.329 Y99.702 E438.84588
G1 X122.455 Y100.172 E438.8556
G1 X122.502 Y100.557 E438.86334
G1 X122.502 Y101.002 E438.87222
G1 X122.44 Y101.489 E438.88201
G1 X122.33 Y101.862 E438.88977
G1 X122.178 Y102.226 E438.89765
G1 X121.936 Y102.639 E438.9072
G1 X121.602 Y103.068 E438.91805
G1 X121.383 Y103.26 E438.92386
G1 X120.943 Y103.603 E438.93499
G1 X120.662 Y103.742 E438.94125
G1 X120.054 Y103.985 E438.95432
G1 X119.385 Y104.073 E438.96778
G1 X119.122 Y104.083 E438.97303
G0 F15000 X119.347 Y103.674
G1 F5400 X119.042 Y103.67 E438.97912
G1 X118.658 Y103.622 E438.98684
G1 X118.389 Y103.561 E438.99235
G1 X117.738 Y103.284 E439.00647
G1 X117.157 Y102.843 E439.02102
G1 X116.711 Y102.256 E439.03573
G1 X116.441 Y101.615 E439.04962
G1 X116.38 Y101.355 E439.05494
G1 X116.304 Y100.789 E439.06634
G1 X116.394 Y100.098 E439.08025
G1 X116.476 Y99.856 E439.08535
G1 X116.696 Y99.329 E439.09674
G1 X117.153 Y98.725 E439.11186
G1 X117.614 Y98.37 E439.12347
G1 X117.935 Y98.185 E439.13086
G1 X118.295 Y98.037 E439.13863
G1 X118.578 Y97.954 E439.14452
G1 X119.03 Y97.892 E439.15362
G1 X119.403 Y97.892 E439.16106
G1 X119.791 Y97.943 E439.16887
G1 X120.137 Y98.037 E439.17603
G1 X120.497 Y98.184 E439.18379
G1 X120.818 Y98.37 E439.19119
G1 X121.275 Y98.721 E439.20269
G1 X121.725 Y99.305 E439.2174
G1 X121.96 Y99.856 E439.22936
G1 X122.058 Y100.222 E439.23692
G1 X122.106 Y100.606 E439.24464
G1 X122.106 Y100.953 E439.25157
G1 X122.047 Y101.418 E439.26092
G1 X121.961 Y101.708 E439.26696
G1 X121.808 Y102.072 E439.27484
G1 X121.621 Y102.393 E439.28225
G1 X121.276 Y102.837 E439.29347
G1 X120.676 Y103.304 E439.30864
G1 X119.953 Y103.596 E439.32421
G1 X119.347 Y103.674 E439.3364
G0 F15000 X119.214 Y103.288
G1 F5400 X118.583 Y103.21 E439.34909
G1 X117.95 Y102.941 E439.36281
G1 X117.438 Y102.554 E439.37562
G1 X117.057 Y102.05 E439.38823
G1 X116.792 Y101.421 E439.40185
G1 X116.707 Y100.784 E439.41467
G1 X116.794 Y100.144 E439.42756
G1 X117.043 Y99.532 E439.44075
G1 X117.441 Y99.007 E439.4539
G1 X117.858 Y98.687 E439.46439
G1 X118.087 Y98.555 E439.46966
G1 X118.565 Y98.358 E439.47998
G1 X119.083 Y98.288 E439.49041
G1 X119.35 Y98.288 E439.49574
G1 X119.737 Y98.34 E439.50353
G1 X119.985 Y98.407 E439.50866
G1 X120.345 Y98.554 E439.51642
G1 X120.574 Y98.687 E439.5217
G1 X121.011 Y99.033 E439.53282
G1 X121.382 Y99.516 E439.54498
G1 X121.591 Y100.01 E439.55568
G1 X121.661 Y100.272 E439.56109
G1 X121.725 Y100.78 E439.57131
G1 X121.642 Y101.431 E439.58441
G1 X121.439 Y101.918 E439.59494
G1 X121.305 Y102.147 E439.60023
G1 X120.982 Y102.549 E439.61052
G1 X120.48 Y102.951 E439.62336
G1 X119.853 Y103.207 E439.63687
G1 X119.214 Y103.288 E439.64973
G0 F15000 X119.217 Y102.886
G1 F5400 X118.681 Y102.818 E439.66051
G1 X118.152 Y102.594 E439.67197
G1 X117.724 Y102.269 E439.6827
G1 X117.401 Y101.841 E439.6934
G1 X117.182 Y101.319 E439.7047
G1 X117.116 Y100.787 E439.71539
G1 X117.181 Y100.249 E439.72621
G1 X117.398 Y99.735 E439.73734
G1 X117.722 Y99.296 E439.74823
G1 X118.166 Y98.955 E439.7594
G1 X118.67 Y98.748 E439.77028
G1 X119.216 Y98.674 E439.78127
G1 X119.76 Y98.747 E439.79222
G1 X120.266 Y98.954 E439.80313
G1 X120.701 Y99.295 E439.81417
G1 X121.035 Y99.72 E439.82495
G1 X121.254 Y100.24 E439.83621
G1 X121.321 Y100.78 E439.84707
G1 X121.252 Y101.327 E439.85807
G1 X121.038 Y101.84 E439.86917
G1 X120.7 Y102.266 E439.88002
G1 X120.273 Y102.604 E439.89089
G1 X119.753 Y102.814 E439.90208
G1 X119.217 Y102.886 E439.91287
G0 F15000 X119.235 Y102.48
;TYPE:WALL-OUTER
G1 F5400 X118.778 Y102.428 E439.92205
G1 X118.385 Y102.261 E439.93057
G1 X118.002 Y101.973 E439.94013
G1 X117.735 Y101.61 E439.94913
G1 X117.578 Y101.232 E439.95729
G1 X117.516 Y100.761 E439.96677
G1 X117.576 Y100.336 E439.97534
G1 X117.746 Y99.933 E439.98407
G1 X118.014 Y99.578 E439.99294
G1 X118.368 Y99.304 E440.00188
G1 X118.801 Y99.133 E440.01117
G1 X119.216 Y99.077 E440.01953
G1 X119.631 Y99.133 E440.02788
G1 X120.041 Y99.294 E440.03667
G1 X120.418 Y99.578 E440.04609
G1 X120.694 Y99.939 E440.05516
G1 X120.864 Y100.343 E440.06391
G1 X120.915 Y100.755 E440.07219
G1 X120.865 Y101.204 E440.08121
G1 X120.701 Y101.61 E440.08995
G1 X120.418 Y101.982 E440.09927
G1 X120.068 Y102.254 E440.10812
G1 X119.663 Y102.424 E440.11688
G1 X119.235 Y102.48 E440.1255
G1 F2400 E439.3255
G1 F300 Z1.28
G0 F15000 X110 Y114.194
G1 F300 Z1.08
G1 F2400 E440.1255
G1 F5400 X108.896 Y114.053 E440.14771
G1 X107.908 Y113.643 E440.16906
G1 X107.018 Y112.957 E440.19148
G1 X106.366 Y112.103 E440.21292
G1 X105.944 Y111.102 E440.2346
G1 X105.8 Y110.015 E440.25648
G1 X105.943 Y108.896 E440.27899
G1 X106.367 Y107.891 E440.30076
G1 X107.043 Y107.018 E440.3228
G1 X107.891 Y106.367 E440.34413
G1 X108.896 Y105.943 E440.3659
G1 X109.985 Y105.8 E440.38782
G1 X111.085 Y105.936 E440.40994
G1 X112.103 Y106.366 E440.43199
G1 X112.982 Y107.043 E440.45413
G1 X113.643 Y107.908 E440.47586
G1 X114.053 Y108.896 E440.4972
G1 X114.196 Y109.985 E440.51912
G1 X114.052 Y111.102 E440.5416
G1 X113.634 Y112.103 E440.56324
G1 X112.957 Y112.982 E440.58539
G1 X112.103 Y113.634 E440.60683
G1 X111.102 Y114.052 E440.62848
G1 X110.015 Y114.196 E440.65036
G1 X110 Y114.194 E440.65066
G1 F2400 E439.85066
G1 F300 Z1.28
G0 F15000 X119.191 Y120.915
G1 F300 Z1.08
G1 F2400 E440.65066
G1 F5400 X118.796 Y120.865 E440.6586
G1 X118.39 Y120.701 E440.66734
G1 X118.014 Y120.418 E440.67673
G1 X117.746 Y120.068 E440.68553
G1 X117.576 Y119.663 E440.6943
G1 X117.516 Y119.235 E440.70292
G1 X117.578 Y118.768 E440.71232
G1 X117.742 Y118.37 E440.72091
G1 X118.027 Y118.002 E440.7302
G1 X118.37 Y117.742 E440.73879
G1 X118.768 Y117.578 E440.74738
G1 X119.235 Y117.516 E440.75678
G1 X119.663 Y117.576 E440.76541
G1 X120.068 Y117.746 E440.77417
G1 X120.418 Y118.014 E440.78297
G1 X120.701 Y118.39 E440.79236
G1 X120.864 Y118.779 E440.80078
G1 X120.915 Y119.191 E440.80906
G1 X120.864 Y119.655 E440.81838
G1 X120.701 Y120.046 E440.82683
G1 X120.418 Y120.418 E440.83616
G1 X120.061 Y120.694 E440.84516
G1 X119.656 Y120.864 E440.85393
G1 X119.191 Y120.915 E440.86326
G1 F2400 E440.06326
G1 F300 Z1.28
G0 F15000 X110 Y129.794
G1 F300 Z1.08
G1 F2400 E440.86326
G1 F5400 X115.127 Y129.121 E440.96646
G1 X119.895 Y127.145 E441.06946
G1 X123.997 Y123.997 E441.17264
G1 X127.145 Y119.895 E441.27583
G1 X129.117 Y115.127 E441.3788
G1 X129.794 Y110 E441.482
G1 X129.117 Y104.869 E441.58528
G1 X127.145 Y100.101 E441.68825
G1 X123.997 Y95.999 E441.79144
G1 X119.895 Y92.851 E441.89462
G1 X115.127 Y90.879 E441.99759
G1 X110 Y90.202 E442.1008
G1 X104.869 Y90.879 E442.20408
G1 X100.101 Y92.851 E442.30704
G1 X95.999 Y95.999 E442.41023
G1 X92.851 Y100.101 E442.51342
G1 X90.875 Y104.869 E442.61642
G1 X90.202 Y110 E442.71969
G1 X90.875 Y115.127 E442.82288
G1 X92.851 Y119.895 E442.92588
G1 X95.999 Y123.997 E443.02907
G1 X100.101 Y127.145 E443.13225
G1 X104.869 Y129.121 E443.23525
G1 X110 Y129.794 E443.33852
G1 F2400 E442.53852
G1 F300 Z1.28
G0 F15000 X100.755 Y120.915
G1 F300 Z1.08
G1 F2400 E443.33852
G1 F5400 X100.345 Y120.864 E443.34677
G1 X99.935 Y120.694 E443.35563
G1 X99.578 Y120.418 E443.36463
G1 X99.299 Y120.046 E443.37391
G1 X99.133 Y119.631 E443.38283
G1 X99.077 Y119.216 E443.39119
G1 X99.135 Y118.796 E443.39965
G1 X99.299 Y118.39 E443.40839
G1 X99.577 Y118.015 E443.4177
G1 X99.933 Y117.746 E443.42661
G1 X100.336 Y117.576 E443.43534
G1 X100.761 Y117.516 E443.4439
G1 X101.232 Y117.578 E443.45338
G1 X101.626 Y117.743 E443.46191
G1 X101.998 Y118.027 E443.47125
G1 X102.261 Y118.385 E443.48011
G1 X102.422 Y118.768 E443.4884
G1 X102.48 Y119.235 E443.49779
G1 X102.424 Y119.663 E443.50641
G1 X102.254 Y120.068 E443.51517
G1 X101.982 Y120.418 E443.52402
G1 X101.61 Y120.701 E443.53335
G1 X101.219 Y120.864 E443.5418
G1 X100.755 Y120.915 E443.55111
G1 F2400 E442.75111
G1 F300 Z1.28
G0 F15000 X100.761 Y102.48
G1 F300 Z1.08
G1 F2400 E443.55111
G1 F5400 X100.336 Y102.424 E443.55967
G1 X99.932 Y102.254 E443.56842
G1 X99.578 Y101.982 E443.57733
G1 X99.299 Y101.61 E443.58661
G1 X99.133 Y101.195 E443.59552
G1 X99.077 Y100.78 E443.60388
G1 X99.137 Y100.343 E443.61268
G1 X99.306 Y99.939 E443.62142
G1 X99.578 Y99.578 E443.63044
G1 X99.932 Y99.304 E443.63938
G1 X100.365 Y99.133 E443.64867
G1 X100.78 Y99.077 E443.65702
G1 X101.204 Y99.135 E443.66556
G1 X101.629 Y99.304 E443.67469
G1 X101.982 Y99.578 E443.68361
G1 X102.254 Y99.932 E443.69252
G1 X102.424 Y100.336 E443.70127
G1 X102.48 Y100.761 E443.70982
G1 X102.422 Y101.232 E443.71929
G1 X102.253 Y101.626 E443.72785
G1 X101.973 Y101.998 E443.73714
G1 X101.626 Y102.253 E443.74573
G1 X101.232 Y102.422 E443.75429
G1 X100.761 Y102.48 E443.76376
G1 F2400 E442.96376
G1 F300 Z1.28
G0 F15000 X98.573 Y103.33
;TYPE:FILL
G1 F300 Z1.08
G1 F2400 E443.76376
G1 F10800 X94.35 Y119.09 E444.08936
G0 F15000 X94.068 Y118.445
G1 F10800 X101.551 Y125.928 E444.30055
G0 F15000 X100.909 Y125.648
G1 F10800 X116.668 Y121.426 E444.62612
G1 F2400 E443.82612
G1 F300 Z1.28
G0 F15000 X118.294 Y122.458
G1 F300 Z1.08
G1 F2400 E444.62612
G1 F10800 X117.23 Y126.431 E444.7082
G0 F15000 X118.498 Y125.905
G1 F10800 X108.156 Y115.562 E445.00009
G0 F15000 X107.762 Y115.4
G1 F10800 X104.603 Y127.192 E445.24371
G1 F2400 E444.44371
G1 F300 Z1.28
G0 F15000 X110.592 Y128.022
G1 F300 Z1.08
G1 F2400 E445.24371
G1 F10800 X114.377 Y113.896 E445.53556
G0 F15000 X114.636 Y113.557
G1 F10800 X117.433 Y116.354 E445.61449
G1 F2400 E444.81449
G1 F300 Z1.28
G0 F15000 X120.042 Y115.936
G1 F300 Z1.08
G1 F2400 E445.61449
G1 F10800 X124.477 Y99.385 E445.95644
G0 F15000 X125.314 Y100.474
G1 F10800 X122.557 Y101.213 E446.0134
G1 F2400 E445.2134
G1 F300 Z1.28
G0 F15000 X121.399 Y103.349
G1 F300 Z1.08
G1 F2400 E446.0134
G1 F10800 X128.093 Y110.043 E446.20232
G0 F15000 X128.015 Y109.363
G1 F10800 X125.282 Y119.561 E446.41301
G0 F15000 X125.693 Y119.007
G1 F10800 X122.529 Y119.855 E446.47838
G0 F15000 X122.075 Y120.996
G1 F10800 X123.268 Y122.189 E446.51205
G1 F2400 E445.71205
G1 F300 Z1.28
G0 F15000 X126.536 Y116.972
G1 F300 Z1.08
G1 F2400 E446.51205
G1 F10800 X103.025 Y93.46 E447.1756
G1 F2400 E446.3756
G1 F300 Z1.28
G0 F15000 X100.992 Y94.301
G1 F300 Z1.08
G1 F2400 E447.1756
G1 F10800 X100.143 Y97.469 E447.24105
G0 F15000 X99.002 Y97.923
G1 F10800 X97.807 Y96.728 E447.27477
G1 F2400 E446.47477
G1 F300 Z1.28
G0 F15000 X100.428 Y94.719
G1 F300 Z1.08
G1 F2400 E447.27477
G1 F10800 X110.643 Y91.982 E447.48582
G0 F15000 X109.953 Y91.903
G1 F10800 X116.647 Y98.598 E447.67475
G1 F2400 E446.87475
G1 F300 Z1.28
G0 F15000 X118.786 Y97.441
G1 F300 Z1.08
G1 F2400 E447.67475
G1 F10800 X119.524 Y94.686 E447.73167
G0 F15000 X120.615 Y95.521
G1 F10800 X104.059 Y99.958 E448.07372
G1 F2400 E447.27372
G1 F300 Z1.28
G0 F15000 X103.641 Y102.562
G1 F300 Z1.08
G1 F2400 E448.07372
G1 F10800 X106.441 Y105.362 E448.15274
G0 F15000 X106.106 Y105.621
G1 F10800 X91.976 Y109.407 E448.44467
G0 F15000 X92.153 Y108.045
G1 F10800 X100.032 Y115.923 E448.66701
G0 F15000 X101.416 Y115.904
G1 F10800 X107.769 Y92.191 E449.15692
G1 F2400 E448.35692
G1 F300 Z1.28
G0 F15000 X113.921 Y92.414
G1 F300 Z1.08
G1 F2400 E449.15692
G1 F10800 X110.762 Y104.204 E449.4005
G0 F15000 X111.192 Y104.258
G1 F10800 X116.541 Y102.825 E449.51101
G0 F15000 X117.174 Y103.458
G1 F10800 X115.739 Y108.811 E449.62161
G0 F15000 X115.793 Y109.237
G1 F10800 X127.581 Y106.078 E449.86515
G1 F2400 E449.06515
G1 F300 Z1.28
G0 F15000 X127.804 Y112.23
G1 F300 Z1.08
G1 F2400 E449.86515
G1 F10800 X104.094 Y118.583 E450.355
G0 F15000 X104.076 Y119.968
G1 F10800 X111.951 Y127.842 E450.57724
G1 F2400 E449.77724
G1 F300 Z1.28
G0 F15000 X99.163 Y124.309
G1 F300 Z1.08
G1 F2400 E450.57724
G1 F10800 X99.674 Y122.402 E450.61664
G1 F2400 E449.81664
G1 F300 Z1.28
G0 F15000 X97.597 Y120.324
G1 F300 Z1.08
G1 F2400 E450.61664
G1 F10800 X95.688 Y120.835 E450.65607
G1 F2400 E449.85607
G1 F300 Z1.28
G0 F15000 X92.805 Y115.396
G1 F300 Z1.08
G1 F2400 E450.65607
G1 F10800 X104.602 Y112.235 E450.8998
G0 F15000 X104.436 Y111.842
G1 F10800 X94.09 Y101.497 E451.19177
G0 F15000 X93.564 Y102.77
G1 F10800 X97.543 Y101.704 E451.27398
G1 F2400 E450.47398
G1 F300 Z1.28
;MESH:NONMESH
G0 F15000 X100.87 Y104.083
;TIME_ELAPSED:785.194880
;LAYER:9
;MESH:vertMount_Cover_RPi_r01.stl
G0 Z1.4
;TYPE:WALL-INNER
G1 F300 Z1.2
G1 F2400 E451.27398
G1 F5400 X100.611 Y104.073 E451.27915
G1 X99.949 Y103.986 E451.29247
G1 X99.338 Y103.741 E451.30561
G1 X99.061 Y103.604 E451.31178
G1 X98.605 Y103.254 E451.32325
G1 X98.387 Y103.061 E451.32906
G1 X98.055 Y102.627 E451.33997
G1 X97.822 Y102.226 E451.34922
G1 X97.671 Y101.862 E451.35708
G1 X97.561 Y101.49 E451.36483
G1 X97.496 Y101.02 E451.37429
G1 X97.496 Y100.538 E451.38391
G1 X97.548 Y100.154 E451.39165
G1 X97.671 Y99.702 E451.40099
G1 X97.888 Y99.199 E451.41193
G1 X98.048 Y98.946 E451.4179
G1 X98.291 Y98.624 E451.42595
G1 X98.5 Y98.387 E451.43226
G1 X98.934 Y98.053 E451.44319
G1 X99.347 Y97.815 E451.4527
G1 X99.707 Y97.667 E451.46047
G1 X100.152 Y97.547 E451.46966
G1 X100.54 Y97.495 E451.47748
G1 X101.02 Y97.496 E451.48705
G1 X101.489 Y97.56 E451.4965
G1 X101.853 Y97.667 E451.50407
G1 X102.213 Y97.815 E451.51184
G1 X102.626 Y98.053 E451.52135
G1 X103.06 Y98.387 E451.53228
G1 X103.267 Y98.622 E451.53853
G1 X103.61 Y99.068 E451.54976
G1 X103.741 Y99.338 E451.55575
G1 X103.986 Y99.949 E451.56888
G1 X104.073 Y100.611 E451.58221
G1 X104.083 Y100.87 E451.58738
G1 X104.019 Y101.39 E451.59784
G1 X103.938 Y101.744 E451.60508
G1 X103.692 Y102.335 E451.61786
G1 X103.521 Y102.606 E451.62425
G1 X103.223 Y103.002 E451.63414
G1 X103.002 Y103.223 E451.64038
G1 X102.606 Y103.521 E451.65027
G1 X102.375 Y103.667 E451.65572
G1 X101.783 Y103.929 E451.66864
G1 X101.39 Y104.019 E451.67669
G1 X100.87 Y104.083 E451.68715
G0 F15000 X100.772 Y103.692
G1 F5400 X100.045 Y103.595 E451.70178
G1 X99.33 Y103.307 E451.71716
G1 X98.72 Y102.838 E451.73252
G1 X98.372 Y102.384 E451.74394
G1 X98.191 Y102.072 E451.75113
G1 X98.04 Y101.708 E451.759
G1 X97.954 Y101.418 E451.76503
G1 X97.892 Y100.966 E451.77414
G1 X97.892 Y100.591 E451.78162
G1 X97.944 Y100.207 E451.78936
G1 X98.04 Y99.856 E451.79662
G1 X98.273 Y99.311 E451.80845
G1 X98.715 Y98.727 E451.82306
G1 X99.178 Y98.37 E451.83473
G1 X99.499 Y98.185 E451.84212
G1 X99.859 Y98.037 E451.84989
G1 X100.205 Y97.944 E451.85704
G1 X100.593 Y97.892 E451.86485
G1 X100.966 Y97.892 E451.8723
G1 X101.418 Y97.954 E451.8814
G1 X101.701 Y98.037 E451.88729
G1 X102.061 Y98.185 E451.89505
G1 X102.382 Y98.37 E451.90245
G1 X102.839 Y98.722 E451.91396
G1 X103.306 Y99.329 E451.92924
G1 X103.596 Y100.046 E451.94468
G1 X103.674 Y100.649 E451.95681
G1 X103.67 Y100.952 E451.96286
G1 X103.622 Y101.34 E451.97066
G1 X103.559 Y101.616 E451.97631
G1 X103.287 Y102.25 E451.99008
G1 X102.844 Y102.843 E452.00485
G1 X102.254 Y103.286 E452.01957
G1 X101.616 Y103.559 E452.03342
G1 X101.34 Y103.622 E452.03907
G1 X100.772 Y103.692 E452.05049
G0 F15000 X100.749 Y103.284
G1 F5400 X100.146 Y103.207 E452.06262
G1 X99.528 Y102.955 E452.07594
G1 X99.005 Y102.552 E452.08912
G1 X98.69 Y102.141 E452.09945
G1 X98.561 Y101.918 E452.10459
G1 X98.361 Y101.438 E452.11497
G1 X98.288 Y100.913 E452.12555
G1 X98.289 Y100.645 E452.13089
G1 X98.341 Y100.261 E452.13863
G1 X98.409 Y100.01 E452.14382
G1 X98.62 Y99.516 E452.15454
G1 X98.984 Y99.034 E452.16659
G1 X99.422 Y98.687 E452.17774
G1 X99.651 Y98.555 E452.18302
G1 X100.011 Y98.407 E452.19078
G1 X100.259 Y98.34 E452.19591
G1 X100.646 Y98.288 E452.2037
G1 X100.913 Y98.288 E452.20903
G1 X101.431 Y98.358 E452.21946
G1 X101.909 Y98.555 E452.22978
G1 X102.138 Y98.687 E452.23506
G1 X102.554 Y99.007 E452.24553
G1 X102.956 Y99.53 E452.25869
G1 X103.207 Y100.146 E452.27197
G1 X103.288 Y100.781 E452.28474
G1 X103.209 Y101.421 E452.29761
G1 X102.939 Y102.049 E452.31125
G1 X102.558 Y102.558 E452.32394
G1 X102.049 Y102.939 E452.33663
G1 X101.415 Y103.212 E452.3504
G1 X100.749 Y103.284 E452.36377
G0 F15000 X100.78 Y102.885
G1 F5400 X100.242 Y102.816 E452.3746
G1 X99.733 Y102.601 E452.38562
G1 X99.294 Y102.264 E452.39667
G1 X98.961 Y101.838 E452.40746
G1 X98.748 Y101.328 E452.41849
G1 X98.674 Y100.779 E452.42954
G1 X98.748 Y100.235 E452.4405
G1 X98.967 Y99.72 E452.45167
G1 X99.295 Y99.295 E452.46238
G1 X99.727 Y98.956 E452.47334
G1 X100.235 Y98.747 E452.4843
G1 X100.781 Y98.674 E452.49529
G1 X101.326 Y98.748 E452.50627
G1 X101.833 Y98.956 E452.51721
G1 X102.264 Y99.295 E452.52815
G1 X102.601 Y99.733 E452.53918
G1 X102.819 Y100.249 E452.55036
G1 X102.885 Y100.781 E452.56105
G1 X102.818 Y101.319 E452.57187
G1 X102.595 Y101.842 E452.58322
G1 X102.269 Y102.269 E452.59394
G1 X101.842 Y102.595 E452.60466
G1 X101.319 Y102.818 E452.61601
G1 X100.78 Y102.885 E452.62685
G1 F2400 E451.82685
G1 F300 Z1.4
G0 F15000 X110 Y115.788
G1 F300 Z1.2
G1 F2400 E452.62685
G1 F5400 X109.772 Y115.782 E452.6314
G1 X108.608 Y115.634 E452.65481
G1 X108.355 Y115.558 E452.66009
G1 X107.071 Y115.021 E452.68786
G1 X106.014 Y114.207 E452.71448
G1 X105.793 Y113.986 E452.72072
G1 X104.978 Y112.925 E452.74742
G1 X104.443 Y111.656 E452.7749
G1 X104.362 Y111.387 E452.78051
G1 X104.204 Y110.128 E452.80583
G1 X104.214 Y109.772 E452.81294
G1 X104.362 Y108.611 E452.83629
G1 X104.437 Y108.357 E452.84158
G1 X104.969 Y107.095 E452.86891
G1 X105.793 Y106.014 E452.89603
G1 X106.014 Y105.793 E452.90227
G1 X107.095 Y104.969 E452.9294
G1 X108.357 Y104.437 E452.95673
G1 X108.613 Y104.361 E452.96206
G1 X109.873 Y104.204 E452.9874
G1 X110.229 Y104.214 E452.9945
G1 X111.389 Y104.362 E453.01784
G1 X111.656 Y104.443 E453.02341
G1 X112.808 Y104.929 E453.04836
G1 X113.09 Y105.105 E453.05499
G1 X113.986 Y105.793 E453.07754
G1 X114.207 Y106.014 E453.08377
G1 X115.021 Y107.071 E453.1104
G1 X115.558 Y108.355 E453.13817
G1 X115.634 Y108.61 E453.14348
G1 X115.792 Y109.873 E453.16888
G1 X115.782 Y110.229 E453.17599
G1 X115.633 Y111.392 E453.19939
G1 X115.552 Y111.658 E453.20494
G1 X115.026 Y112.919 E453.2322
G1 X114.207 Y113.986 E453.25905
G1 X113.986 Y114.207 E453.26528
G1 X112.919 Y115.026 E453.29213
G1 X111.658 Y115.552 E453.31939
G1 X111.39 Y115.634 E453.32499
G1 X110.128 Y115.792 E453.35037
G1 X110 Y115.788 E453.35292
G0 F15000 X109.998 Y115.406
G1 F5400 X108.581 Y115.22 E453.38144
G1 X107.298 Y114.684 E453.40919
G1 X106.271 Y113.901 E453.43496
G1 X106.099 Y113.729 E453.43982
G1 X105.313 Y112.693 E453.46577
G1 X104.766 Y111.394 E453.4939
G1 X104.59 Y109.998 E453.52198
G1 X104.776 Y108.579 E453.55053
G1 X105.32 Y107.292 E453.57842
G1 X106.099 Y106.271 E453.60405
G1 X106.271 Y106.099 E453.6089
G1 X107.309 Y105.306 E453.63497
G1 X108.58 Y104.776 E453.66245
G1 X109.998 Y104.59 E453.69099
G1 X111.394 Y104.766 E453.71907
G1 X112.628 Y105.286 E453.74579
G1 X112.847 Y105.423 E453.75095
G1 X113.729 Y106.099 E453.77312
G1 X113.901 Y106.271 E453.77798
G1 X114.684 Y107.298 E453.80375
G1 X115.22 Y108.581 E453.8315
G1 X115.406 Y109.998 E453.86002
G1 X115.23 Y111.391 E453.88804
G1 X114.687 Y112.692 E453.91617
G1 X113.901 Y113.729 E453.94214
G1 X113.729 Y113.901 E453.94699
G1 X112.677 Y114.698 E453.97333
G1 X111.389 Y115.231 E454.00115
G1 X109.998 Y115.406 E454.02913
G0 F15000 X110 Y115.004
G1 F5400 X109.99 Y115.005 E454.02933
G1 X108.689 Y114.832 E454.05552
G1 X107.497 Y114.336 E454.08128
G1 X106.455 Y113.538 E454.10748
G1 X105.663 Y112.495 E454.13361
G1 X105.165 Y111.312 E454.15922
G1 X104.991 Y109.991 E454.18581
G1 X105.163 Y108.69 E454.212
G1 X105.667 Y107.494 E454.2379
G1 X106.459 Y106.459 E454.26391
G1 X107.506 Y105.658 E454.29022
G1 X108.691 Y105.163 E454.31585
G1 X110 Y104.993 E454.34219
G1 X111.312 Y105.165 E454.3686
G1 X112.496 Y105.663 E454.39423
G1 X113.541 Y106.458 E454.42043
G1 X114.336 Y107.497 E454.44654
G1 X114.833 Y108.69 E454.47233
G1 X115.003 Y110 E454.49869
G1 X114.832 Y111.308 E454.52502
G1 X114.339 Y112.493 E454.55063
G1 X113.539 Y113.545 E454.577
G1 X112.493 Y114.339 E454.60321
G1 X111.308 Y114.832 E454.62882
G1 X110 Y115.004 E454.65515
G0 F15000 X110 Y114.598
G1 F5400 X108.8 Y114.445 E454.67929
G1 X107.699 Y113.988 E454.70308
G1 X106.744 Y113.256 E454.72709
G1 X106.009 Y112.292 E454.75128
G1 X105.55 Y111.195 E454.77502
G1 X105.396 Y110.017 E454.79872
G1 X105.551 Y108.8 E454.82321
G1 X106.013 Y107.697 E454.84707
G1 X106.747 Y106.747 E454.87103
G1 X107.697 Y106.013 E454.89499
G1 X108.812 Y105.546 E454.91911
G1 X110.001 Y105.394 E454.94303
G1 X111.196 Y105.55 E454.96708
G1 X112.306 Y106.016 E454.99111
G1 X113.252 Y106.747 E455.01496
G1 X113.988 Y107.699 E455.03898
G1 X114.45 Y108.812 E455.06303
G1 X114.602 Y110.001 E455.08695
G1 X114.446 Y111.196 E455.111
G1 X113.985 Y112.305 E455.13496
G1 X113.253 Y113.253 E455.15887
G1 X112.289 Y113.993 E455.18312
G1 X111.196 Y114.446 E455.20673
G1 X110.017 Y114.6 E455.23046
G1 X110 Y114.598 E455.2308
G1 F2400 E454.4308
G1 F300 Z1.4
G0 F15000 X118.992 Y122.502
G1 F300 Z1.2
G1 F2400 E455.2308
G1 F5400 X118.508 Y122.44 E455.24054
G1 X118.138 Y122.329 E455.24824
G1 X117.774 Y122.178 E455.25611
G1 X117.37 Y121.943 E455.26544
G1 X116.939 Y121.611 E455.27629
G1 X116.742 Y121.391 E455.28219
G1 X116.393 Y120.935 E455.29365
G1 X116.258 Y120.662 E455.29972
G1 X116.106 Y120.298 E455.3076
G1 X116.001 Y119.984 E455.3142
G1 X115.923 Y119.384 E455.32628
G1 X115.913 Y119.115 E455.33165
G1 X115.984 Y118.59 E455.34222
G1 X116.059 Y118.264 E455.3489
G1 X116.302 Y117.664 E455.36182
G1 X116.491 Y117.369 E455.36881
G1 X116.777 Y116.998 E455.37816
G1 X116.998 Y116.777 E455.38439
G1 X117.369 Y116.491 E455.39374
G1 X117.664 Y116.302 E455.40073
G1 X118.264 Y116.059 E455.41365
G1 X118.59 Y115.984 E455.42033
G1 X119.115 Y115.913 E455.4309
G1 X119.384 Y115.923 E455.43627
G1 X119.844 Y115.983 E455.44553
G1 X120.135 Y116.047 E455.45147
G1 X120.662 Y116.258 E455.4628
G1 X120.935 Y116.393 E455.46888
G1 X121.39 Y116.741 E455.48031
G1 X121.608 Y116.934 E455.48612
G1 X121.943 Y117.37 E455.49709
G1 X122.178 Y117.774 E455.50642
G1 X122.33 Y118.138 E455.51429
G1 X122.439 Y118.509 E455.52201
G1 X122.502 Y118.992 E455.53173
G1 X122.502 Y119.438 E455.54063
G1 X122.455 Y119.826 E455.54843
G1 X122.329 Y120.298 E455.55818
G1 X122.178 Y120.662 E455.56604
G1 X121.945 Y121.064 E455.57532
G1 X121.599 Y121.507 E455.58653
G1 X121.383 Y121.696 E455.59226
G1 X121.065 Y121.944 E455.60031
G1 X120.803 Y122.114 E455.60654
G1 X120.298 Y122.329 E455.61749
G1 X119.826 Y122.455 E455.62724
G1 X119.438 Y122.502 E455.63504
G1 X118.992 Y122.502 E455.64394
G0 F15000 X119.042 Y122.105
G1 F5400 X118.58 Y122.046 E455.65324
G1 X118.292 Y121.96 E455.65924
G1 X117.928 Y121.808 E455.66711
G1 X117.614 Y121.626 E455.67435
G1 X117.154 Y121.272 E455.68593
G1 X116.693 Y120.67 E455.70107
G1 X116.404 Y119.951 E455.71653
G1 X116.303 Y119.208 E455.73149
G1 X116.38 Y118.644 E455.74285
G1 X116.439 Y118.39 E455.74806
G1 X116.711 Y117.738 E455.76216
G1 X117.158 Y117.158 E455.77677
G1 X117.738 Y116.711 E455.79138
G1 X118.39 Y116.439 E455.80548
G1 X118.644 Y116.38 E455.81068
G1 X119.208 Y116.303 E455.82204
G1 X119.952 Y116.404 E455.83703
G1 X120.673 Y116.695 E455.85254
G1 X121.274 Y117.157 E455.86767
G1 X121.626 Y117.614 E455.87918
G1 X121.808 Y117.928 E455.88643
G1 X121.961 Y118.292 E455.8943
G1 X122.046 Y118.581 E455.90032
G1 X122.106 Y119.042 E455.90959
G1 X122.106 Y119.388 E455.9165
G1 X122.058 Y119.777 E455.92432
G1 X121.96 Y120.144 E455.9319
G1 X121.809 Y120.508 E455.93976
G1 X121.628 Y120.821 E455.94698
G1 X121.271 Y121.277 E455.95854
G1 X120.691 Y121.728 E455.9732
G1 X120.144 Y121.96 E455.98506
G1 X119.777 Y122.058 E455.99264
G1 X119.388 Y122.106 E456.00046
G1 X119.042 Y122.105 E456.00736
G0 F15000 X119.219 Y121.724
G1 F5400 X118.57 Y121.643 E456.02042
G1 X118.082 Y121.439 E456.03097
G1 X117.858 Y121.309 E456.03614
G1 X117.441 Y120.989 E456.04663
G1 X117.044 Y120.47 E456.05967
G1 X116.794 Y119.855 E456.07292
G1 X116.711 Y119.245 E456.0852
G1 X116.791 Y118.585 E456.09847
G1 X117.055 Y117.947 E456.11225
G1 X117.443 Y117.443 E456.12494
G1 X117.947 Y117.055 E456.13764
G1 X118.584 Y116.791 E456.1514
G1 X119.251 Y116.71 E456.1648
G1 X119.855 Y116.794 E456.17697
G1 X120.476 Y117.046 E456.19035
G1 X120.984 Y117.448 E456.20328
G1 X121.309 Y117.858 E456.21372
G1 X121.439 Y118.082 E456.21888
G1 X121.641 Y118.565 E456.22933
G1 X121.725 Y119.212 E456.24235
G1 X121.661 Y119.727 E456.25271
G1 X121.591 Y119.99 E456.25814
G1 X121.439 Y120.354 E456.26601
G1 X121.306 Y120.583 E456.2713
G1 X120.984 Y120.984 E456.28156
G1 X120.491 Y121.379 E456.29417
G1 X119.99 Y121.591 E456.30502
G1 X119.727 Y121.661 E456.31045
G1 X119.219 Y121.724 E456.32067
G0 F15000 X119.215 Y121.321
G1 F5400 X118.673 Y121.253 E456.33157
G1 X118.162 Y121.039 E456.34263
G1 X117.732 Y120.701 E456.35354
G1 X117.395 Y120.272 E456.36443
G1 X117.186 Y119.753 E456.37559
G1 X117.11 Y119.216 E456.38642
G1 X117.183 Y118.679 E456.39723
G1 X117.401 Y118.153 E456.40859
G1 X117.731 Y117.731 E456.41928
G1 X118.153 Y117.401 E456.42998
G1 X118.679 Y117.183 E456.44134
G1 X119.214 Y117.11 E456.45211
G1 X119.753 Y117.182 E456.46297
G1 X120.266 Y117.399 E456.47408
G1 X120.701 Y117.731 E456.485
G1 X121.039 Y118.162 E456.49593
G1 X121.253 Y118.673 E456.50699
G1 X121.321 Y119.215 E456.51789
G1 X121.254 Y119.76 E456.52885
G1 X121.037 Y120.278 E456.54005
G1 X120.701 Y120.701 E456.55083
G1 X120.279 Y121.035 E456.56157
G1 X119.761 Y121.254 E456.5728
G1 X119.215 Y121.321 E456.58378
G1 F2400 E455.78378
G1 F300 Z1.4
G0 F15000 X110 Y128.18
G1 F300 Z1.2
G1 F2400 E456.58378
G1 F5400 X114.71 Y127.562 E456.67857
G1 X119.087 Y125.747 E456.77313
G1 X122.856 Y122.856 E456.86793
G1 X125.747 Y119.088 E456.9627
G1 X127.558 Y114.71 E457.05725
G1 X128.18 Y110 E457.15206
G1 X127.558 Y105.286 E457.24695
G1 X125.747 Y100.908 E457.3415
G1 X122.856 Y97.14 E457.43627
G1 X119.088 Y94.249 E457.53105
G1 X114.71 Y92.438 E457.6256
G1 X110 Y91.816 E457.72041
G1 X105.286 Y92.438 E457.8153
G1 X100.908 Y94.249 E457.90984
G1 X97.14 Y97.14 E458.00462
G1 X94.248 Y100.909 E458.09943
G1 X92.434 Y105.286 E458.19398
G1 X91.816 Y110 E458.28886
G1 X92.434 Y114.71 E458.38365
G1 X94.248 Y119.087 E458.47821
G1 X97.14 Y122.856 E458.57301
G1 X100.908 Y125.747 E458.66779
G1 X105.286 Y127.562 E458.76237
G1 X110 Y128.18 E458.85725
G0 F15000 X110 Y128.584
G1 F5400 X114.814 Y127.952 E458.95414
G1 X119.289 Y126.097 E459.05081
G1 X123.141 Y123.141 E459.14771
G1 X126.096 Y119.29 E459.24458
G1 X127.948 Y114.814 E459.34124
G1 X128.583 Y110 E459.43814
G1 X127.948 Y105.182 E459.53512
G1 X126.096 Y100.706 E459.63179
G1 X123.141 Y96.855 E459.72866
G1 X119.29 Y93.899 E459.82554
G1 X114.814 Y92.048 E459.9222
G1 X110 Y91.413 E460.0191
G1 X105.182 Y92.048 E460.11608
G1 X100.706 Y93.899 E460.21274
G1 X96.855 Y96.855 E460.30962
G1 X93.899 Y100.707 E460.40652
G1 X92.044 Y105.182 E460.50319
G1 X91.412 Y110 E460.60016
G1 X92.044 Y114.814 E460.69706
G1 X93.899 Y119.289 E460.79373
G1 X96.855 Y123.141 E460.89062
G1 X100.707 Y126.097 E460.98752
G1 X105.182 Y127.951 E461.08419
G1 X110 Y128.584 E461.18116
G0 F15000 X110 Y128.987
G1 F5400 X114.918 Y128.341 E461.28015
G1 X119.491 Y126.446 E461.37893
G1 X123.426 Y123.426 E461.47792
G1 X126.446 Y119.491 E461.57691
G1 X128.337 Y114.919 E461.67564
G1 X128.987 Y110 E461.77466
G1 X128.337 Y105.077 E461.87376
G1 X126.446 Y100.505 E461.97249
G1 X123.426 Y96.57 E462.07148
G1 X119.491 Y93.55 E462.17047
G1 X114.919 Y91.659 E462.2692
G1 X110 Y91.009 E462.36822
G1 X105.077 Y91.659 E462.46732
G1 X100.505 Y93.55 E462.56605
G1 X96.569 Y96.569 E462.66505
G1 X93.55 Y100.505 E462.76404
G1 X91.655 Y105.077 E462.8628
G1 X91.009 Y110 E462.96189
G1 X91.655 Y114.918 E463.06088
G1 X93.55 Y119.491 E463.15966
G1 X96.569 Y123.427 E463.25865
G1 X100.505 Y126.446 E463.35764
G1 X105.077 Y128.341 E463.45641
G1 X110 Y128.987 E463.5555
G0 F15000 X110 Y129.39
G1 F5400 X115.023 Y128.731 E463.65659
G1 X119.693 Y126.795 E463.75748
G1 X123.712 Y123.712 E463.85856
G1 X126.795 Y119.693 E463.95965
G1 X128.727 Y115.023 E464.0605
G1 X129.39 Y110 E464.16161
G1 X128.727 Y104.973 E464.2628
G1 X126.795 Y100.303 E464.36365
G1 X123.712 Y96.284 E464.46474
G1 X119.693 Y93.201 E464.56582
G1 X115.023 Y91.269 E464.66668
G1 X110 Y90.606 E464.76779
G1 X104.973 Y91.269 E464.86897
G1 X100.303 Y93.201 E464.96983
G1 X96.284 Y96.284 E465.07091
G1 X93.2 Y100.303 E465.17201
G1 X91.265 Y104.973 E465.27289
G1 X90.606 Y110 E465.37406
G1 X91.265 Y115.023 E465.47516
G1 X93.2 Y119.693 E465.57604
G1 X96.284 Y123.712 E465.67714
G1 X100.303 Y126.795 E465.77822
G1 X104.973 Y128.731 E465.87911
G1 X110 Y129.39 E465.98028
G1 F2400 E465.18028
G1 F300 Z1.4
G0 F15000 X101.002 Y122.502
G1 F300 Z1.2
G1 F2400 E465.98028
G1 F5400 X100.557 Y122.502 E465.98916
G1 X100.172 Y122.455 E465.9969
G1 X99.708 Y122.332 E466.00648
G1 X99.195 Y122.113 E466.01761
G1 X98.932 Y121.945 E466.02384
G1 X98.496 Y121.605 E466.03488
G1 X98.291 Y121.372 E466.04107
G1 X98.055 Y121.064 E466.04881
G1 X97.823 Y120.662 E466.05808
G1 X97.671 Y120.298 E466.06595
G1 X97.547 Y119.844 E466.07534
G1 X97.495 Y119.456 E466.08315
G1 X97.496 Y118.974 E466.09277
G1 X97.561 Y118.508 E466.10216
G1 X97.671 Y118.138 E466.10986
G1 X97.822 Y117.774 E466.11773
G1 X98.048 Y117.382 E466.12676
G1 X98.382 Y116.941 E466.1378
G1 X98.605 Y116.742 E466.14376
G1 X99.071 Y116.389 E466.15543
G1 X99.338 Y116.258 E466.16136
G1 X99.946 Y116.015 E466.17443
G1 X100.612 Y115.923 E466.18785
G1 X100.884 Y115.913 E466.19328
G1 X101.408 Y115.983 E466.20383
G1 X101.742 Y116.061 E466.21067
G1 X102.332 Y116.302 E466.22339
G1 X102.619 Y116.484 E466.23017
G1 X103.002 Y116.777 E466.2398
G1 X103.223 Y116.998 E466.24603
G1 X103.515 Y117.38 E466.25563
G1 X103.668 Y117.622 E466.26134
G1 X103.93 Y118.221 E466.27439
G1 X104.019 Y118.608 E466.28231
G1 X104.083 Y119.122 E466.29265
G1 X104.073 Y119.385 E466.2979
G1 X103.999 Y119.951 E466.30929
G1 X103.936 Y120.197 E466.31436
G1 X103.68 Y120.81 E466.32762
G1 X103.501 Y121.075 E466.334
G1 X103.168 Y121.501 E466.34479
G1 X102.947 Y121.696 E466.35067
G1 X102.639 Y121.936 E466.35846
G1 X102.226 Y122.178 E466.36802
G1 X101.862 Y122.329 E466.37588
G1 X101.489 Y122.44 E466.38365
G1 X101.002 Y122.502 E466.39344
G0 F15000 X100.953 Y122.106
G1 F5400 X100.606 Y122.106 E466.40037
G1 X100.222 Y122.058 E466.40809
G1 X99.861 Y121.962 E466.41555
G1 X99.299 Y121.724 E466.42773
G1 X98.718 Y121.272 E466.44242
G1 X98.372 Y120.82 E466.45378
G1 X98.192 Y120.508 E466.46096
G1 X98.04 Y120.144 E466.46884
G1 X97.944 Y119.791 E466.47614
G1 X97.892 Y119.403 E466.48395
G1 X97.892 Y119.028 E466.49143
G1 X97.954 Y118.58 E466.50046
G1 X98.04 Y118.292 E466.50646
G1 X98.191 Y117.928 E466.51432
G1 X98.367 Y117.623 E466.52135
G1 X98.719 Y117.158 E466.53299
G1 X99.33 Y116.694 E466.5483
G1 X99.856 Y116.476 E466.55966
G1 X100.097 Y116.395 E466.56473
G1 X100.781 Y116.303 E466.57851
G1 X101.355 Y116.38 E466.59006
G1 X101.615 Y116.44 E466.59539
G1 X102.256 Y116.711 E466.60928
G1 X102.843 Y117.157 E466.62399
G1 X103.284 Y117.738 E466.63854
G1 X103.561 Y118.389 E466.65266
G1 X103.622 Y118.658 E466.65817
G1 X103.691 Y119.211 E466.66929
G1 X103.598 Y119.949 E466.68413
G1 X103.327 Y120.619 E466.69856
G1 X103.185 Y120.829 E466.70361
G1 X102.835 Y121.277 E466.71496
G1 X102.393 Y121.621 E466.72614
G1 X102.072 Y121.808 E466.73355
G1 X101.708 Y121.96 E466.74142
G1 X101.418 Y122.046 E466.74746
G1 X100.953 Y122.106 E466.75682
G0 F15000 X100.78 Y121.725
G1 F5400 X100.272 Y121.661 E466.76703
G1 X100.014 Y121.593 E466.77236
G1 X99.502 Y121.376 E466.78345
G1 X98.986 Y120.963 E466.79664
G1 X98.69 Y120.577 E466.80635
G1 X98.561 Y120.354 E466.81149
G1 X98.409 Y119.99 E466.81936
G1 X98.34 Y119.737 E466.8246
G1 X98.288 Y119.35 E466.83239
G1 X98.288 Y119.081 E466.83776
G1 X98.361 Y118.562 E466.84822
G1 X98.561 Y118.082 E466.85859
G1 X98.686 Y117.864 E466.86361
G1 X99.006 Y117.441 E466.87419
G1 X99.533 Y117.043 E466.88737
G1 X100.144 Y116.794 E466.90054
G1 X100.784 Y116.707 E466.91343
G1 X101.42 Y116.792 E466.92623
G1 X102.051 Y117.057 E466.93989
G1 X102.558 Y117.443 E466.95261
G1 X102.94 Y117.946 E466.96521
G1 X103.212 Y118.59 E466.97916
G1 X103.284 Y119.246 E466.99233
G1 X103.207 Y119.852 E467.00452
G1 X102.954 Y120.475 E467.01794
G1 X102.576 Y120.96 E467.03021
G1 X102.147 Y121.305 E467.0412
G1 X101.918 Y121.439 E467.0465
G1 X101.431 Y121.642 E467.05702
G1 X100.78 Y121.725 E467.07012
G0 F15000 X100.78 Y121.321
G1 F5400 X100.24 Y121.254 E467.08098
G1 X99.715 Y121.034 E467.09234
G1 X99.295 Y120.701 E467.10304
G1 X98.962 Y120.277 E467.11379
G1 X98.748 Y119.763 E467.12491
G1 X98.674 Y119.215 E467.13594
G1 X98.748 Y118.671 E467.1469
G1 X98.96 Y118.164 E467.15786
G1 X99.293 Y117.733 E467.16873
G1 X99.735 Y117.398 E467.1798
G1 X100.246 Y117.182 E467.19087
G1 X100.781 Y117.11 E467.20164
G1 X101.322 Y117.183 E467.21254
G1 X101.845 Y117.403 E467.22386
G1 X102.272 Y117.728 E467.23457
G1 X102.594 Y118.152 E467.2452
G1 X102.818 Y118.681 E467.25666
G1 X102.885 Y119.214 E467.26738
G1 X102.819 Y119.75 E467.27816
G1 X102.601 Y120.268 E467.28937
G1 X102.266 Y120.7 E467.30028
G1 X101.84 Y121.038 E467.31113
G1 X101.327 Y121.252 E467.32223
G1 X100.78 Y121.321 E467.33323
G1 F2400 E466.53323
G1 F300 Z1.4
G0 F15000 X119.122 Y104.083
G1 F300 Z1.2
G1 F2400 E467.33323
G1 F5400 X118.608 Y104.019 E467.34357
G1 X118.263 Y103.94 E467.35063
G1 X117.662 Y103.693 E467.3636
G1 X117.38 Y103.514 E467.37026
G1 X116.998 Y103.223 E467.37984
G1 X116.777 Y103.002 E467.38608
G1 X116.484 Y102.618 E467.39572
G1 X116.327 Y102.371 E467.40156
G1 X116.072 Y101.783 E467.41435
G1 X115.983 Y101.408 E467.42204
G1 X115.913 Y100.884 E467.43259
G1 X115.923 Y100.612 E467.43802
G1 X116.015 Y99.945 E467.45146
G1 X116.259 Y99.338 E467.46452
G1 X116.388 Y99.073 E467.4704
G1 X116.741 Y98.606 E467.48208
G1 X116.939 Y98.385 E467.488
G1 X117.37 Y98.053 E467.49886
G1 X117.783 Y97.815 E467.50837
G1 X118.143 Y97.667 E467.51614
G1 X118.507 Y97.56 E467.52371
G1 X118.976 Y97.495 E467.53316
G1 X119.456 Y97.495 E467.54274
G1 X119.844 Y97.547 E467.55055
G1 X120.289 Y97.667 E467.55975
G1 X120.649 Y97.814 E467.56751
G1 X121.062 Y98.053 E467.57703
G1 X121.502 Y98.391 E467.5881
G1 X121.704 Y98.621 E467.59421
G1 X121.944 Y98.933 E467.60207
G1 X122.113 Y99.197 E467.60832
G1 X122.329 Y99.702 E467.61928
G1 X122.455 Y100.172 E467.62899
G1 X122.502 Y100.557 E467.63673
G1 X122.502 Y101.002 E467.64561
G1 X122.44 Y101.489 E467.65541
G1 X122.33 Y101.862 E467.66317
G1 X122.178 Y102.226 E467.67104
G1 X121.936 Y102.639 E467.6806
G1 X121.602 Y103.068 E467.69145
G1 X121.383 Y103.26 E467.69726
G1 X120.943 Y103.603 E467.70839
G1 X120.662 Y103.742 E467.71465
G1 X120.054 Y103.985 E467.72771
G1 X119.385 Y104.073 E467.74118
G1 X119.122 Y104.083 E467.74643
G0 F15000 X119.347 Y103.674
G1 F5400 X119.042 Y103.67 E467.75252
G1 X118.658 Y103.622 E467.76024
G1 X118.389 Y103.561 E467.76575
G1 X117.738 Y103.284 E467.77987
G1 X117.157 Y102.843 E467.79442
G1 X116.711 Y102.256 E467.80913
G1 X116.441 Y101.615 E467.82301
G1 X116.38 Y101.355 E467.82834
G1 X116.304 Y100.789 E467.83974
G1 X116.394 Y100.098 E467.85365
G1 X116.476 Y99.856 E467.85874
G1 X116.696 Y99.329 E467.87014
G1 X117.153 Y98.725 E467.88526
G1 X117.614 Y98.37 E467.89687
G1 X117.935 Y98.185 E467.90426
G1 X118.295 Y98.037 E467.91203
G1 X118.578 Y97.954 E467.91791
G1 X119.03 Y97.892 E467.92702
G1 X119.403 Y97.892 E467.93446
G1 X119.791 Y97.943 E467.94227
G1 X120.137 Y98.037 E467.94943
G1 X120.497 Y98.184 E467.95719
G1 X120.818 Y98.37 E467.96459
G1 X121.275 Y98.721 E467.97609
G1 X121.725 Y99.305 E467.9908
G1 X121.96 Y99.856 E468.00276
G1 X122.058 Y100.222 E468.01032
G1 X122.106 Y100.606 E468.01804
G1 X122.106 Y100.953 E468.02497
G1 X122.047 Y101.418 E468.03432
G1 X121.961 Y101.708 E468.04036
G1 X121.808 Y102.072 E468.04824
G1 X121.621 Y102.393 E468.05565
G1 X121.276 Y102.837 E468.06687
G1 X120.676 Y103.304 E468.08204
G1 X119.953 Y103.596 E468.0976
G1 X119.347 Y103.674 E468.1098
G0 F15000 X119.214 Y103.288
G1 F5400 X118.583 Y103.21 E468.12249
G1 X117.95 Y102.941 E468.13621
G1 X117.438 Y102.554 E468.14902
G1 X117.057 Y102.05 E468.16163
G1 X116.792 Y101.421 E468.17525
G1 X116.707 Y100.784 E468.18807
G1 X116.794 Y100.144 E468.20096
G1 X117.043 Y99.532 E468.21415
G1 X117.441 Y99.007 E468.22729
G1 X117.858 Y98.687 E468.23778
G1 X118.087 Y98.555 E468.24306
G1 X118.565 Y98.358 E468.25338
G1 X119.083 Y98.288 E468.26381
G1 X119.35 Y98.288 E468.26914
G1 X119.737 Y98.34 E468.27693
G1 X119.985 Y98.407 E468.28205
G1 X120.345 Y98.554 E468.28981
G1 X120.574 Y98.687 E468.2951
G1 X121.011 Y99.033 E468.30622
G1 X121.382 Y99.516 E468.31838
G1 X121.591 Y100.01 E468.32908
G1 X121.661 Y100.272 E468.33449
G1 X121.725 Y100.78 E468.34471
G1 X121.642 Y101.431 E468.35781
G1 X121.439 Y101.918 E468.36834
G1 X121.305 Y102.147 E468.37363
G1 X120.982 Y102.549 E468.38392
G1 X120.48 Y102.951 E468.39676
G1 X119.853 Y103.207 E468.41027
G1 X119.214 Y103.288 E468.42313
G0 F15000 X119.217 Y102.886
G1 F5400 X118.681 Y102.818 E468.43391
G1 X118.152 Y102.594 E468.44537
G1 X117.724 Y102.269 E468.4561
G1 X117.401 Y101.841 E468.4668
G1 X117.182 Y101.319 E468.47809
G1 X117.116 Y100.787 E468.48879
G1 X117.181 Y100.249 E468.49961
G1 X117.398 Y99.735 E468.51074
G1 X117.722 Y99.296 E468.52163
G1 X118.166 Y98.955 E468.5328
G1 X118.67 Y98.748 E468.54367
G1 X119.216 Y98.674 E468.55467
G1 X119.76 Y98.747 E468.56562
G1 X120.266 Y98.954 E468.57653
G1 X120.701 Y99.295 E468.58756
G1 X121.035 Y99.72 E468.59835
G1 X121.254 Y100.24 E468.60961
G1 X121.321 Y100.78 E468.62047
G1 X121.252 Y101.327 E468.63147
G1 X121.038 Y101.84 E468.64256
G1 X120.7 Y102.266 E468.65342
G1 X120.273 Y102.604 E468.66428
G1 X119.753 Y102.814 E468.67548
G1 X119.217 Y102.886 E468.68627
G0 F15000 X119.235 Y102.48
;TYPE:WALL-OUTER
G1 F5400 X118.778 Y102.428 E468.69545
G1 X118.385 Y102.261 E468.70397
G1 X118.002 Y101.973 E468.71353
G1 X117.735 Y101.61 E468.72252
G1 X117.578 Y101.232 E468.73069
G1 X117.516 Y100.761 E468.74017
G1 X117.576 Y100.336 E468.74874
G1 X117.746 Y99.933 E468.75747
G1 X118.014 Y99.578 E468.76634
G1 X118.368 Y99.304 E468.77528
G1 X118.801 Y99.133 E468.78457
G1 X119.216 Y99.077 E468.79292
G1 X119.631 Y99.133 E468.80128
G1 X120.041 Y99.294 E468.81007
G1 X120.418 Y99.578 E468.81949
G1 X120.694 Y99.939 E468.82856
G1 X120.864 Y100.344 E468.83732
G1 X120.915 Y100.805 E468.84658
G1 X120.865 Y101.204 E468.8546
G1 X120.701 Y101.61 E468.86334
G1 X120.418 Y101.982 E468.87267
G1 X120.068 Y102.254 E468.88152
G1 X119.663 Y102.424 E468.89028
G1 X119.235 Y102.48 E468.8989
G1 F2400 E468.0989
G1 F300 Z1.4
G0 F15000 X110 Y114.194
G1 F300 Z1.2
G1 F2400 E468.8989
G1 F5400 X108.896 Y114.053 E468.92111
G1 X107.908 Y113.643 E468.94245
G1 X107.018 Y112.957 E468.96488
G1 X106.366 Y112.103 E468.98632
G1 X105.944 Y111.102 E469.008
G1 X105.8 Y110.015 E469.02988
G1 X105.943 Y108.896 E469.05239
G1 X106.367 Y107.891 E469.07416
G1 X107.043 Y107.018 E469.09619
G1 X107.891 Y106.367 E469.11753
G1 X108.896 Y105.943 E469.1393
G1 X109.985 Y105.8 E469.16121
G1 X111.085 Y105.936 E469.18333
G1 X112.103 Y106.366 E469.20539
G1 X112.982 Y107.043 E469.22753
G1 X113.643 Y107.908 E469.24925
G1 X114.053 Y108.896 E469.2706
G1 X114.196 Y109.985 E469.29252
G1 X114.052 Y111.102 E469.31499
G1 X113.634 Y112.103 E469.33664
G1 X112.957 Y112.982 E469.35878
G1 X112.103 Y113.634 E469.38022
G1 X111.102 Y114.052 E469.40187
G1 X110.015 Y114.196 E469.42375
G1 X110 Y114.194 E469.42406
G1 F2400 E468.62406
G1 F300 Z1.4
G0 F15000 X119.191 Y120.915
G1 F300 Z1.2
G1 F2400 E469.42406
G1 F5400 X118.796 Y120.865 E469.432
G1 X118.39 Y120.701 E469.44074
G1 X118.014 Y120.418 E469.45013
G1 X117.746 Y120.068 E469.45893
G1 X117.576 Y119.663 E469.46769
G1 X117.516 Y119.235 E469.47632
G1 X117.578 Y118.768 E469.48572
G1 X117.742 Y118.37 E469.49431
G1 X118.027 Y118.002 E469.5036
G1 X118.37 Y117.742 E469.51219
G1 X118.768 Y117.578 E469.52078
G1 X119.235 Y117.516 E469.53018
G1 X119.663 Y117.576 E469.5388
G1 X120.068 Y117.746 E469.54757
G1 X120.418 Y118.014 E469.55637
G1 X120.701 Y118.39 E469.56576
G1 X120.864 Y118.781 E469.57421
G1 X120.915 Y119.241 E469.58345
G1 X120.864 Y119.657 E469.59181
G1 X120.701 Y120.046 E469.60023
G1 X120.418 Y120.418 E469.60956
G1 X120.061 Y120.694 E469.61856
G1 X119.656 Y120.864 E469.62733
G1 X119.191 Y120.915 E469.63666
G1 F2400 E468.83666
G1 F300 Z1.4
G0 F15000 X110 Y129.794
G1 F300 Z1.2
G1 F2400 E469.63666
G1 F5400 X115.127 Y129.121 E469.73985
G1 X119.895 Y127.145 E469.84285
G1 X123.997 Y123.997 E469.94604
G1 X127.145 Y119.895 E470.04923
G1 X129.117 Y115.127 E470.15219
G1 X129.794 Y110 E470.2554
G1 X129.117 Y104.869 E470.35868
G1 X127.145 Y100.101 E470.46165
G1 X123.997 Y95.999 E470.56483
G1 X119.895 Y92.851 E470.66802
G1 X115.127 Y90.879 E470.77099
G1 X110 Y90.202 E470.87419
G1 X104.869 Y90.879 E470.97747
G1 X100.101 Y92.851 E471.08044
G1 X95.999 Y95.999 E471.18363
G1 X92.851 Y100.101 E471.28682
G1 X90.875 Y104.869 E471.38981
G1 X90.202 Y110 E471.49309
G1 X90.875 Y115.127 E471.59628
G1 X92.851 Y119.895 E471.69928
G1 X95.999 Y123.997 E471.80246
G1 X100.101 Y127.145 E471.90565
G1 X104.869 Y129.121 E472.00865
G1 X110 Y129.794 E472.11192
G1 F2400 E471.31192
G1 F300 Z1.4
G0 F15000 X100.755 Y120.915
G1 F300 Z1.2
G1 F2400 E472.11192
G1 F5400 X100.345 Y120.864 E472.12017
G1 X99.935 Y120.694 E472.12902
G1 X99.578 Y120.418 E472.13803
G1 X99.299 Y120.046 E472.14731
G1 X99.133 Y119.631 E472.15623
G1 X99.077 Y119.216 E472.16459
G1 X99.135 Y118.796 E472.17305
G1 X99.299 Y118.39 E472.18178
G1 X99.577 Y118.015 E472.1911
G1 X99.954 Y117.735 E472.20047
G1 X100.336 Y117.576 E472.20873
G1 X100.761 Y117.516 E472.21729
G1 X101.232 Y117.578 E472.22677
G1 X101.626 Y117.743 E472.2353
G1 X101.998 Y118.027 E472.24464
G1 X102.261 Y118.385 E472.2535
G1 X102.422 Y118.768 E472.26179
G1 X102.48 Y119.235 E472.27119
G1 X102.424 Y119.663 E472.2798
G1 X102.254 Y120.068 E472.28857
G1 X101.982 Y120.418 E472.29741
G1 X101.61 Y120.701 E472.30674
G1 X101.219 Y120.864 E472.31519
G1 X100.755 Y120.915 E472.32451
G1 F2400 E471.52451
G1 F300 Z1.4
G0 F15000 X100.761 Y102.48
G1 F300 Z1.2
G1 F2400 E472.32451
G1 F5400 X100.336 Y102.424 E472.33306
G1 X99.932 Y102.254 E472.34181
G1 X99.578 Y101.982 E472.35072
G1 X99.299 Y101.61 E472.36
G1 X99.133 Y101.195 E472.36892
G1 X99.077 Y100.78 E472.37727
G1 X99.137 Y100.343 E472.38608
G1 X99.306 Y99.939 E472.39482
G1 X99.578 Y99.578 E472.40384
G1 X99.932 Y99.304 E472.41277
G1 X100.365 Y99.133 E472.42206
G1 X100.78 Y99.077 E472.43042
G1 X101.204 Y99.135 E472.43896
G1 X101.629 Y99.304 E472.44808
G1 X101.982 Y99.578 E472.457
G1 X102.254 Y99.932 E472.46591
G1 X102.424 Y100.336 E472.47466
G1 X102.48 Y100.761 E472.48321
G1 X102.422 Y101.232 E472.49268
G1 X102.253 Y101.626 E472.50124
G1 X101.973 Y101.998 E472.51053
G1 X101.626 Y102.253 E472.51912
G1 X101.232 Y102.422 E472.52768
G1 X100.761 Y102.48 E472.53715
G1 F2400 E471.73715
G1 F300 Z1.4
G0 F15000 X98.5 Y103.274
;TYPE:FILL
G1 F300 Z1.2
G1 F2400 E472.53715
G1 F10800 X94.291 Y118.982 E472.86168
G0 F15000 X93.983 Y118.24
G1 F10800 X101.757 Y126.013 E473.08106
G0 F15000 X101.017 Y125.707
G1 F10800 X116.723 Y121.499 E473.40555
G1 F2400 E472.60555
G1 F300 Z1.4
G0 F15000 X118.213 Y122.435
G1 F300 Z1.2
G1 F2400 E473.40555
G1 F10800 X117.131 Y126.472 E473.48895
G1 F2400 E472.68895
G1 F300 Z1.4
G0 F15000 X118.584 Y125.87
G1 F300 Z1.2
G1 F2400 E473.48895
G1 F10800 X108.356 Y115.642 E473.77761
G0 F15000 X107.683 Y115.367
G1 F10800 X104.523 Y127.159 E474.02124
G1 F2400 E473.22124
G1 F300 Z1.4
G0 F15000 X110.501 Y128.033
G1 F300 Z1.2
G1 F2400 E474.02124
G1 F10800 X114.245 Y114.059 E474.30994
G0 F15000 X114.688 Y113.489
G1 F10800 X117.507 Y116.308 E474.3895
G1 F2400 E473.5895
G1 F300 Z1.4
G0 F15000 X119.959 Y115.917
G1 F300 Z1.2
G1 F2400 E474.3895
G1 F10800 X124.412 Y99.3 E474.73281
G1 F2400 E473.93281
G1 F300 Z1.4
G0 F15000 X125.369 Y100.547
G1 F300 Z1.2
G1 F2400 E474.73281
G1 F10800 X122.545 Y101.304 E474.79115
G1 F2400 E473.99115
G1 F300 Z1.4
G0 F15000 X121.466 Y103.296
G1 F300 Z1.2
G1 F2400 E474.79115
G1 F10800 X128.088 Y109.918 E474.97804
G0 F15000 X127.986 Y109.143
G1 F10800 X125.147 Y119.738 E475.19693
G0 F15000 X125.625 Y119.113
G1 F10800 X122.504 Y119.95 E475.26142
G0 F15000 X122.119 Y120.92
G1 F10800 X123.32 Y122.121 E475.29531
G1 F2400 E474.49531
G1 F300 Z1.4
G0 F15000 X126.571 Y116.887
G1 F300 Z1.2
G1 F2400 E475.29531
G1 F10800 X103.11 Y93.425 E475.95745
G1 F2400 E475.15745
G1 F300 Z1.4
G0 F15000 X100.887 Y94.367
G1 F300 Z1.2
G1 F2400 E475.95745
G1 F10800 X100.049 Y97.495 E476.02207
G0 F15000 X99.078 Y97.878
G1 F10800 X97.875 Y96.676 E476.05601
G1 F2400 E475.25601
G1 F300 Z1.4
G0 F15000 X100.252 Y94.854
G1 F300 Z1.2
G1 F2400 E476.05601
G1 F10800 X110.863 Y92.011 E476.27523
G0 F15000 X110.077 Y91.908
G1 F10800 X116.699 Y98.529 E476.4621
G1 F2400 E475.6621
G1 F300 Z1.4
G0 F15000 X118.694 Y97.454
G1 F300 Z1.2
G1 F2400 E476.4621
G1 F10800 X119.451 Y94.63 E476.52045
G1 F2400 E475.72045
G1 F300 Z1.4
G0 F15000 X120.699 Y95.587
G1 F300 Z1.2
G1 F2400 E476.52045
G1 F10800 X104.079 Y100.04 E476.86382
G1 F2400 E476.06382
G1 F300 Z1.4
G0 F15000 X103.689 Y102.489
G1 F300 Z1.2
G1 F2400 E476.86382
G1 F10800 X106.509 Y105.309 E476.9434
G0 F15000 X105.943 Y105.752
G1 F10800 X91.964 Y109.498 E477.23221
G1 F2400 E476.43221
G1 F300 Z1.4
G0 F15000 X92.167 Y107.938
G1 F300 Z1.2
G1 F2400 E477.23221
G1 F10800 X100.138 Y115.909 E477.45717
G0 F15000 X101.331 Y115.892
G1 F10800 X107.678 Y92.203 E477.94658
G1 F2400 E477.14658
G1 F300 Z1.4
G0 F15000 X113.836 Y92.404
G1 F300 Z1.2
G1 F2400 E477.94658
G1 F10800 X110.677 Y104.193 E478.19015
G0 F15000 X111.412 Y104.287
G1 F10800 X116.597 Y102.898 E478.29727
G0 F15000 X117.101 Y103.402
G1 F10800 X115.711 Y108.588 E478.40441
G0 F15000 X115.803 Y109.322
G1 F10800 X127.593 Y106.163 E478.64799
G1 F2400 E477.84799
G1 F300 Z1.4
G0 F15000 X127.792 Y112.321
G1 F300 Z1.2
G1 F2400 E478.64799
G1 F10800 X104.108 Y118.667 E479.13731
G0 F15000 X104.09 Y119.862
G1 F10800 X112.057 Y127.829 E479.36215
G1 F2400 E478.56215
G1 F300 Z1.4
G0 F15000 X99.091 Y124.252
G1 F300 Z1.2
G1 F2400 E479.36215
G1 F10800 X99.595 Y122.371 E479.40101
G1 F2400 E478.60101
G1 F300 Z1.4
G0 F15000 X97.629 Y120.403
G1 F300 Z1.2
G1 F2400 E479.40101
G1 F10800 X95.744 Y120.909 E479.43996
G1 F2400 E478.63996
G1 F300 Z1.4
G0 F15000 X92.838 Y115.476
G1 F300 Z1.2
G1 F2400 E479.43996
G1 F10800 X104.635 Y112.314 E479.68369
G0 F15000 X104.356 Y111.642
G1 F10800 X94.126 Y101.412 E479.97241
G1 F2400 E479.17241
G1 F300 Z1.4
G0 F15000 X93.523 Y102.869
G1 F300 Z1.2
G1 F2400 E479.97241
G1 F10800 X97.566 Y101.785 E480.05594
G1 F2400 E479.25594
G1 F300 Z1.4
;MESH:NONMESH
G0 F15000 X100.87 Y104.083
;TIME_ELAPSED:833.236709
;LAYER:10
;MESH:vertMount_Cover_RPi_r01.stl
G0 Z1.52
;TYPE:WALL-INNER
G1 F300 Z1.32
G1 F2400 E480.05594
G1 F5400 X100.611 Y104.073 E480.06111
G1 X99.949 Y103.986 E480.07444
G1 X99.338 Y103.741 E480.08757
G1 X99.061 Y103.604 E480.09374
G1 X98.605 Y103.254 E480.10521
G1 X98.387 Y103.061 E480.11102
G1 X98.055 Y102.627 E480.12193
G1 X97.822 Y102.226 E480.13118
G1 X97.671 Y101.862 E480.13905
G1 X97.561 Y101.49 E480.14679
G1 X97.496 Y101.02 E480.15626
G1 X97.496 Y100.538 E480.16587
G1 X97.548 Y100.154 E480.17361
G1 X97.671 Y99.702 E480.18296
G1 X97.888 Y99.199 E480.19389
G1 X98.048 Y98.946 E480.19986
G1 X98.291 Y98.624 E480.20791
G1 X98.5 Y98.387 E480.21422
G1 X98.934 Y98.053 E480.22515
G1 X99.347 Y97.815 E480.23466
G1 X99.707 Y97.667 E480.24243
G1 X100.152 Y97.547 E480.25162
G1 X100.54 Y97.495 E480.25944
G1 X101.02 Y97.496 E480.26902
G1 X101.489 Y97.56 E480.27846
G1 X101.853 Y97.667 E480.28603
G1 X102.213 Y97.815 E480.2938
G1 X102.626 Y98.053 E480.30331
G1 X103.06 Y98.387 E480.31424
G1 X103.267 Y98.622 E480.32049
G1 X103.61 Y99.068 E480.33172
G1 X103.741 Y99.338 E480.33771
G1 X103.986 Y99.949 E480.35085
G1 X104.073 Y100.611 E480.36417
G1 X104.083 Y100.87 E480.36934
G1 X104.019 Y101.39 E480.3798
G1 X103.938 Y101.744 E480.38704
G1 X103.692 Y102.335 E480.39982
G1 X103.521 Y102.606 E480.40621
G1 X103.223 Y103.002 E480.4161
G1 X103.002 Y103.223 E480.42234
G1 X102.606 Y103.521 E480.43223
G1 X102.375 Y103.667 E480.43769
G1 X101.783 Y103.929 E480.4506
G1 X101.39 Y104.019 E480.45865
G1 X100.87 Y104.083 E480.46911
G0 F15000 X100.777 Y103.691
G1 F5400 X100.103 Y103.607 E480.48266
G1 X99.856 Y103.524 E480.48786
G1 X99.323 Y103.302 E480.49938
G1 X98.719 Y102.837 E480.51459
G1 X98.372 Y102.384 E480.52598
G1 X98.191 Y102.072 E480.53318
G1 X98.04 Y101.708 E480.54104
G1 X97.954 Y101.418 E480.54708
G1 X97.892 Y100.966 E480.55619
G1 X97.892 Y100.591 E480.56367
G1 X97.944 Y100.207 E480.5714
G1 X98.04 Y99.856 E480.57866
G1 X98.273 Y99.311 E480.59049
G1 X98.715 Y98.727 E480.60511
G1 X99.178 Y98.37 E480.61678
G1 X99.499 Y98.185 E480.62417
G1 X99.859 Y98.037 E480.63194
G1 X100.205 Y97.944 E480.63909
G1 X100.593 Y97.892 E480.6469
G1 X100.966 Y97.892 E480.65434
G1 X101.418 Y97.954 E480.66345
G1 X101.701 Y98.037 E480.66933
G1 X102.061 Y98.185 E480.6771
G1 X102.382 Y98.37 E480.68449
G1 X102.839 Y98.722 E480.69601
G1 X103.306 Y99.329 E480.71129
G1 X103.596 Y100.046 E480.72672
G1 X103.674 Y100.649 E480.73886
G1 X103.67 Y100.952 E480.7449
G1 X103.622 Y101.34 E480.75271
G1 X103.559 Y101.616 E480.75836
G1 X103.287 Y102.25 E480.77212
G1 X102.844 Y102.843 E480.78689
G1 X102.254 Y103.286 E480.80162
G1 X101.616 Y103.559 E480.81547
G1 X101.34 Y103.622 E480.82112
G1 X100.777 Y103.691 E480.83244
G0 F15000 X100.749 Y103.284
G1 F5400 X100.146 Y103.207 E480.84457
G1 X99.528 Y102.955 E480.85789
G1 X99.007 Y102.553 E480.87102
G1 X98.69 Y102.141 E480.88139
G1 X98.561 Y101.918 E480.88653
G1 X98.361 Y101.438 E480.89691
G1 X98.288 Y100.913 E480.90749
G1 X98.289 Y100.645 E480.91284
G1 X98.341 Y100.261 E480.92057
G1 X98.409 Y100.01 E480.92576
G1 X98.62 Y99.516 E480.93648
G1 X98.984 Y99.034 E480.94853
G1 X99.422 Y98.687 E480.95968
G1 X99.651 Y98.555 E480.96496
G1 X100.011 Y98.407 E480.97273
G1 X100.259 Y98.34 E480.97785
G1 X100.646 Y98.288 E480.98565
G1 X100.913 Y98.288 E480.99097
G1 X101.431 Y98.358 E481.0014
G1 X101.909 Y98.555 E481.01172
G1 X102.138 Y98.687 E481.017
G1 X102.554 Y99.007 E481.02747
G1 X102.956 Y99.53 E481.04063
G1 X103.207 Y100.146 E481.05391
G1 X103.288 Y100.781 E481.06668
G1 X103.209 Y101.421 E481.07955
G1 X102.939 Y102.049 E481.09319
G1 X102.558 Y102.558 E481.10588
G1 X102.049 Y102.939 E481.11857
G1 X101.415 Y103.212 E481.13235
G1 X100.749 Y103.284 E481.14571
G0 F15000 X100.781 Y102.885
G1 F5400 X100.249 Y102.819 E481.15641
G1 X99.733 Y102.601 E481.16759
G1 X99.294 Y102.264 E481.17863
G1 X98.961 Y101.838 E481.18943
G1 X98.748 Y101.328 E481.20045
G1 X98.674 Y100.779 E481.21151
G1 X98.748 Y100.235 E481.22247
G1 X98.967 Y99.72 E481.23363
G1 X99.295 Y99.295 E481.24435
G1 X99.727 Y98.956 E481.25531
G1 X100.235 Y98.747 E481.26627
G1 X100.781 Y98.674 E481.27726
G1 X101.326 Y98.748 E481.28824
G1 X101.833 Y98.956 E481.29917
G1 X102.264 Y99.295 E481.31012
G1 X102.601 Y99.733 E481.32114
G1 X102.819 Y100.249 E481.33232
G1 X102.885 Y100.781 E481.34302
G1 X102.818 Y101.319 E481.35384
G1 X102.595 Y101.842 E481.36519
G1 X102.269 Y102.269 E481.37591
G1 X101.842 Y102.595 E481.38663
G1 X101.319 Y102.818 E481.39797
G1 X100.781 Y102.885 E481.40879
G1 F2400 E480.60879
G1 F300 Z1.52
G0 F15000 X110 Y115.788
G1 F300 Z1.32
G1 F2400 E481.40879
G1 F5400 X109.772 Y115.782 E481.41335
G1 X108.608 Y115.634 E481.43676
G1 X108.355 Y115.558 E481.44203
G1 X107.071 Y115.021 E481.46981
G1 X106.014 Y114.207 E481.49643
G1 X105.793 Y113.986 E481.50267
G1 X104.978 Y112.925 E481.52937
G1 X104.443 Y111.656 E481.55685
G1 X104.362 Y111.387 E481.56246
G1 X104.204 Y110.128 E481.58778
G1 X104.214 Y109.772 E481.59488
G1 X104.362 Y108.611 E481.61824
G1 X104.437 Y108.357 E481.62353
G1 X104.969 Y107.095 E481.65086
G1 X105.793 Y106.014 E481.67798
G1 X106.014 Y105.793 E481.68422
G1 X107.095 Y104.969 E481.71134
G1 X108.357 Y104.437 E481.73868
G1 X108.613 Y104.361 E481.744
G1 X109.873 Y104.204 E481.76934
G1 X110.229 Y104.214 E481.77645
G1 X111.389 Y104.362 E481.79979
G1 X111.656 Y104.443 E481.80536
G1 X112.808 Y104.929 E481.83031
G1 X113.09 Y105.105 E481.83694
G1 X113.986 Y105.793 E481.85948
G1 X114.207 Y106.014 E481.86572
G1 X115.021 Y107.071 E481.89235
G1 X115.558 Y108.355 E481.92012
G1 X115.634 Y108.61 E481.92543
G1 X115.792 Y109.873 E481.95083
G1 X115.782 Y110.229 E481.95794
G1 X115.633 Y111.392 E481.98134
G1 X115.552 Y111.658 E481.98689
G1 X115.026 Y112.919 E482.01415
G1 X114.207 Y113.986 E482.04099
G1 X113.986 Y114.207 E482.04723
G1 X112.919 Y115.026 E482.07407
G1 X111.658 Y115.552 E482.10134
G1 X111.39 Y115.634 E482.10693
G1 X110.128 Y115.792 E482.13231
G1 X110 Y115.788 E482.13487
G0 F15000 X109.998 Y115.406
G1 F5400 X108.581 Y115.22 E482.16339
G1 X107.298 Y114.684 E482.19114
G1 X106.271 Y113.901 E482.21691
G1 X106.099 Y113.729 E482.22176
G1 X105.313 Y112.693 E482.24772
G1 X104.766 Y111.394 E482.27584
G1 X104.59 Y109.998 E482.30392
G1 X104.776 Y108.579 E482.33248
G1 X105.32 Y107.292 E482.36037
G1 X106.099 Y106.271 E482.38599
G1 X106.271 Y106.099 E482.39085
G1 X107.309 Y105.306 E482.41692
G1 X108.58 Y104.776 E482.4444
G1 X109.998 Y104.59 E482.47294
G1 X111.394 Y104.766 E482.50102
G1 X112.628 Y105.286 E482.52774
G1 X112.847 Y105.423 E482.53289
G1 X113.729 Y106.099 E482.55507
G1 X113.901 Y106.271 E482.55993
G1 X114.684 Y107.298 E482.5857
G1 X115.22 Y108.581 E482.61345
G1 X115.406 Y109.998 E482.64197
G1 X115.23 Y111.391 E482.66999
G1 X114.687 Y112.692 E482.69812
G1 X113.901 Y113.729 E482.72409
G1 X113.729 Y113.901 E482.72894
G1 X112.677 Y114.698 E482.75528
G1 X111.389 Y115.231 E482.7831
G1 X109.998 Y115.406 E482.81107
G0 F15000 X110 Y115.004
G1 F5400 X109.99 Y115.005 E482.81127
G1 X108.689 Y114.832 E482.83747
G1 X107.497 Y114.336 E482.86323
G1 X106.455 Y113.538 E482.88942
G1 X105.663 Y112.495 E482.91556
G1 X105.165 Y111.312 E482.94117
G1 X104.991 Y109.991 E482.96776
G1 X105.163 Y108.69 E482.99395
G1 X105.667 Y107.494 E483.01985
G1 X106.459 Y106.459 E483.04586
G1 X107.506 Y105.658 E483.07217
G1 X108.691 Y105.163 E483.09779
G1 X110 Y104.993 E483.12414
G1 X111.312 Y105.165 E483.15054
G1 X112.496 Y105.663 E483.17618
G1 X113.541 Y106.458 E483.20238
G1 X114.336 Y107.497 E483.22849
G1 X114.833 Y108.69 E483.25428
G1 X115.003 Y110 E483.28064
G1 X114.832 Y111.308 E483.30696
G1 X114.339 Y112.493 E483.33258
G1 X113.539 Y113.545 E483.35895
G1 X112.493 Y114.339 E483.38516
G1 X111.308 Y114.832 E483.41077
G1 X110 Y115.004 E483.4371
G0 F15000 X110 Y114.598
G1 F5400 X108.8 Y114.445 E483.46124
G1 X107.699 Y113.988 E483.48503
G1 X106.744 Y113.256 E483.50904
G1 X106.009 Y112.292 E483.53323
G1 X105.55 Y111.195 E483.55696
G1 X105.396 Y110.017 E483.58067
G1 X105.551 Y108.8 E483.60515
G1 X106.013 Y107.697 E483.62902
G1 X106.747 Y106.747 E483.65298
G1 X107.697 Y106.013 E483.67693
G1 X108.812 Y105.546 E483.70106
G1 X110.001 Y105.394 E483.72498
G1 X111.196 Y105.55 E483.74903
G1 X112.306 Y106.016 E483.77305
G1 X113.252 Y106.747 E483.79691
G1 X113.988 Y107.699 E483.82092
G1 X114.45 Y108.812 E483.84497
G1 X114.602 Y110.001 E483.86889
G1 X114.446 Y111.196 E483.89294
G1 X113.985 Y112.305 E483.91691
G1 X113.253 Y113.253 E483.94081
G1 X112.289 Y113.993 E483.96507
G1 X111.196 Y114.446 E483.98868
G1 X110.017 Y114.6 E484.0124
G1 X110 Y114.598 E484.01275
G1 F2400 E483.21275
G1 F300 Z1.52
G0 F15000 X118.992 Y122.502
G1 F300 Z1.32
G1 F2400 E484.01275
G1 F5400 X118.508 Y122.44 E484.02248
G1 X118.138 Y122.329 E484.03019
G1 X117.774 Y122.178 E484.03806
G1 X117.37 Y121.943 E484.04738
G1 X116.939 Y121.611 E484.05824
G1 X116.742 Y121.391 E484.06413
G1 X116.393 Y120.935 E484.07559
G1 X116.258 Y120.662 E484.08167
G1 X116.106 Y120.298 E484.08954
G1 X116.001 Y119.984 E484.09615
G1 X115.923 Y119.384 E484.10822
G1 X115.913 Y119.115 E484.1136
G1 X115.984 Y118.59 E484.12417
G1 X116.059 Y118.264 E484.13084
G1 X116.302 Y117.664 E484.14376
G1 X116.491 Y117.369 E484.15075
G1 X116.777 Y116.998 E484.1601
G1 X116.998 Y116.777 E484.16634
G1 X117.369 Y116.491 E484.17569
G1 X117.664 Y116.302 E484.18268
G1 X118.264 Y116.059 E484.1956
G1 X118.59 Y115.984 E484.20227
G1 X119.115 Y115.913 E484.21285
G1 X119.384 Y115.923 E484.21822
G1 X119.844 Y115.983 E484.22748
G1 X120.135 Y116.047 E484.23342
G1 X120.662 Y116.258 E484.24475
G1 X120.935 Y116.393 E484.25083
G1 X121.39 Y116.741 E484.26226
G1 X121.608 Y116.934 E484.26807
G1 X121.943 Y117.37 E484.27904
G1 X122.178 Y117.774 E484.28837
G1 X122.33 Y118.138 E484.29624
G1 X122.439 Y118.509 E484.30396
G1 X122.502 Y118.992 E484.31368
G1 X122.502 Y119.438 E484.32258
G1 X122.455 Y119.826 E484.33038
G1 X122.329 Y120.298 E484.34013
G1 X122.178 Y120.662 E484.34799
G1 X121.945 Y121.064 E484.35726
G1 X121.599 Y121.507 E484.36848
G1 X121.383 Y121.696 E484.37421
G1 X121.065 Y121.944 E484.38226
G1 X120.803 Y122.114 E484.38849
G1 X120.298 Y122.329 E484.39944
G1 X119.826 Y122.455 E484.40919
G1 X119.438 Y122.502 E484.41699
G1 X118.992 Y122.502 E484.42589
G0 F15000 X119.042 Y122.105
G1 F5400 X118.58 Y122.046 E484.43519
G1 X118.292 Y121.96 E484.44118
G1 X117.928 Y121.808 E484.44906
G1 X117.614 Y121.626 E484.4563
G1 X117.154 Y121.272 E484.46788
G1 X116.693 Y120.67 E484.48301
G1 X116.404 Y119.951 E484.49848
G1 X116.303 Y119.208 E484.51344
G1 X116.38 Y118.644 E484.5248
G1 X116.439 Y118.39 E484.53
G1 X116.711 Y117.738 E484.5441
G1 X117.158 Y117.158 E484.55872
G1 X117.738 Y116.711 E484.57333
G1 X118.39 Y116.439 E484.58743
G1 X118.644 Y116.38 E484.59263
G1 X119.208 Y116.303 E484.60399
G1 X119.952 Y116.404 E484.61897
G1 X120.673 Y116.695 E484.63449
G1 X121.274 Y117.157 E484.64962
G1 X121.626 Y117.614 E484.66113
G1 X121.808 Y117.928 E484.66837
G1 X121.961 Y118.292 E484.67625
G1 X122.046 Y118.581 E484.68226
G1 X122.106 Y119.042 E484.69154
G1 X122.106 Y119.388 E484.69845
G1 X122.058 Y119.777 E484.70627
G1 X121.96 Y120.144 E484.71385
G1 X121.809 Y120.508 E484.72171
G1 X121.628 Y120.821 E484.72893
G1 X121.271 Y121.277 E484.74049
G1 X120.691 Y121.728 E484.75515
G1 X120.144 Y121.96 E484.767
G1 X119.777 Y122.058 E484.77458
G1 X119.388 Y122.106 E484.78241
G1 X119.042 Y122.105 E484.78931
G0 F15000 X119.219 Y121.724
G1 F5400 X118.57 Y121.643 E484.80236
G1 X118.082 Y121.439 E484.81292
G1 X117.858 Y121.309 E484.81809
G1 X117.441 Y120.989 E484.82858
G1 X117.044 Y120.47 E484.84162
G1 X116.794 Y119.855 E484.85486
G1 X116.711 Y119.245 E484.86715
G1 X116.791 Y118.585 E484.88042
G1 X117.055 Y117.947 E484.8942
G1 X117.443 Y117.443 E484.90689
G1 X117.947 Y117.055 E484.91958
G1 X118.584 Y116.791 E484.93334
G1 X119.251 Y116.71 E484.94675
G1 X119.855 Y116.794 E484.95892
G1 X120.476 Y117.046 E484.9723
G1 X120.984 Y117.448 E484.98522
G1 X121.309 Y117.858 E484.99566
G1 X121.439 Y118.082 E485.00083
G1 X121.641 Y118.565 E485.01128
G1 X121.725 Y119.212 E485.0243
G1 X121.661 Y119.727 E485.03466
G1 X121.591 Y119.99 E485.04009
G1 X121.439 Y120.354 E485.04796
G1 X121.306 Y120.583 E485.05324
G1 X120.984 Y120.984 E485.06351
G1 X120.491 Y121.379 E485.07611
G1 X119.99 Y121.591 E485.08697
G1 X119.727 Y121.661 E485.0924
G1 X119.219 Y121.724 E485.10262
G0 F15000 X119.215 Y121.321
G1 F5400 X118.673 Y121.253 E485.11352
G1 X118.162 Y121.039 E485.12457
G1 X117.732 Y120.701 E485.13549
G1 X117.395 Y120.272 E485.14638
G1 X117.186 Y119.753 E485.15754
G1 X117.11 Y119.216 E485.16836
G1 X117.183 Y118.679 E485.17918
G1 X117.401 Y118.153 E485.19054
G1 X117.731 Y117.731 E485.20123
G1 X118.153 Y117.401 E485.21192
G1 X118.679 Y117.183 E485.22329
G1 X119.214 Y117.11 E485.23406
G1 X119.752 Y117.182 E485.24489
G1 X120.273 Y117.396 E485.25613
G1 X120.701 Y117.731 E485.26698
G1 X121.039 Y118.162 E485.27791
G1 X121.253 Y118.673 E485.28897
G1 X121.321 Y119.215 E485.29987
G1 X121.254 Y119.76 E485.31082
G1 X121.037 Y120.278 E485.32203
G1 X120.701 Y120.701 E485.33281
G1 X120.279 Y121.035 E485.34355
G1 X119.761 Y121.254 E485.35478
G1 X119.215 Y121.321 E485.36575
G1 F2400 E484.56575
G1 F300 Z1.52
G0 F15000 X110 Y128.18
G1 F300 Z1.32
G1 F2400 E485.36575
G1 F5400 X114.71 Y127.562 E485.46055
G1 X119.087 Y125.747 E485.55511
G1 X122.856 Y122.856 E485.64991
G1 X125.747 Y119.088 E485.74468
G1 X127.558 Y114.71 E485.83923
G1 X128.18 Y110 E485.93404
G1 X127.558 Y105.286 E486.02893
G1 X125.747 Y100.908 E486.12348
G1 X122.856 Y97.14 E486.21825
G1 X119.088 Y94.249 E486.31303
G1 X114.71 Y92.438 E486.40758
G1 X110 Y91.816 E486.50239
G1 X105.286 Y92.438 E486.59727
G1 X100.908 Y94.249 E486.69182
G1 X97.14 Y97.14 E486.7866
G1 X94.248 Y100.909 E486.8814
G1 X92.434 Y105.286 E486.97596
G1 X91.816 Y110 E487.07083
G1 X92.434 Y114.71 E487.16563
G1 X94.248 Y119.087 E487.26019
G1 X97.14 Y122.856 E487.35499
G1 X100.908 Y125.747 E487.44977
G1 X105.286 Y127.562 E487.54435
G1 X110 Y128.18 E487.63922
G0 F15000 X110 Y128.584
G1 F5400 X114.814 Y127.952 E487.73612
G1 X119.289 Y126.097 E487.83279
G1 X123.141 Y123.141 E487.92969
G1 X126.096 Y119.29 E488.02655
G1 X127.948 Y114.814 E488.12322
G1 X128.583 Y110 E488.22012
G1 X127.948 Y105.182 E488.3171
G1 X126.096 Y100.706 E488.41377
G1 X123.141 Y96.855 E488.51064
G1 X119.29 Y93.899 E488.60752
G1 X114.814 Y92.048 E488.70418
G1 X110 Y91.413 E488.80108
G1 X105.182 Y92.048 E488.89806
G1 X100.706 Y93.899 E488.99472
G1 X96.855 Y96.855 E489.0916
G1 X93.899 Y100.707 E489.1885
G1 X92.044 Y105.182 E489.28517
G1 X91.412 Y110 E489.38214
G1 X92.044 Y114.814 E489.47903
G1 X93.899 Y119.289 E489.57571
G1 X96.855 Y123.141 E489.6726
G1 X100.707 Y126.097 E489.7695
G1 X105.182 Y127.951 E489.86616
G1 X110 Y128.584 E489.96314
G0 F15000 X110 Y128.987
G1 F5400 X114.918 Y128.341 E490.06213
G1 X119.491 Y126.446 E490.16091
G1 X123.426 Y123.426 E490.2599
G1 X126.446 Y119.491 E490.35889
G1 X128.337 Y114.919 E490.45762
G1 X128.987 Y110 E490.55664
G1 X128.337 Y105.077 E490.65574
G1 X126.446 Y100.505 E490.75447
G1 X123.426 Y96.57 E490.85346
G1 X119.491 Y93.55 E490.95245
G1 X114.919 Y91.659 E491.05118
G1 X110 Y91.009 E491.1502
G1 X105.077 Y91.659 E491.2493
G1 X100.505 Y93.55 E491.34803
G1 X96.569 Y96.569 E491.44702
G1 X93.55 Y100.505 E491.54602
G1 X91.655 Y105.077 E491.64478
G1 X91.009 Y110 E491.74387
G1 X91.655 Y114.918 E491.84285
G1 X93.55 Y119.491 E491.94164
G1 X96.569 Y123.427 E492.04063
G1 X100.505 Y126.446 E492.13962
G1 X105.077 Y128.341 E492.23839
G1 X110 Y128.987 E492.33747
G0 F15000 X110 Y129.39
G1 F5400 X115.023 Y128.731 E492.43857
G1 X119.693 Y126.795 E492.53946
G1 X123.712 Y123.712 E492.64054
G1 X126.795 Y119.693 E492.74163
G1 X128.727 Y115.023 E492.84248
G1 X129.39 Y110 E492.94359
G1 X128.727 Y104.973 E493.04478
G1 X126.795 Y100.303 E493.14563
G1 X123.712 Y96.284 E493.24672
G1 X119.693 Y93.201 E493.3478
G1 X115.023 Y91.269 E493.44866
G1 X110 Y90.606 E493.54976
G1 X104.973 Y91.269 E493.65095
G1 X100.303 Y93.201 E493.75181
G1 X96.284 Y96.284 E493.85289
G1 X93.2 Y100.303 E493.95399
G1 X91.265 Y104.973 E494.05486
G1 X90.606 Y110 E494.15604
G1 X91.265 Y115.023 E494.25714
G1 X93.2 Y119.693 E494.35802
G1 X96.284 Y123.712 E494.45911
G1 X100.303 Y126.795 E494.5602
G1 X104.973 Y128.731 E494.66108
G1 X110 Y129.39 E494.76226
G1 F2400 E493.96226
G1 F300 Z1.52
G0 F15000 X101.002 Y122.502
G1 F300 Z1.32
G1 F2400 E494.76226
G1 F5400 X100.557 Y122.502 E494.77114
G1 X100.172 Y122.455 E494.77888
G1 X99.708 Y122.332 E494.78846
G1 X99.195 Y122.113 E494.79959
G1 X98.932 Y121.945 E494.80582
G1 X98.496 Y121.605 E494.81685
G1 X98.291 Y121.372 E494.82305
G1 X98.055 Y121.064 E494.83079
G1 X97.823 Y120.662 E494.84005
G1 X97.671 Y120.298 E494.84793
G1 X97.547 Y119.844 E494.85732
G1 X97.495 Y119.456 E494.86513
G1 X97.496 Y118.974 E494.87475
G1 X97.561 Y118.508 E494.88414
G1 X97.671 Y118.138 E494.89184
G1 X97.822 Y117.774 E494.89971
G1 X98.048 Y117.382 E494.90874
G1 X98.382 Y116.941 E494.91977
G1 X98.605 Y116.742 E494.92574
G1 X99.071 Y116.389 E494.93741
G1 X99.338 Y116.258 E494.94334
G1 X99.946 Y116.015 E494.95641
G1 X100.612 Y115.923 E494.96982
G1 X100.884 Y115.913 E494.97526
G1 X101.408 Y115.983 E494.98581
G1 X101.742 Y116.061 E494.99265
G1 X102.332 Y116.302 E495.00537
G1 X102.619 Y116.484 E495.01215
G1 X103.002 Y116.777 E495.02177
G1 X103.223 Y116.998 E495.02801
G1 X103.515 Y117.38 E495.03761
G1 X103.668 Y117.622 E495.04332
G1 X103.93 Y118.221 E495.05637
G1 X104.019 Y118.608 E495.06429
G1 X104.083 Y119.122 E495.07463
G1 X104.073 Y119.385 E495.07988
G1 X103.999 Y119.951 E495.09127
G1 X103.936 Y120.197 E495.09634
G1 X103.68 Y120.81 E495.1096
G1 X103.501 Y121.075 E495.11598
G1 X103.168 Y121.501 E495.12677
G1 X102.947 Y121.696 E495.13265
G1 X102.639 Y121.936 E495.14044
G1 X102.226 Y122.178 E495.15
G1 X101.862 Y122.329 E495.15786
G1 X101.489 Y122.44 E495.16563
G1 X101.002 Y122.502 E495.17542
G0 F15000 X100.953 Y122.106
G1 F5400 X100.606 Y122.106 E495.18235
G1 X100.222 Y122.058 E495.19007
G1 X99.861 Y121.962 E495.19752
G1 X99.299 Y121.724 E495.2097
G1 X98.718 Y121.272 E495.22439
G1 X98.372 Y120.82 E495.23575
G1 X98.192 Y120.508 E495.24294
G1 X98.04 Y120.144 E495.25081
G1 X97.944 Y119.791 E495.25811
G1 X97.892 Y119.403 E495.26593
G1 X97.892 Y119.028 E495.27341
G1 X97.954 Y118.58 E495.28244
G1 X98.04 Y118.292 E495.28843
G1 X98.191 Y117.928 E495.2963
G1 X98.367 Y117.623 E495.30333
G1 X98.719 Y117.158 E495.31496
G1 X99.33 Y116.694 E495.33027
G1 X99.856 Y116.476 E495.34164
G1 X100.097 Y116.395 E495.34671
G1 X100.781 Y116.303 E495.36048
G1 X101.355 Y116.38 E495.37204
G1 X101.615 Y116.44 E495.37737
G1 X102.256 Y116.711 E495.39125
G1 X102.843 Y117.157 E495.40597
G1 X103.284 Y117.738 E495.42052
G1 X103.561 Y118.389 E495.43464
G1 X103.622 Y118.658 E495.44015
G1 X103.691 Y119.211 E495.45127
G1 X103.598 Y119.949 E495.46611
G1 X103.327 Y120.619 E495.48053
G1 X103.185 Y120.829 E495.48559
G1 X102.835 Y121.277 E495.49694
G1 X102.393 Y121.621 E495.50811
G1 X102.072 Y121.808 E495.51553
G1 X101.708 Y121.96 E495.5234
G1 X101.418 Y122.046 E495.52944
G1 X100.953 Y122.106 E495.53879
G0 F15000 X100.78 Y121.725
G1 F5400 X100.272 Y121.661 E495.54901
G1 X100.014 Y121.593 E495.55434
G1 X99.502 Y121.376 E495.56543
G1 X98.986 Y120.963 E495.57862
G1 X98.69 Y120.577 E495.58833
G1 X98.561 Y120.354 E495.59347
G1 X98.409 Y119.99 E495.60134
G1 X98.34 Y119.737 E495.60658
G1 X98.288 Y119.35 E495.61437
G1 X98.288 Y119.081 E495.61974
G1 X98.361 Y118.562 E495.6302
G1 X98.561 Y118.082 E495.64057
G1 X98.686 Y117.864 E495.64559
G1 X99.006 Y117.441 E495.65617
G1 X99.533 Y117.043 E495.66935
G1 X100.144 Y116.794 E495.68252
G1 X100.784 Y116.707 E495.69541
G1 X101.42 Y116.792 E495.70821
G1 X102.051 Y117.057 E495.72187
G1 X102.558 Y117.443 E495.73459
G1 X102.94 Y117.946 E495.74719
G1 X103.212 Y118.59 E495.76114
G1 X103.284 Y119.246 E495.77431
G1 X103.207 Y119.852 E495.7865
G1 X102.954 Y120.475 E495.79992
G1 X102.576 Y120.96 E495.81219
G1 X102.147 Y121.305 E495.82318
G1 X101.918 Y121.439 E495.82847
G1 X101.431 Y121.642 E495.839
G1 X100.78 Y121.725 E495.8521
G0 F15000 X100.78 Y121.321
G1 F5400 X100.24 Y121.254 E495.86296
G1 X99.715 Y121.034 E495.87432
G1 X99.295 Y120.701 E495.88501
G1 X98.962 Y120.277 E495.89577
G1 X98.748 Y119.763 E495.90688
G1 X98.674 Y119.215 E495.91792
G1 X98.748 Y118.671 E495.92888
G1 X98.96 Y118.164 E495.93984
G1 X99.293 Y117.733 E495.95071
G1 X99.735 Y117.398 E495.96178
G1 X100.246 Y117.182 E495.97285
G1 X100.781 Y117.11 E495.98362
G1 X101.322 Y117.183 E495.99452
G1 X101.845 Y117.403 E496.00584
G1 X102.272 Y117.728 E496.01655
G1 X102.594 Y118.152 E496.02717
G1 X102.818 Y118.681 E496.03864
G1 X102.885 Y119.214 E496.04936
G1 X102.819 Y119.75 E496.06014
G1 X102.601 Y120.268 E496.07135
G1 X102.266 Y120.7 E496.08226
G1 X101.84 Y121.038 E496.09311
G1 X101.327 Y121.252 E496.1042
G1 X100.78 Y121.321 E496.11521
G1 F2400 E495.31521
G1 F300 Z1.52
G0 F15000 X119.122 Y104.083
G1 F300 Z1.32
G1 F2400 E496.11521
G1 F5400 X118.608 Y104.019 E496.12554
G1 X118.263 Y103.94 E496.13261
G1 X117.662 Y103.693 E496.14557
G1 X117.38 Y103.514 E496.15224
G1 X116.998 Y103.223 E496.16182
G1 X116.777 Y103.002 E496.16806
G1 X116.484 Y102.618 E496.1777
G1 X116.327 Y102.371 E496.18354
G1 X116.072 Y101.783 E496.19633
G1 X115.983 Y101.408 E496.20402
G1 X115.913 Y100.884 E496.21457
G1 X115.923 Y100.612 E496.22
G1 X116.015 Y99.945 E496.23344
G1 X116.259 Y99.338 E496.24649
G1 X116.388 Y99.073 E496.25238
G1 X116.741 Y98.606 E496.26406
G1 X116.939 Y98.385 E496.26998
G1 X117.37 Y98.053 E496.28084
G1 X117.783 Y97.815 E496.29035
G1 X118.143 Y97.667 E496.29812
G1 X118.507 Y97.56 E496.30569
G1 X118.976 Y97.495 E496.31514
G1 X119.456 Y97.495 E496.32472
G1 X119.844 Y97.547 E496.33253
G1 X120.289 Y97.667 E496.34173
G1 X120.649 Y97.814 E496.34949
G1 X121.062 Y98.053 E496.35901
G1 X121.502 Y98.391 E496.37008
G1 X121.704 Y98.621 E496.37619
G1 X121.944 Y98.933 E496.38404
G1 X122.113 Y99.197 E496.3903
G1 X122.329 Y99.702 E496.40126
G1 X122.455 Y100.172 E496.41097
G1 X122.502 Y100.557 E496.41871
G1 X122.502 Y101.002 E496.42759
G1 X122.44 Y101.489 E496.43739
G1 X122.33 Y101.862 E496.44515
G1 X122.178 Y102.226 E496.45302
G1 X121.936 Y102.639 E496.46257
G1 X121.602 Y103.068 E496.47342
G1 X121.383 Y103.26 E496.47924
G1 X120.943 Y103.603 E496.49037
G1 X120.662 Y103.742 E496.49663
G1 X120.054 Y103.985 E496.50969
G1 X119.385 Y104.073 E496.52316
G1 X119.122 Y104.083 E496.52841
G0 F15000 X119.347 Y103.674
G1 F5400 X119.042 Y103.67 E496.5345
G1 X118.658 Y103.622 E496.54222
G1 X118.389 Y103.561 E496.54772
G1 X117.738 Y103.284 E496.56184
G1 X117.157 Y102.843 E496.5764
G1 X116.711 Y102.256 E496.59111
G1 X116.441 Y101.615 E496.60499
G1 X116.38 Y101.355 E496.61032
G1 X116.304 Y100.789 E496.62172
G1 X116.394 Y100.098 E496.63562
G1 X116.476 Y99.856 E496.64072
G1 X116.696 Y99.329 E496.65212
G1 X117.153 Y98.725 E496.66723
G1 X117.614 Y98.37 E496.67885
G1 X117.935 Y98.185 E496.68624
G1 X118.295 Y98.037 E496.69401
G1 X118.578 Y97.954 E496.69989
G1 X119.03 Y97.892 E496.709
G1 X119.403 Y97.892 E496.71644
G1 X119.791 Y97.943 E496.72425
G1 X120.137 Y98.037 E496.73141
G1 X120.497 Y98.184 E496.73917
G1 X120.818 Y98.37 E496.74657
G1 X121.275 Y98.721 E496.75807
G1 X121.725 Y99.305 E496.77278
G1 X121.96 Y99.856 E496.78474
G1 X122.058 Y100.222 E496.7923
G1 X122.106 Y100.606 E496.80002
G1 X122.106 Y100.953 E496.80694
G1 X122.047 Y101.418 E496.8163
G1 X121.961 Y101.708 E496.82233
G1 X121.808 Y102.072 E496.83021
G1 X121.621 Y102.393 E496.83763
G1 X121.276 Y102.837 E496.84885
G1 X120.676 Y103.304 E496.86402
G1 X119.953 Y103.596 E496.87958
G1 X119.347 Y103.674 E496.89178
G0 F15000 X119.214 Y103.288
G1 F5400 X118.583 Y103.21 E496.90446
G1 X117.95 Y102.941 E496.91819
G1 X117.439 Y102.555 E496.93097
G1 X117.057 Y102.05 E496.94361
G1 X116.792 Y101.421 E496.95723
G1 X116.707 Y100.784 E496.97005
G1 X116.794 Y100.144 E496.98294
G1 X117.043 Y99.532 E496.99613
G1 X117.441 Y99.007 E497.00927
G1 X117.858 Y98.687 E497.01976
G1 X118.087 Y98.555 E497.02504
G1 X118.565 Y98.358 E497.03535
G1 X119.083 Y98.288 E497.04579
G1 X119.35 Y98.288 E497.05111
G1 X119.737 Y98.34 E497.05891
G1 X119.985 Y98.407 E497.06403
G1 X120.345 Y98.554 E497.07179
G1 X120.574 Y98.687 E497.07708
G1 X121.011 Y99.033 E497.0882
G1 X121.382 Y99.516 E497.10036
G1 X121.591 Y100.01 E497.11106
G1 X121.661 Y100.272 E497.11647
G1 X121.725 Y100.78 E497.12669
G1 X121.642 Y101.431 E497.13979
G1 X121.439 Y101.918 E497.15031
G1 X121.305 Y102.147 E497.15561
G1 X120.982 Y102.549 E497.1659
G1 X120.48 Y102.951 E497.17874
G1 X119.853 Y103.207 E497.19225
G1 X119.214 Y103.288 E497.2051
G0 F15000 X119.217 Y102.886
G1 F5400 X118.681 Y102.818 E497.21589
G1 X118.152 Y102.594 E497.22735
G1 X117.728 Y102.272 E497.23798
G1 X117.402 Y101.842 E497.24874
G1 X117.182 Y101.319 E497.26007
G1 X117.116 Y100.787 E497.27076
G1 X117.181 Y100.249 E497.28158
G1 X117.398 Y99.735 E497.29271
G1 X117.722 Y99.296 E497.3036
G1 X118.166 Y98.955 E497.31477
G1 X118.67 Y98.748 E497.32565
G1 X119.216 Y98.674 E497.33664
G1 X119.76 Y98.747 E497.3476
G1 X120.266 Y98.954 E497.35851
G1 X120.701 Y99.295 E497.36954
G1 X121.035 Y99.72 E497.38032
G1 X121.254 Y100.24 E497.39158
G1 X121.321 Y100.78 E497.40244
G1 X121.252 Y101.327 E497.41344
G1 X121.038 Y101.84 E497.42454
G1 X120.7 Y102.266 E497.43539
G1 X120.273 Y102.604 E497.44626
G1 X119.753 Y102.814 E497.45745
G1 X119.217 Y102.886 E497.46824
G0 F15000 X119.235 Y102.48
;TYPE:WALL-OUTER
G1 F5400 X118.778 Y102.428 E497.47742
G1 X118.385 Y102.261 E497.48594
G1 X118.002 Y101.973 E497.4955
G1 X117.735 Y101.61 E497.5045
G1 X117.578 Y101.232 E497.51267
G1 X117.516 Y100.761 E497.52215
G1 X117.576 Y100.336 E497.53071
G1 X117.746 Y99.933 E497.53944
G1 X118.014 Y99.578 E497.54832
G1 X118.368 Y99.304 E497.55725
G1 X118.801 Y99.133 E497.56654
G1 X119.216 Y99.077 E497.5749
G1 X119.631 Y99.133 E497.58325
G1 X120.041 Y99.294 E497.59204
G1 X120.418 Y99.578 E497.60146
G1 X120.694 Y99.939 E497.61053
G1 X120.864 Y100.344 E497.6193
G1 X120.915 Y100.805 E497.62855
G1 X120.865 Y101.204 E497.63658
G1 X120.701 Y101.61 E497.64532
G1 X120.418 Y101.982 E497.65464
G1 X120.068 Y102.254 E497.66349
G1 X119.663 Y102.424 E497.67225
G1 X119.235 Y102.48 E497.68087
G1 F2400 E496.88087
G1 F300 Z1.52
G0 F15000 X110 Y114.194
G1 F300 Z1.32
G1 F2400 E497.68087
G1 F5400 X108.896 Y114.053 E497.70308
G1 X107.908 Y113.643 E497.72443
G1 X107.018 Y112.957 E497.74685
G1 X106.366 Y112.103 E497.76829
G1 X105.944 Y111.102 E497.78997
G1 X105.8 Y110.015 E497.81185
G1 X105.943 Y108.896 E497.83436
G1 X106.367 Y107.891 E497.85613
G1 X107.043 Y107.018 E497.87817
G1 X107.891 Y106.367 E497.8995
G1 X108.896 Y105.943 E497.92127
G1 X109.985 Y105.8 E497.94319
G1 X111.085 Y105.936 E497.96531
G1 X112.103 Y106.366 E497.98736
G1 X112.982 Y107.043 E498.0095
G1 X113.643 Y107.908 E498.03123
G1 X114.053 Y108.896 E498.05257
G1 X114.196 Y109.985 E498.07449
G1 X114.052 Y111.102 E498.09697
G1 X113.634 Y112.103 E498.11861
G1 X112.957 Y112.982 E498.14076
G1 X112.103 Y113.634 E498.1622
G1 X111.102 Y114.052 E498.18384
G1 X110.015 Y114.196 E498.20573
G1 X110 Y114.194 E498.20603
G1 F2400 E497.40603
G1 F300 Z1.52
G0 F15000 X119.191 Y120.915
G1 F300 Z1.32
G1 F2400 E498.20603
G1 F5400 X118.796 Y120.865 E498.21397
G1 X118.39 Y120.701 E498.22271
G1 X118.014 Y120.418 E498.2321
G1 X117.746 Y120.068 E498.2409
G1 X117.576 Y119.663 E498.24967
G1 X117.516 Y119.235 E498.25829
G1 X117.578 Y118.768 E498.26769
G1 X117.742 Y118.37 E498.27628
G1 X118.027 Y118.002 E498.28557
G1 X118.37 Y117.742 E498.29416
G1 X118.768 Y117.578 E498.30275
G1 X119.235 Y117.516 E498.31215
G1 X119.663 Y117.576 E498.32078
G1 X120.046 Y117.735 E498.32905
G1 X120.418 Y118.014 E498.33833
G1 X120.701 Y118.39 E498.34772
G1 X120.864 Y118.781 E498.35618
G1 X120.915 Y119.241 E498.36541
G1 X120.864 Y119.657 E498.37378
G1 X120.701 Y120.046 E498.38219
G1 X120.418 Y120.418 E498.39152
G1 X120.061 Y120.694 E498.40053
G1 X119.656 Y120.864 E498.40929
G1 X119.191 Y120.915 E498.41863
G1 F2400 E497.61863
G1 F300 Z1.52
G0 F15000 X110 Y129.794
G1 F300 Z1.32
G1 F2400 E498.41863
G1 F5400 X115.127 Y129.121 E498.52182
G1 X119.895 Y127.145 E498.62482
G1 X123.997 Y123.997 E498.72801
G1 X127.145 Y119.895 E498.83119
G1 X129.117 Y115.127 E498.93416
G1 X129.794 Y110 E499.03736
G1 X129.117 Y104.869 E499.14065
G1 X127.145 Y100.101 E499.24361
G1 X123.997 Y95.999 E499.3468
G1 X119.895 Y92.851 E499.44999
G1 X115.127 Y90.879 E499.55295
G1 X110 Y90.202 E499.65616
G1 X104.869 Y90.879 E499.75944
G1 X100.101 Y92.851 E499.86241
G1 X95.999 Y95.999 E499.96559
G1 X92.851 Y100.101 E500.06878
G1 X90.875 Y104.869 E500.17178
G1 X90.202 Y110 E500.27505
G1 X90.875 Y115.127 E500.37824
G1 X92.851 Y119.895 E500.48124
G1 X95.999 Y123.997 E500.58443
G1 X100.101 Y127.145 E500.68762
G1 X104.869 Y129.121 E500.79062
G1 X110 Y129.794 E500.89389
G1 F2400 E500.09389
G1 F300 Z1.52
G0 F15000 X100.755 Y120.915
G1 F300 Z1.32
G1 F2400 E500.89389
G1 F5400 X100.345 Y120.864 E500.90213
G1 X99.935 Y120.694 E500.91099
G1 X99.578 Y120.418 E500.91999
G1 X99.299 Y120.046 E500.92927
G1 X99.133 Y119.631 E500.93819
G1 X99.077 Y119.216 E500.94655
G1 X99.135 Y118.796 E500.95501
G1 X99.299 Y118.39 E500.96375
G1 X99.577 Y118.015 E500.97307
G1 X99.954 Y117.735 E500.98244
G1 X100.336 Y117.576 E500.99069
G1 X100.761 Y117.516 E500.99926
G1 X101.232 Y117.578 E501.00874
G1 X101.626 Y117.743 E501.01726
G1 X101.998 Y118.027 E501.0266
G1 X102.261 Y118.385 E501.03547
G1 X102.422 Y118.768 E501.04376
G1 X102.48 Y119.235 E501.05315
G1 X102.424 Y119.663 E501.06177
G1 X102.254 Y120.068 E501.07053
G1 X101.982 Y120.418 E501.07938
G1 X101.61 Y120.701 E501.0887
G1 X101.219 Y120.864 E501.09716
G1 X100.755 Y120.915 E501.10647
G1 F2400 E500.30647
G1 F300 Z1.52
G0 F15000 X100.761 Y102.48
G1 F300 Z1.32
G1 F2400 E501.10647
G1 F5400 X100.336 Y102.424 E501.11503
G1 X99.932 Y102.254 E501.12377
G1 X99.578 Y101.982 E501.13268
G1 X99.299 Y101.61 E501.14196
G1 X99.133 Y101.195 E501.15088
G1 X99.077 Y100.78 E501.15924
G1 X99.137 Y100.343 E501.16804
G1 X99.306 Y99.939 E501.17678
G1 X99.578 Y99.578 E501.1858
G1 X99.932 Y99.304 E501.19474
G1 X100.365 Y99.133 E501.20403
G1 X100.78 Y99.077 E501.21238
G1 X101.204 Y99.135 E501.22092
G1 X101.629 Y99.304 E501.23005
G1 X101.982 Y99.578 E501.23897
G1 X102.254 Y99.932 E501.24788
G1 X102.424 Y100.336 E501.25662
G1 X102.48 Y100.761 E501.26518
G1 X102.422 Y101.232 E501.27465
G1 X102.253 Y101.626 E501.2832
G1 X101.973 Y101.998 E501.2925
G1 X101.626 Y102.253 E501.30109
G1 X101.232 Y102.422 E501.30964
G1 X100.761 Y102.48 E501.31911
G1 F2400 E500.51911
G1 F300 Z1.52
G0 F15000 X98.428 Y103.215
;TYPE:FILL
G1 F300 Z1.32
G1 F2400 E501.31911
G1 F10800 X94.238 Y118.853 E501.6422
G0 F15000 X93.898 Y118.035
G1 F10800 X101.962 Y126.098 E501.86977
G0 F15000 X101.146 Y125.761
G1 F10800 X116.785 Y121.57 E502.19287
G1 F2400 E501.39287
G1 F300 Z1.52
G0 F15000 X118.131 Y122.41
G1 F300 Z1.32
G1 F2400 E502.19287
G1 F10800 X117.032 Y126.513 E502.27764
G1 F2400 E501.47764
G1 F300 Z1.52
G0 F15000 X118.669 Y125.835
G1 F300 Z1.32
G1 F2400 E502.27764
G1 F10800 X108.527 Y115.693 E502.56387
G0 F15000 X107.604 Y115.335
G1 F10800 X104.444 Y127.126 E502.80747
G1 F2400 E502.00747
G1 F300 Z1.52
G0 F15000 X110.409 Y128.046
G1 F300 Z1.32
G1 F2400 E502.80747
G1 F10800 X114.125 Y114.179 E503.09397
G0 F15000 X114.741 Y113.421
G1 F10800 X117.581 Y116.261 E503.17412
G1 F2400 E502.37412
G1 F300 Z1.52
G0 F15000 X119.874 Y115.907
G1 F300 Z1.32
G1 F2400 E503.17412
G1 F10800 X124.346 Y99.215 E503.51897
G1 F2400 E502.71897
G1 F300 Z1.52
G0 F15000 X125.425 Y100.62
G1 F300 Z1.32
G1 F2400 E503.51897
G1 F10800 X122.533 Y101.395 E503.57872
G1 F2400 E502.77872
G1 F300 Z1.52
G0 F15000 X121.534 Y103.244
G1 F300 Z1.32
G1 F2400 E503.57872
G1 F10800 X128.07 Y109.78 E503.76318
G0 F15000 X127.957 Y108.923
G1 F10800 X125.012 Y119.914 E503.99026
G0 F15000 X125.54 Y119.224
G1 F10800 X122.478 Y120.045 E504.05352
G0 F15000 X122.163 Y120.843
G1 F10800 X123.372 Y122.053 E504.08765
G1 F2400 E503.28765
G1 F300 Z1.52
G0 F15000 X126.606 Y116.801
G1 F300 Z1.32
G1 F2400 E504.08765
G1 F10800 X103.195 Y93.39 E504.74836
G1 F2400 E503.94836
G1 F300 Z1.52
G0 F15000 X100.776 Y94.452
G1 F300 Z1.32
G1 F2400 E504.74836
G1 F10800 X99.954 Y97.52 E504.81175
G0 F15000 X99.154 Y97.835
G1 F10800 X97.943 Y96.624 E504.84593
G1 F2400 E504.04593
G1 F300 Z1.52
G0 F15000 X100.075 Y94.989
G1 F300 Z1.32
G1 F2400 E504.84593
G1 F10800 X111.083 Y92.04 E505.07335
G0 F15000 X110.216 Y91.926
G1 F10800 X116.75 Y98.46 E505.25775
G1 F2400 E504.45775
G1 F300 Z1.52
G0 F15000 X118.603 Y97.467
G1 F300 Z1.32
G1 F2400 E505.25775
G1 F10800 X119.378 Y94.574 E505.31752
G1 F2400 E504.51752
G1 F300 Z1.52
G0 F15000 X120.785 Y95.652
G1 F300 Z1.32
G1 F2400 E505.31752
G1 F10800 X104.09 Y100.125 E505.66244
G1 F2400 E504.86244
G1 F300 Z1.52
G0 F15000 X103.735 Y102.416
G1 F300 Z1.32
G1 F2400 E505.66244
G1 F10800 X106.577 Y105.257 E505.74263
G0 F15000 X105.823 Y105.873
G1 F10800 X91.952 Y109.589 E506.0292
G1 F2400 E505.2292
G1 F300 Z1.52
G0 F15000 X92.181 Y107.832
G1 F300 Z1.32
G1 F2400 E506.0292
G1 F10800 X100.243 Y115.894 E506.25673
G0 F15000 X101.246 Y115.881
G1 F10800 X107.587 Y92.215 E506.74567
G1 F2400 E505.94567
G1 F300 Z1.52
G0 F15000 X113.751 Y92.392
G1 F300 Z1.32
G1 F2400 E506.74567
G1 F10800 X110.592 Y104.182 E506.98925
G0 F15000 X111.567 Y104.333
G1 F10800 X116.653 Y102.971 E507.09432
G0 F15000 X117.028 Y103.346
G1 F10800 X115.665 Y108.432 E507.1994
G0 F15000 X115.814 Y109.407
G1 F10800 X127.604 Y106.248 E507.44298
G1 F2400 E506.64298
G1 F300 Z1.52
G0 F15000 X127.78 Y112.412
G1 F300 Z1.32
G1 F2400 E507.44298
G1 F10800 X104.118 Y118.753 E507.93185
G0 F15000 X104.105 Y119.756
G1 F10800 X112.163 Y127.815 E508.15927
G1 F2400 E507.35927
G1 F300 Z1.52
G0 F15000 X99.018 Y124.197
G1 F300 Z1.32
G1 F2400 E508.15927
G1 F10800 X99.516 Y122.337 E508.1977
G1 F2400 E507.3977
G1 F300 Z1.52
G0 F15000 X97.662 Y120.483
G1 F300 Z1.32
G1 F2400 E508.1977
G1 F10800 X95.801 Y120.981 E508.23614
G1 F2400 E507.43614
G1 F300 Z1.52
G0 F15000 X92.87 Y115.555
G1 F300 Z1.32
G1 F2400 E508.23614
G1 F10800 X104.669 Y112.393 E508.47992
G0 F15000 X104.305 Y111.47
G1 F10800 X94.16 Y101.326 E508.76621
G1 F2400 E507.96621
G1 F300 Z1.52
G0 F15000 X93.482 Y102.968
G1 F300 Z1.32
G1 F2400 E508.76621
G1 F10800 X97.59 Y101.867 E508.85109
G1 F2400 E508.05109
G1 F300 Z1.52
;MESH:NONMESH
G0 F15000 X100.87 Y104.083
;TIME_ELAPSED:881.340819
;LAYER:11
;MESH:vertMount_Cover_RPi_r01.stl
G0 Z1.64
;TYPE:WALL-INNER
G1 F300 Z1.44
G1 F2400 E508.85109
G1 F5400 X100.611 Y104.073 E508.85626
G1 X99.949 Y103.986 E508.86958
G1 X99.338 Y103.741 E508.88272
G1 X99.061 Y103.604 E508.88889
G1 X98.605 Y103.254 E508.90036
G1 X98.387 Y103.061 E508.90617
G1 X98.055 Y102.627 E508.91707
G1 X97.822 Y102.226 E508.92633
G1 X97.671 Y101.862 E508.93419
G1 X97.561 Y101.49 E508.94194
G1 X97.496 Y101.02 E508.9514
G1 X97.496 Y100.538 E508.96102
G1 X97.548 Y100.154 E508.96876
G1 X97.671 Y99.702 E508.9781
G1 X97.888 Y99.199 E508.98904
G1 X98.048 Y98.946 E508.99501
G1 X98.291 Y98.624 E509.00306
G1 X98.5 Y98.387 E509.00937
G1 X98.934 Y98.053 E509.0203
G1 X99.347 Y97.815 E509.02981
G1 X99.707 Y97.667 E509.03758
G1 X100.152 Y97.547 E509.04677
G1 X100.54 Y97.495 E509.05459
G1 X101.02 Y97.496 E509.06416
G1 X101.489 Y97.56 E509.07361
G1 X101.853 Y97.667 E509.08118
G1 X102.213 Y97.815 E509.08895
G1 X102.626 Y98.053 E509.09846
G1 X103.06 Y98.387 E509.10939
G1 X103.267 Y98.622 E509.11564
G1 X103.61 Y99.068 E509.12687
G1 X103.741 Y99.338 E509.13286
G1 X103.986 Y99.949 E509.14599
G1 X104.073 Y100.611 E509.15932
G1 X104.083 Y100.87 E509.16449
G1 X104.019 Y101.39 E509.17495
G1 X103.938 Y101.744 E509.18219
G1 X103.692 Y102.335 E509.19497
G1 X103.521 Y102.606 E509.20136
G1 X103.223 Y103.002 E509.21125
G1 X103.002 Y103.223 E509.21749
G1 X102.606 Y103.521 E509.22738
G1 X102.375 Y103.667 E509.23283
G1 X101.783 Y103.929 E509.24575
G1 X101.39 Y104.019 E509.2538
G1 X100.87 Y104.083 E509.26425
G0 F15000 X100.777 Y103.691
G1 F5400 X100.103 Y103.607 E509.27781
G1 X99.856 Y103.524 E509.28301
G1 X99.323 Y103.302 E509.29453
G1 X98.72 Y102.838 E509.30972
G1 X98.372 Y102.384 E509.32113
G1 X98.191 Y102.072 E509.32833
G1 X98.04 Y101.708 E509.33619
G1 X97.954 Y101.418 E509.34223
G1 X97.892 Y100.966 E509.35133
G1 X97.892 Y100.591 E509.35882
G1 X97.944 Y100.207 E509.36655
G1 X98.04 Y99.856 E509.37381
G1 X98.273 Y99.311 E509.38564
G1 X98.715 Y98.727 E509.40026
G1 X99.178 Y98.37 E509.41192
G1 X99.499 Y98.185 E509.41932
G1 X99.859 Y98.037 E509.42709
G1 X100.205 Y97.944 E509.43424
G1 X100.593 Y97.892 E509.44205
G1 X100.966 Y97.892 E509.44949
G1 X101.418 Y97.954 E509.4586
G1 X101.701 Y98.037 E509.46448
G1 X102.061 Y98.185 E509.47225
G1 X102.382 Y98.37 E509.47964
G1 X102.839 Y98.722 E509.49115
G1 X103.306 Y99.329 E509.50644
G1 X103.596 Y100.046 E509.52187
G1 X103.674 Y100.649 E509.53401
G1 X103.67 Y100.952 E509.54005
G1 X103.622 Y101.34 E509.54786
G1 X103.559 Y101.616 E509.5535
G1 X103.287 Y102.25 E509.56727
G1 X102.844 Y102.843 E509.58204
G1 X102.254 Y103.286 E509.59677
G1 X101.616 Y103.559 E509.61062
G1 X101.34 Y103.622 E509.61627
G1 X100.777 Y103.691 E509.62758
G0 F15000 X100.749 Y103.284
G1 F5400 X100.146 Y103.207 E509.63972
G1 X99.528 Y102.955 E509.65303
G1 X99.005 Y102.552 E509.66621
G1 X98.69 Y102.141 E509.67654
G1 X98.561 Y101.918 E509.68169
G1 X98.361 Y101.438 E509.69206
G1 X98.288 Y100.913 E509.70264
G1 X98.289 Y100.645 E509.70799
G1 X98.341 Y100.261 E509.71572
G1 X98.409 Y100.01 E509.72091
G1 X98.62 Y99.516 E509.73163
G1 X98.984 Y99.034 E509.74369
G1 X99.422 Y98.687 E509.75484
G1 X99.651 Y98.555 E509.76011
G1 X100.011 Y98.407 E509.76788
G1 X100.259 Y98.34 E509.77301
G1 X100.646 Y98.288 E509.7808
G1 X100.913 Y98.288 E509.78613
G1 X101.431 Y98.358 E509.79656
G1 X101.909 Y98.555 E509.80687
G1 X102.138 Y98.687 E509.81215
G1 X102.554 Y99.007 E509.82262
G1 X102.956 Y99.53 E509.83579
G1 X103.207 Y100.146 E509.84906
G1 X103.288 Y100.781 E509.86184
G1 X103.209 Y101.421 E509.87471
G1 X102.939 Y102.049 E509.88835
G1 X102.558 Y102.558 E509.90103
G1 X102.049 Y102.939 E509.91372
G1 X101.415 Y103.212 E509.9275
G1 X100.749 Y103.284 E509.94087
G0 F15000 X100.781 Y102.885
G1 F5400 X100.249 Y102.819 E509.95156
G1 X99.733 Y102.601 E509.96274
G1 X99.294 Y102.264 E509.97379
G1 X98.961 Y101.838 E509.98458
G1 X98.748 Y101.328 E509.99561
G1 X98.674 Y100.779 E510.00666
G1 X98.748 Y100.235 E510.01762
G1 X98.967 Y99.72 E510.02879
G1 X99.295 Y99.295 E510.0395
G1 X99.727 Y98.956 E510.05046
G1 X100.235 Y98.747 E510.06142
G1 X100.781 Y98.674 E510.07241
G1 X101.326 Y98.748 E510.08339
G1 X101.833 Y98.956 E510.09433
G1 X102.264 Y99.295 E510.10527
G1 X102.601 Y99.733 E510.1163
G1 X102.819 Y100.249 E510.12748
G1 X102.885 Y100.781 E510.13817
G1 X102.818 Y101.319 E510.14899
G1 X102.595 Y101.842 E510.16034
G1 X102.269 Y102.269 E510.17106
G1 X101.842 Y102.595 E510.18178
G1 X101.319 Y102.818 E510.19313
G1 X100.781 Y102.885 E510.20395
G1 F2400 E509.40395
G1 F300 Z1.64
G0 F15000 X110 Y115.788
G1 F300 Z1.44
G1 F2400 E510.20395
G1 F5400 X109.772 Y115.782 E510.2085
G1 X108.608 Y115.634 E510.23191
G1 X108.355 Y115.558 E510.23719
G1 X107.071 Y115.021 E510.26496
G1 X106.014 Y114.207 E510.29158
G1 X105.793 Y113.986 E510.29782
G1 X104.978 Y112.925 E510.32452
G1 X104.443 Y111.656 E510.352
G1 X104.362 Y111.387 E510.35761
G1 X104.204 Y110.128 E510.38293
G1 X104.214 Y109.772 E510.39004
G1 X104.362 Y108.611 E510.41339
G1 X104.437 Y108.357 E510.41868
G1 X104.969 Y107.095 E510.44601
G1 X105.793 Y106.014 E510.47313
G1 X106.014 Y105.793 E510.47937
G1 X107.095 Y104.969 E510.5065
G1 X108.357 Y104.437 E510.53383
G1 X108.613 Y104.361 E510.53916
G1 X109.873 Y104.204 E510.5645
G1 X110.229 Y104.214 E510.5716
G1 X111.389 Y104.362 E510.59494
G1 X111.656 Y104.443 E510.60051
G1 X112.808 Y104.929 E510.62546
G1 X113.09 Y105.105 E510.63209
G1 X113.986 Y105.793 E510.65464
G1 X114.207 Y106.014 E510.66087
G1 X115.021 Y107.071 E510.6875
G1 X115.558 Y108.355 E510.71527
G1 X115.634 Y108.61 E510.72058
G1 X115.792 Y109.873 E510.74598
G1 X115.782 Y110.229 E510.75309
G1 X115.633 Y111.392 E510.77649
G1 X115.552 Y111.658 E510.78204
G1 X115.026 Y112.919 E510.8093
G1 X114.207 Y113.986 E510.83615
G1 X113.986 Y114.207 E510.84238
G1 X112.919 Y115.026 E510.86923
G1 X111.658 Y115.552 E510.89649
G1 X111.39 Y115.634 E510.90209
G1 X110.128 Y115.792 E510.92747
G1 X110 Y115.788 E510.93002
G0 F15000 X109.998 Y115.406
G1 F5400 X108.581 Y115.22 E510.95854
G1 X107.298 Y114.684 E510.98629
G1 X106.271 Y113.901 E511.01206
G1 X106.099 Y113.729 E511.01692
G1 X105.313 Y112.693 E511.04287
G1 X104.766 Y111.394 E511.071
G1 X104.59 Y109.998 E511.09908
G1 X104.776 Y108.579 E511.12764
G1 X105.32 Y107.292 E511.15552
G1 X106.099 Y106.271 E511.18115
G1 X106.271 Y106.099 E511.186
G1 X107.309 Y105.306 E511.21207
G1 X108.58 Y104.776 E511.23955
G1 X109.998 Y104.59 E511.26809
G1 X111.394 Y104.766 E511.29617
G1 X112.628 Y105.286 E511.32289
G1 X112.847 Y105.423 E511.32805
G1 X113.729 Y106.099 E511.35022
G1 X113.901 Y106.271 E511.35508
G1 X114.684 Y107.298 E511.38085
G1 X115.22 Y108.581 E511.4086
G1 X115.406 Y109.998 E511.43712
G1 X115.23 Y111.391 E511.46514
G1 X114.687 Y112.692 E511.49327
G1 X113.901 Y113.729 E511.51924
G1 X113.729 Y113.901 E511.52409
G1 X112.677 Y114.698 E511.55043
G1 X111.389 Y115.231 E511.57825
G1 X109.998 Y115.406 E511.60623
G0 F15000 X110 Y115.004
G1 F5400 X109.99 Y115.005 E511.60643
G1 X108.689 Y114.832 E511.63262
G1 X107.497 Y114.336 E511.65838
G1 X106.455 Y113.538 E511.68458
G1 X105.663 Y112.495 E511.71071
G1 X105.165 Y111.312 E511.73632
G1 X104.991 Y109.991 E511.76291
G1 X105.163 Y108.69 E511.7891
G1 X105.667 Y107.494 E511.815
G1 X106.459 Y106.459 E511.84101
G1 X107.506 Y105.658 E511.86732
G1 X108.691 Y105.163 E511.89295
G1 X110 Y104.993 E511.91929
G1 X111.312 Y105.165 E511.9457
G1 X112.496 Y105.663 E511.97133
G1 X113.541 Y106.458 E511.99753
G1 X114.336 Y107.497 E512.02364
G1 X114.833 Y108.69 E512.04943
G1 X115.003 Y110 E512.07579
G1 X114.832 Y111.308 E512.10212
G1 X114.339 Y112.493 E512.12773
G1 X113.539 Y113.545 E512.1541
G1 X112.493 Y114.339 E512.18031
G1 X111.308 Y114.832 E512.20592
G1 X110 Y115.004 E512.23225
G0 F15000 X110 Y114.598
G1 F5400 X108.8 Y114.445 E512.25639
G1 X107.699 Y113.988 E512.28018
G1 X106.744 Y113.256 E512.30419
G1 X106.009 Y112.292 E512.32838
G1 X105.55 Y111.195 E512.35212
G1 X105.396 Y110.017 E512.37582
G1 X105.551 Y108.8 E512.40031
G1 X106.013 Y107.697 E512.42417
G1 X106.747 Y106.747 E512.44813
G1 X107.697 Y106.013 E512.47209
G1 X108.812 Y105.546 E512.49621
G1 X110.001 Y105.394 E512.52013
G1 X111.196 Y105.55 E512.54418
G1 X112.306 Y106.016 E512.56821
G1 X113.252 Y106.747 E512.59206
G1 X113.988 Y107.699 E512.61608
G1 X114.45 Y108.812 E512.64013
G1 X114.602 Y110.001 E512.66405
G1 X114.446 Y111.196 E512.6881
G1 X113.985 Y112.305 E512.71206
G1 X113.253 Y113.253 E512.73597
G1 X112.289 Y113.993 E512.76022
G1 X111.196 Y114.446 E512.78383
G1 X110.017 Y114.6 E512.80756
G1 X110 Y114.598 E512.8079
G1 F2400 E512.0079
G1 F300 Z1.64
G0 F15000 X118.992 Y122.502
G1 F300 Z1.44
G1 F2400 E512.8079
G1 F5400 X118.508 Y122.44 E512.81764
G1 X118.138 Y122.329 E512.82534
G1 X117.774 Y122.178 E512.83321
G1 X117.37 Y121.943 E512.84254
G1 X116.939 Y121.611 E512.85339
G1 X116.742 Y121.391 E512.85929
G1 X116.393 Y120.935 E512.87075
G1 X116.258 Y120.662 E512.87682
G1 X116.106 Y120.298 E512.8847
G1 X116.001 Y119.984 E512.8913
G1 X115.923 Y119.384 E512.90338
G1 X115.913 Y119.115 E512.90875
G1 X115.984 Y118.59 E512.91932
G1 X116.059 Y118.264 E512.926
G1 X116.302 Y117.664 E512.93892
G1 X116.491 Y117.369 E512.94591
G1 X116.777 Y116.998 E512.95526
G1 X116.998 Y116.777 E512.96149
G1 X117.369 Y116.491 E512.97084
G1 X117.664 Y116.302 E512.97783
G1 X118.264 Y116.059 E512.99075
G1 X118.59 Y115.984 E512.99743
G1 X119.115 Y115.913 E513.008
G1 X119.384 Y115.923 E513.01337
G1 X119.844 Y115.983 E513.02263
G1 X120.135 Y116.047 E513.02857
G1 X120.662 Y116.258 E513.0399
G1 X120.935 Y116.393 E513.04598
G1 X121.39 Y116.741 E513.05741
G1 X121.608 Y116.934 E513.06322
G1 X121.943 Y117.37 E513.07419
G1 X122.178 Y117.774 E513.08352
G1 X122.33 Y118.138 E513.09139
G1 X122.439 Y118.509 E513.09911
G1 X122.502 Y118.992 E513.10883
G1 X122.502 Y119.438 E513.11773
G1 X122.455 Y119.826 E513.12553
G1 X122.329 Y120.298 E513.13528
G1 X122.178 Y120.662 E513.14314
G1 X121.945 Y121.064 E513.15242
G1 X121.599 Y121.507 E513.16363
G1 X121.383 Y121.696 E513.16936
G1 X121.065 Y121.944 E513.17741
G1 X120.803 Y122.114 E513.18364
G1 X120.298 Y122.329 E513.19459
G1 X119.826 Y122.455 E513.20434
G1 X119.438 Y122.502 E513.21214
G1 X118.992 Y122.502 E513.22104
G0 F15000 X119.042 Y122.105
G1 F5400 X118.58 Y122.046 E513.23034
G1 X118.292 Y121.96 E513.23634
G1 X117.928 Y121.808 E513.24421
G1 X117.614 Y121.626 E513.25145
G1 X117.154 Y121.272 E513.26303
G1 X116.693 Y120.67 E513.27817
G1 X116.404 Y119.951 E513.29363
G1 X116.303 Y119.208 E513.30859
G1 X116.38 Y118.644 E513.31995
G1 X116.439 Y118.39 E513.32516
G1 X116.711 Y117.738 E513.33926
G1 X117.158 Y117.158 E513.35387
G1 X117.738 Y116.711 E513.36848
G1 X118.39 Y116.439 E513.38258
G1 X118.644 Y116.38 E513.38778
G1 X119.208 Y116.303 E513.39914
G1 X119.952 Y116.404 E513.41413
G1 X120.673 Y116.695 E513.42964
G1 X121.274 Y117.157 E513.44477
G1 X121.626 Y117.614 E513.45628
G1 X121.808 Y117.928 E513.46353
G1 X121.961 Y118.292 E513.4714
G1 X122.046 Y118.581 E513.47742
G1 X122.106 Y119.042 E513.48669
G1 X122.106 Y119.388 E513.4936
G1 X122.058 Y119.777 E513.50142
G1 X121.96 Y120.144 E513.509
G1 X121.809 Y120.508 E513.51687
G1 X121.628 Y120.821 E513.52408
G1 X121.271 Y121.277 E513.53564
G1 X120.691 Y121.728 E513.5503
G1 X120.144 Y121.96 E513.56216
G1 X119.777 Y122.058 E513.56974
G1 X119.388 Y122.106 E513.57756
G1 X119.042 Y122.105 E513.58446
G0 F15000 X119.219 Y121.724
G1 F5400 X118.57 Y121.643 E513.59752
G1 X118.082 Y121.439 E513.60807
G1 X117.858 Y121.309 E513.61324
G1 X117.441 Y120.989 E513.62373
G1 X117.044 Y120.47 E513.63677
G1 X116.794 Y119.855 E513.65002
G1 X116.711 Y119.245 E513.6623
G1 X116.791 Y118.585 E513.67557
G1 X117.055 Y117.947 E513.68935
G1 X117.443 Y117.443 E513.70204
G1 X117.947 Y117.055 E513.71474
G1 X118.584 Y116.791 E513.7285
G1 X119.251 Y116.71 E513.7419
G1 X119.855 Y116.794 E513.75407
G1 X120.476 Y117.046 E513.76745
G1 X120.984 Y117.448 E513.78038
G1 X121.309 Y117.858 E513.79082
G1 X121.439 Y118.082 E513.79598
G1 X121.641 Y118.565 E513.80643
G1 X121.725 Y119.212 E513.81945
G1 X121.661 Y119.727 E513.82981
G1 X121.591 Y119.99 E513.83524
G1 X121.439 Y120.354 E513.84311
G1 X121.306 Y120.583 E513.8484
G1 X120.984 Y120.984 E513.85866
G1 X120.491 Y121.379 E513.87127
G1 X119.99 Y121.591 E513.88212
G1 X119.727 Y121.661 E513.88755
G1 X119.219 Y121.724 E513.89777
G0 F15000 X119.215 Y121.321
G1 F5400 X118.673 Y121.253 E513.90867
G1 X118.162 Y121.039 E513.91973
G1 X117.732 Y120.701 E513.93064
G1 X117.395 Y120.272 E513.94153
G1 X117.186 Y119.753 E513.95269
G1 X117.11 Y119.216 E513.96352
G1 X117.183 Y118.679 E513.97433
G1 X117.401 Y118.153 E513.98569
G1 X117.731 Y117.731 E513.99638
G1 X118.153 Y117.401 E514.00708
G1 X118.679 Y117.183 E514.01844
G1 X119.214 Y117.11 E514.02921
G1 X119.753 Y117.182 E514.04007
G1 X120.266 Y117.399 E514.05118
G1 X120.701 Y117.731 E514.0621
G1 X121.039 Y118.162 E514.07303
G1 X121.253 Y118.673 E514.08409
G1 X121.321 Y119.215 E514.09499
G1 X121.254 Y119.76 E514.10595
G1 X121.037 Y120.278 E514.11715
G1 X120.701 Y120.701 E514.12793
G1 X120.279 Y121.035 E514.13867
G1 X119.761 Y121.254 E514.1499
G1 X119.215 Y121.321 E514.16088
G1 F2400 E513.36088
G1 F300 Z1.64
G0 F15000 X110 Y128.18
G1 F300 Z1.44
G1 F2400 E514.16088
G1 F5400 X114.71 Y127.562 E514.25567
G1 X119.087 Y125.747 E514.35023
G1 X122.856 Y122.856 E514.44503
G1 X125.747 Y119.088 E514.5398
G1 X127.558 Y114.71 E514.63435
G1 X128.18 Y110 E514.72916
G1 X127.558 Y105.286 E514.82405
G1 X125.747 Y100.908 E514.9186
G1 X122.856 Y97.14 E515.01337
G1 X119.088 Y94.249 E515.10815
G1 X114.71 Y92.438 E515.2027
G1 X110 Y91.816 E515.29751
G1 X105.286 Y92.438 E515.3924
G1 X100.908 Y94.249 E515.48694
G1 X97.14 Y97.14 E515.58172
G1 X94.248 Y100.909 E515.67653
G1 X92.434 Y105.286 E515.77108
G1 X91.816 Y110 E515.86596
G1 X92.434 Y114.71 E515.96075
G1 X94.248 Y119.087 E516.05531
G1 X97.14 Y122.856 E516.15011
G1 X100.908 Y125.747 E516.24489
G1 X105.286 Y127.562 E516.33947
G1 X110 Y128.18 E516.43435
G0 F15000 X110 Y128.584
G1 F5400 X114.814 Y127.952 E516.53124
G1 X119.289 Y126.097 E516.62791
G1 X123.141 Y123.141 E516.72481
G1 X126.096 Y119.29 E516.82168
G1 X127.948 Y114.814 E516.91834
G1 X128.583 Y110 E517.01524
G1 X127.948 Y105.182 E517.11222
G1 X126.096 Y100.706 E517.20889
G1 X123.141 Y96.855 E517.30576
G1 X119.29 Y93.899 E517.40264
G1 X114.814 Y92.048 E517.4993
G1 X110 Y91.413 E517.5962
G1 X105.182 Y92.048 E517.69318
G1 X100.706 Y93.899 E517.78984
G1 X96.855 Y96.855 E517.88672
G1 X93.899 Y100.707 E517.98362
G1 X92.044 Y105.182 E518.08029
G1 X91.412 Y110 E518.17726
G1 X92.044 Y114.814 E518.27416
G1 X93.899 Y119.289 E518.37083
G1 X96.855 Y123.141 E518.46772
G1 X100.707 Y126.097 E518.56462
G1 X105.182 Y127.951 E518.66129
G1 X110 Y128.584 E518.75826
G0 F15000 X110 Y128.987
G1 F5400 X114.918 Y128.341 E518.85725
G1 X119.491 Y126.446 E518.95603
G1 X123.426 Y123.426 E519.05502
G1 X126.446 Y119.491 E519.15401
G1 X128.337 Y114.919 E519.25274
G1 X128.987 Y110 E519.35176
G1 X128.337 Y105.077 E519.45086
G1 X126.446 Y100.505 E519.54959
G1 X123.426 Y96.57 E519.64858
G1 X119.491 Y93.55 E519.74757
G1 X114.919 Y91.659 E519.8463
G1 X110 Y91.009 E519.94532
G1 X105.077 Y91.659 E520.04442
G1 X100.505 Y93.55 E520.14315
G1 X96.569 Y96.569 E520.24215
G1 X93.55 Y100.505 E520.34114
G1 X91.655 Y105.077 E520.4399
G1 X91.009 Y110 E520.53899
G1 X91.655 Y114.918 E520.63798
G1 X93.55 Y119.491 E520.73676
G1 X96.569 Y123.427 E520.83575
G1 X100.505 Y126.446 E520.93474
G1 X105.077 Y128.341 E521.03351
G1 X110 Y128.987 E521.1326
G0 F15000 X110 Y129.39
G1 F5400 X115.023 Y128.731 E521.23369
G1 X119.693 Y126.795 E521.33458
G1 X123.712 Y123.712 E521.43566
G1 X126.795 Y119.693 E521.53675
G1 X128.727 Y115.023 E521.6376
G1 X129.39 Y110 E521.73871
G1 X128.727 Y104.973 E521.8399
G1 X126.795 Y100.303 E521.94075
G1 X123.712 Y96.284 E522.04184
G1 X119.693 Y93.201 E522.14292
G1 X115.023 Y91.269 E522.24378
G1 X110 Y90.606 E522.34489
G1 X104.973 Y91.269 E522.44607
G1 X100.303 Y93.201 E522.54693
G1 X96.284 Y96.284 E522.64801
G1 X93.2 Y100.303 E522.74911
G1 X91.265 Y104.973 E522.84999
G1 X90.606 Y110 E522.95116
G1 X91.265 Y115.023 E523.05226
G1 X93.2 Y119.693 E523.15314
G1 X96.284 Y123.712 E523.25424
G1 X100.303 Y126.795 E523.35532
G1 X104.973 Y128.731 E523.45621
G1 X110 Y129.39 E523.55738
G1 F2400 E522.75738
G1 F300 Z1.64
G0 F15000 X101.002 Y122.502
G1 F300 Z1.44
G1 F2400 E523.55738
G1 F5400 X100.557 Y122.502 E523.56626
G1 X100.172 Y122.455 E523.574
G1 X99.708 Y122.332 E523.58358
G1 X99.195 Y122.113 E523.59471
G1 X98.932 Y121.945 E523.60094
G1 X98.496 Y121.605 E523.61198
G1 X98.291 Y121.372 E523.61817
G1 X98.055 Y121.064 E523.62591
G1 X97.823 Y120.662 E523.63518
G1 X97.671 Y120.298 E523.64305
G1 X97.547 Y119.844 E523.65244
G1 X97.495 Y119.456 E523.66025
G1 X97.496 Y118.974 E523.66987
G1 X97.561 Y118.508 E523.67926
G1 X97.671 Y118.138 E523.68696
G1 X97.822 Y117.774 E523.69483
G1 X98.048 Y117.382 E523.70386
G1 X98.382 Y116.941 E523.7149
G1 X98.605 Y116.742 E523.72086
G1 X99.071 Y116.389 E523.73253
G1 X99.338 Y116.258 E523.73846
G1 X99.946 Y116.015 E523.75153
G1 X100.612 Y115.923 E523.76495
G1 X100.884 Y115.913 E523.77038
G1 X101.408 Y115.983 E523.78093
G1 X101.742 Y116.061 E523.78777
G1 X102.332 Y116.302 E523.80049
G1 X102.619 Y116.484 E523.80727
G1 X103.002 Y116.777 E523.8169
G1 X103.223 Y116.998 E523.82313
G1 X103.515 Y117.38 E523.83273
G1 X103.668 Y117.622 E523.83844
G1 X103.93 Y118.221 E523.85149
G1 X104.019 Y118.608 E523.85941
G1 X104.083 Y119.122 E523.86975
G1 X104.073 Y119.385 E523.875
G1 X103.999 Y119.951 E523.88639
G1 X103.936 Y120.197 E523.89146
G1 X103.68 Y120.81 E523.90472
G1 X103.501 Y121.075 E523.9111
G1 X103.168 Y121.501 E523.92189
G1 X102.947 Y121.696 E523.92777
G1 X102.639 Y121.936 E523.93556
G1 X102.226 Y122.178 E523.94512
G1 X101.862 Y122.329 E523.95298
G1 X101.489 Y122.44 E523.96075
G1 X101.002 Y122.502 E523.97054
G0 F15000 X100.953 Y122.106
G1 F5400 X100.606 Y122.106 E523.97747
G1 X100.222 Y122.058 E523.98519
G1 X99.861 Y121.962 E523.99265
G1 X99.299 Y121.724 E524.00483
G1 X98.718 Y121.272 E524.01952
G1 X98.372 Y120.82 E524.03088
G1 X98.192 Y120.508 E524.03806
G1 X98.04 Y120.144 E524.04594
G1 X97.944 Y119.791 E524.05324
G1 X97.892 Y119.403 E524.06105
G1 X97.892 Y119.028 E524.06853
G1 X97.954 Y118.58 E524.07756
G1 X98.04 Y118.292 E524.08356
G1 X98.191 Y117.928 E524.09142
G1 X98.367 Y117.623 E524.09845
G1 X98.719 Y117.158 E524.11009
G1 X99.33 Y116.694 E524.1254
G1 X99.856 Y116.476 E524.13676
G1 X100.097 Y116.395 E524.14183
G1 X100.781 Y116.303 E524.15561
G1 X101.355 Y116.38 E524.16716
G1 X101.615 Y116.44 E524.17249
G1 X102.256 Y116.711 E524.18638
G1 X102.843 Y117.157 E524.20109
G1 X103.284 Y117.738 E524.21564
G1 X103.561 Y118.389 E524.22976
G1 X103.622 Y118.658 E524.23527
G1 X103.691 Y119.211 E524.24639
G1 X103.598 Y119.949 E524.26123
G1 X103.327 Y120.619 E524.27566
G1 X103.185 Y120.829 E524.28071
G1 X102.835 Y121.277 E524.29206
G1 X102.393 Y121.621 E524.30324
G1 X102.072 Y121.808 E524.31065
G1 X101.708 Y121.96 E524.31852
G1 X101.418 Y122.046 E524.32456
G1 X100.953 Y122.106 E524.33392
G0 F15000 X100.78 Y121.725
G1 F5400 X100.272 Y121.661 E524.34413
G1 X100.014 Y121.593 E524.34946
G1 X99.502 Y121.376 E524.36055
G1 X98.986 Y120.963 E524.37374
G1 X98.69 Y120.577 E524.38345
G1 X98.561 Y120.354 E524.38859
G1 X98.409 Y119.99 E524.39646
G1 X98.34 Y119.737 E524.4017
G1 X98.288 Y119.35 E524.40949
G1 X98.288 Y119.081 E524.41486
G1 X98.361 Y118.562 E524.42532
G1 X98.561 Y118.082 E524.43569
G1 X98.686 Y117.864 E524.44071
G1 X99.006 Y117.441 E524.45129
G1 X99.533 Y117.043 E524.46447
G1 X100.144 Y116.794 E524.47764
G1 X100.784 Y116.707 E524.49053
G1 X101.42 Y116.792 E524.50333
G1 X102.051 Y117.057 E524.51699
G1 X102.558 Y117.443 E524.52971
G1 X102.94 Y117.946 E524.54231
G1 X103.212 Y118.59 E524.55626
G1 X103.284 Y119.246 E524.56943
G1 X103.207 Y119.852 E524.58162
G1 X102.954 Y120.475 E524.59504
G1 X102.576 Y120.96 E524.60731
G1 X102.147 Y121.305 E524.6183
G1 X101.918 Y121.439 E524.6236
G1 X101.431 Y121.642 E524.63412
G1 X100.78 Y121.725 E524.64722
G0 F15000 X100.78 Y121.321
G1 F5400 X100.24 Y121.254 E524.65808
G1 X99.715 Y121.034 E524.66944
G1 X99.295 Y120.701 E524.68014
G1 X98.962 Y120.277 E524.69089
G1 X98.748 Y119.763 E524.70201
G1 X98.674 Y119.215 E524.71304
G1 X98.748 Y118.671 E524.724
G1 X98.96 Y118.164 E524.73496
G1 X99.293 Y117.733 E524.74583
G1 X99.735 Y117.398 E524.7569
G1 X100.246 Y117.182 E524.76797
G1 X100.781 Y117.11 E524.77874
G1 X101.322 Y117.183 E524.78964
G1 X101.845 Y117.403 E524.80096
G1 X102.272 Y117.728 E524.81167
G1 X102.594 Y118.152 E524.8223
G1 X102.818 Y118.681 E524.83376
G1 X102.885 Y119.214 E524.84448
G1 X102.819 Y119.75 E524.85526
G1 X102.601 Y120.268 E524.86647
G1 X102.266 Y120.7 E524.87738
G1 X101.84 Y121.038 E524.88823
G1 X101.327 Y121.252 E524.89933
G1 X100.78 Y121.321 E524.91033
G1 F2400 E524.11033
G1 F300 Z1.64
G0 F15000 X119.122 Y104.083
G1 F300 Z1.44
G1 F2400 E524.91033
G1 F5400 X118.608 Y104.019 E524.92067
G1 X118.263 Y103.94 E524.92773
G1 X117.662 Y103.693 E524.9407
G1 X117.38 Y103.514 E524.94736
G1 X116.998 Y103.223 E524.95694
G1 X116.777 Y103.002 E524.96318
G1 X116.484 Y102.618 E524.97282
G1 X116.327 Y102.371 E524.97866
G1 X116.072 Y101.783 E524.99145
G1 X115.983 Y101.408 E524.99914
G1 X115.913 Y100.884 E525.00969
G1 X115.923 Y100.612 E525.01512
G1 X116.015 Y99.945 E525.02856
G1 X116.259 Y99.338 E525.04162
G1 X116.388 Y99.073 E525.0475
G1 X116.741 Y98.606 E525.05918
G1 X116.939 Y98.385 E525.0651
G1 X117.37 Y98.053 E525.07596
G1 X117.783 Y97.815 E525.08547
G1 X118.143 Y97.667 E525.09324
G1 X118.507 Y97.56 E525.10081
G1 X118.976 Y97.495 E525.11026
G1 X119.456 Y97.495 E525.11984
G1 X119.844 Y97.547 E525.12765
G1 X120.289 Y97.667 E525.13685
G1 X120.649 Y97.814 E525.14461
G1 X121.062 Y98.053 E525.15413
G1 X121.502 Y98.391 E525.1652
G1 X121.704 Y98.621 E525.17131
G1 X121.944 Y98.933 E525.17917
G1 X122.113 Y99.197 E525.18542
G1 X122.329 Y99.702 E525.19638
G1 X122.455 Y100.172 E525.20609
G1 X122.502 Y100.557 E525.21383
G1 X122.502 Y101.002 E525.22271
G1 X122.44 Y101.489 E525.23251
G1 X122.33 Y101.862 E525.24027
G1 X122.178 Y102.226 E525.24814
G1 X121.936 Y102.639 E525.2577
G1 X121.602 Y103.068 E525.26855
G1 X121.383 Y103.26 E525.27436
G1 X120.943 Y103.603 E525.28549
G1 X120.662 Y103.742 E525.29175
G1 X120.054 Y103.985 E525.30481
G1 X119.385 Y104.073 E525.31828
G1 X119.122 Y104.083 E525.32353
G0 F15000 X119.347 Y103.674
G1 F5400 X119.042 Y103.67 E525.32962
G1 X118.658 Y103.622 E525.33734
G1 X118.389 Y103.561 E525.34285
G1 X117.738 Y103.284 E525.35697
G1 X117.157 Y102.843 E525.37152
G1 X116.711 Y102.256 E525.38623
G1 X116.441 Y101.615 E525.40011
G1 X116.38 Y101.355 E525.40544
G1 X116.304 Y100.789 E525.41684
G1 X116.394 Y100.098 E525.43075
G1 X116.476 Y99.856 E525.43584
G1 X116.696 Y99.329 E525.44724
G1 X117.153 Y98.725 E525.46236
G1 X117.614 Y98.37 E525.47397
G1 X117.935 Y98.185 E525.48136
G1 X118.295 Y98.037 E525.48913
G1 X118.578 Y97.954 E525.49501
G1 X119.03 Y97.892 E525.50412
G1 X119.403 Y97.892 E525.51156
G1 X119.791 Y97.943 E525.51937
G1 X120.137 Y98.037 E525.52653
G1 X120.497 Y98.184 E525.53429
G1 X120.818 Y98.37 E525.54169
G1 X121.275 Y98.721 E525.55319
G1 X121.725 Y99.305 E525.5679
G1 X121.96 Y99.856 E525.57986
G1 X122.058 Y100.222 E525.58742
G1 X122.106 Y100.606 E525.59514
G1 X122.106 Y100.953 E525.60207
G1 X122.047 Y101.418 E525.61142
G1 X121.961 Y101.708 E525.61746
G1 X121.808 Y102.072 E525.62534
G1 X121.621 Y102.393 E525.63275
G1 X121.276 Y102.837 E525.64397
G1 X120.676 Y103.304 E525.65914
G1 X119.953 Y103.596 E525.6747
G1 X119.347 Y103.674 E525.6869
G0 F15000 X119.214 Y103.288
G1 F5400 X118.583 Y103.21 E525.69959
G1 X117.95 Y102.941 E525.71331
G1 X117.438 Y102.554 E525.72612
G1 X117.057 Y102.05 E525.73873
G1 X116.792 Y101.421 E525.75235
G1 X116.707 Y100.784 E525.76517
G1 X116.794 Y100.144 E525.77806
G1 X117.043 Y99.532 E525.79125
G1 X117.441 Y99.007 E525.80439
G1 X117.858 Y98.687 E525.81488
G1 X118.087 Y98.555 E525.82016
G1 X118.565 Y98.358 E525.83048
G1 X119.083 Y98.288 E525.84091
G1 X119.35 Y98.288 E525.84624
G1 X119.737 Y98.34 E525.85403
G1 X119.985 Y98.407 E525.85915
G1 X120.345 Y98.554 E525.86691
G1 X120.574 Y98.687 E525.8722
G1 X121.011 Y99.033 E525.88332
G1 X121.382 Y99.516 E525.89548
G1 X121.591 Y100.01 E525.90618
G1 X121.661 Y100.272 E525.91159
G1 X121.725 Y100.78 E525.92181
G1 X121.642 Y101.431 E525.93491
G1 X121.439 Y101.918 E525.94544
G1 X121.305 Y102.147 E525.95073
G1 X120.982 Y102.549 E525.96102
G1 X120.48 Y102.951 E525.97386
G1 X119.853 Y103.207 E525.98737
G1 X119.214 Y103.288 E526.00023
G0 F15000 X119.217 Y102.886
G1 F5400 X118.681 Y102.818 E526.01101
G1 X118.152 Y102.594 E526.02247
G1 X117.724 Y102.269 E526.0332
G1 X117.401 Y101.841 E526.0439
G1 X117.182 Y101.319 E526.05519
G1 X117.116 Y100.787 E526.06589
G1 X117.181 Y100.249 E526.07671
G1 X117.398 Y99.735 E526.08784
G1 X117.722 Y99.296 E526.09873
G1 X118.166 Y98.955 E526.1099
G1 X118.67 Y98.748 E526.12077
G1 X119.216 Y98.674 E526.13177
G1 X119.76 Y98.747 E526.14272
G1 X120.266 Y98.954 E526.15363
G1 X120.701 Y99.295 E526.16466
G1 X121.035 Y99.72 E526.17545
G1 X121.254 Y100.24 E526.18671
G1 X121.321 Y100.78 E526.19757
G1 X121.252 Y101.327 E526.20857
G1 X121.038 Y101.84 E526.21966
G1 X120.7 Y102.266 E526.23052
G1 X120.273 Y102.604 E526.24138
G1 X119.753 Y102.814 E526.25258
G1 X119.217 Y102.886 E526.26337
G0 F15000 X119.235 Y102.48
;TYPE:WALL-OUTER
G1 F5400 X118.778 Y102.428 E526.27255
G1 X118.385 Y102.261 E526.28107
G1 X118.002 Y101.973 E526.29063
G1 X117.735 Y101.61 E526.29962
G1 X117.578 Y101.232 E526.30779
G1 X117.516 Y100.761 E526.31727
G1 X117.576 Y100.336 E526.32584
G1 X117.746 Y99.933 E526.33457
G1 X118.014 Y99.578 E526.34344
G1 X118.368 Y99.304 E526.35238
G1 X118.801 Y99.133 E526.36167
G1 X119.216 Y99.077 E526.37002
G1 X119.631 Y99.133 E526.37838
G1 X120.041 Y99.294 E526.38717
G1 X120.418 Y99.578 E526.39659
G1 X120.694 Y99.939 E526.40566
G1 X120.864 Y100.344 E526.41442
G1 X120.915 Y100.805 E526.42368
G1 X120.865 Y101.204 E526.4317
G1 X120.701 Y101.61 E526.44044
G1 X120.418 Y101.982 E526.44977
G1 X120.068 Y102.254 E526.45862
G1 X119.663 Y102.424 E526.46738
G1 X119.235 Y102.48 E526.476
G1 F2400 E525.676
G1 F300 Z1.64
G0 F15000 X110 Y114.194
G1 F300 Z1.44
G1 F2400 E526.476
G1 F5400 X108.896 Y114.053 E526.49821
G1 X107.908 Y113.643 E526.51955
G1 X107.018 Y112.957 E526.54198
G1 X106.366 Y112.103 E526.56342
G1 X105.944 Y111.102 E526.5851
G1 X105.8 Y110.015 E526.60698
G1 X105.943 Y108.896 E526.62949
G1 X106.367 Y107.891 E526.65126
G1 X107.043 Y107.018 E526.67329
G1 X107.891 Y106.367 E526.69463
G1 X108.896 Y105.943 E526.7164
G1 X109.985 Y105.8 E526.73832
G1 X111.085 Y105.936 E526.76043
G1 X112.103 Y106.366 E526.78249
G1 X112.982 Y107.043 E526.80463
G1 X113.643 Y107.908 E526.82635
G1 X114.053 Y108.896 E526.8477
G1 X114.196 Y109.985 E526.86962
G1 X114.052 Y111.102 E526.89209
G1 X113.634 Y112.103 E526.91374
G1 X112.957 Y112.982 E526.93588
G1 X112.103 Y113.634 E526.95732
G1 X111.102 Y114.052 E526.97897
G1 X110.015 Y114.196 E527.00085
G1 X110 Y114.194 E527.00116
G1 F2400 E526.20116
G1 F300 Z1.64
G0 F15000 X119.191 Y120.915
G1 F300 Z1.44
G1 F2400 E527.00116
G1 F5400 X118.796 Y120.865 E527.0091
G1 X118.39 Y120.701 E527.01784
G1 X118.014 Y120.418 E527.02723
G1 X117.746 Y120.068 E527.03603
G1 X117.576 Y119.663 E527.04479
G1 X117.516 Y119.235 E527.05342
G1 X117.578 Y118.768 E527.06282
G1 X117.742 Y118.37 E527.07141
G1 X118.027 Y118.002 E527.0807
G1 X118.37 Y117.742 E527.08929
G1 X118.768 Y117.578 E527.09788
G1 X119.235 Y117.516 E527.10728
G1 X119.663 Y117.576 E527.1159
G1 X120.068 Y117.746 E527.12467
G1 X120.418 Y118.014 E527.13347
G1 X120.701 Y118.39 E527.14286
G1 X120.864 Y118.781 E527.15131
G1 X120.915 Y119.241 E527.16055
G1 X120.864 Y119.657 E527.16891
G1 X120.701 Y120.046 E527.17733
G1 X120.418 Y120.418 E527.18666
G1 X120.061 Y120.694 E527.19566
G1 X119.656 Y120.864 E527.20443
G1 X119.191 Y120.915 E527.21376
G1 F2400 E526.41376
G1 F300 Z1.64
G0 F15000 X110 Y129.794
G1 F300 Z1.44
G1 F2400 E527.21376
G1 F5400 X115.127 Y129.121 E527.31695
G1 X119.895 Y127.145 E527.41995
G1 X123.997 Y123.997 E527.52314
G1 X127.145 Y119.895 E527.62633
G1 X129.117 Y115.127 E527.72929
G1 X129.794 Y110 E527.8325
G1 X129.117 Y104.869 E527.93578
G1 X127.145 Y100.101 E528.03875
G1 X123.997 Y95.999 E528.14193
G1 X119.895 Y92.851 E528.24512
G1 X115.127 Y90.879 E528.34809
G1 X110 Y90.202 E528.45129
G1 X104.869 Y90.879 E528.55457
G1 X100.101 Y92.851 E528.65754
G1 X95.999 Y95.999 E528.76073
G1 X92.851 Y100.101 E528.86392
G1 X90.875 Y104.869 E528.96691
G1 X90.202 Y110 E529.07019
G1 X90.875 Y115.127 E529.17338
G1 X92.851 Y119.895 E529.27638
G1 X95.999 Y123.997 E529.37956
G1 X100.101 Y127.145 E529.48275
G1 X104.869 Y129.121 E529.58575
G1 X110 Y129.794 E529.68902
G1 F2400 E528.88902
G1 F300 Z1.64
G0 F15000 X100.755 Y120.915
G1 F300 Z1.44
G1 F2400 E529.68902
G1 F5400 X100.345 Y120.864 E529.69727
G1 X99.935 Y120.694 E529.70612
G1 X99.578 Y120.418 E529.71513
G1 X99.299 Y120.046 E529.72441
G1 X99.133 Y119.631 E529.73333
G1 X99.077 Y119.216 E529.74169
G1 X99.135 Y118.796 E529.75015
G1 X99.299 Y118.39 E529.75888
G1 X99.577 Y118.015 E529.7682
G1 X99.954 Y117.735 E529.77757
G1 X100.336 Y117.576 E529.78583
G1 X100.761 Y117.516 E529.79439
G1 X101.232 Y117.578 E529.80387
G1 X101.626 Y117.743 E529.8124
G1 X101.998 Y118.027 E529.82174
G1 X102.261 Y118.385 E529.8306
G1 X102.422 Y118.768 E529.83889
G1 X102.48 Y119.235 E529.84829
G1 X102.424 Y119.663 E529.8569
G1 X102.254 Y120.068 E529.86567
G1 X101.982 Y120.418 E529.87451
G1 X101.61 Y120.701 E529.88384
G1 X101.219 Y120.864 E529.89229
G1 X100.755 Y120.915 E529.90161
G1 F2400 E529.10161
G1 F300 Z1.64
G0 F15000 X100.761 Y102.48
G1 F300 Z1.44
G1 F2400 E529.90161
G1 F5400 X100.336 Y102.424 E529.91016
G1 X99.932 Y102.254 E529.91891
G1 X99.578 Y101.982 E529.92782
G1 X99.299 Y101.61 E529.9371
G1 X99.133 Y101.195 E529.94602
G1 X99.077 Y100.78 E529.95437
G1 X99.137 Y100.343 E529.96318
G1 X99.306 Y99.939 E529.97192
G1 X99.578 Y99.578 E529.98094
G1 X99.932 Y99.304 E529.98987
G1 X100.365 Y99.133 E529.99916
G1 X100.78 Y99.077 E530.00752
G1 X101.204 Y99.135 E530.01606
G1 X101.629 Y99.304 E530.02518
G1 X101.982 Y99.578 E530.0341
G1 X102.254 Y99.932 E530.04301
G1 X102.424 Y100.336 E530.05176
G1 X102.48 Y100.761 E530.06031
G1 X102.422 Y101.232 E530.06978
G1 X102.253 Y101.626 E530.07834
G1 X101.973 Y101.998 E530.08763
G1 X101.626 Y102.253 E530.09622
G1 X101.232 Y102.422 E530.10478
G1 X100.761 Y102.48 E530.11425
G1 F2400 E529.31425
G1 F300 Z1.64
G0 F15000 X100.399 Y104.327
;TYPE:FILL
G1 F300 Z1.44
G1 F2400 E530.11425
G1 F2700 X92.403 Y112.322 E530.24964
G0 F15000 X92.338 Y111.823
G1 F2700 X99.909 Y104.252 E530.37784
G0 F15000 X99.488 Y104.107
G1 F2700 X92.272 Y111.323 E530.50003
G0 F15000 X92.206 Y110.823
G1 F2700 X99.088 Y103.94 E530.61658
G0 F15000 X98.747 Y103.716
G1 F2700 X92.14 Y110.323 E530.72845
G0 F15000 X92.128 Y109.769
G1 F2700 X98.429 Y103.469 E530.83514
G0 F15000 X98.141 Y103.19
G1 F2700 X92.214 Y109.118 E530.93551
G0 F15000 X92.299 Y108.467
G1 F2700 X97.89 Y102.876 E531.03019
G0 F15000 X97.674 Y102.526
G1 F2700 X92.385 Y107.815 E531.11975
G0 F15000 X92.47 Y107.164
G1 F2700 X97.486 Y102.149 E531.20468
G0 F15000 X97.34 Y101.729
G1 F2700 X92.556 Y106.513 E531.28569
G0 F15000 X92.641 Y105.862
G1 F2700 X97.246 Y101.258 E531.36366
G0 F15000 X97.217 Y100.72
G1 F2700 X92.799 Y105.138 E531.43847
G0 F15000 X93.2 Y104.172
G1 F2700 X97.275 Y100.097 E531.50747
G0 F15000 X97.564 Y99.242
G1 F2700 X93.6 Y103.206 E531.57459
G0 F15000 X94 Y102.241
G1 F2700 X102.238 Y94.002 E531.7141
G0 F15000 X101.273 Y94.402
G1 F2700 X94.4 Y101.275 E531.83048
G1 F2400 E531.03048
G1 F300 Z1.64
G0 F15000 X95.919 Y99.19
G1 F300 Z1.44
G1 F2400 E531.83048
G1 F2700 X99.188 Y95.921 E531.88584
G1 F2400 E531.08584
G1 F300 Z1.64
G0 F15000 X99.257 Y97.549
G1 F300 Z1.44
G1 F2400 E531.88584
G1 F2700 X103.204 Y93.603 E531.95266
G0 F15000 X104.169 Y93.203
G1 F2700 X100.098 Y97.274 E532.0216
G0 F15000 X100.72 Y97.217
G1 F2700 X105.135 Y92.803 E532.09635
G0 F15000 X105.86 Y92.644
G1 F2700 X101.257 Y97.246 E532.17429
G0 F15000 X101.729 Y97.34
G1 F2700 X106.511 Y92.557 E532.25527
G0 F15000 X107.163 Y92.472
G1 F2700 X102.149 Y97.486 E532.34017
G0 F15000 X102.526 Y97.675
G1 F2700 X107.815 Y92.386 E532.42973
G0 F15000 X108.466 Y92.3
G1 F2700 X102.875 Y97.891 E532.52441
G0 F15000 X103.19 Y98.141
G1 F2700 X109.118 Y92.214 E532.62478
G0 F15000 X109.769 Y92.128
G1 F2700 X103.47 Y98.428 E532.73145
G0 F15000 X103.717 Y98.746
G1 F2700 X110.323 Y92.14 E532.84331
G0 F15000 X110.823 Y92.206
G1 F2700 X103.941 Y99.088 E532.95985
G0 F15000 X104.107 Y99.487
G1 F2700 X111.323 Y92.272 E533.08203
G0 F15000 X111.822 Y92.338
G1 F2700 X104.252 Y99.908 E533.21021
G0 F15000 X104.328 Y100.398
G1 F2700 X112.322 Y92.404 E533.34558
G0 F15000 X112.821 Y92.47
G1 F2700 X104.357 Y100.935 E533.48891
G0 F15000 X104.257 Y101.6
G1 F2700 X113.321 Y92.536 E533.6424
G0 F15000 X113.821 Y92.602
G1 F2700 X103.911 Y102.511 E533.8102
G1 F2400 E533.0102
G1 F300 Z1.64
G0 F15000 X102.511 Y103.912
G1 F300 Z1.44
G1 F2400 E533.8102
G1 F2700 X92.601 Y113.822 E533.978
G0 F15000 X92.666 Y114.322
G1 F2700 X114.32 Y92.668 E534.34468
G0 F15000 X114.783 Y92.771
G1 F2700 X92.77 Y114.785 E534.71744
G0 F15000 X92.935 Y115.185
G1 F2700 X115.183 Y92.936 E535.09418
G0 F15000 X115.584 Y93.102
G1 F2700 X93.101 Y115.584 E535.47488
G0 F15000 X93.267 Y115.985
G1 F2700 X115.983 Y93.268 E535.85955
G0 F15000 X116.383 Y93.434
G1 F2700 X93.432 Y116.385 E536.24818
G0 F15000 X93.598 Y116.785
G1 F2700 X116.784 Y93.599 E536.6408
G0 F15000 X117.184 Y93.764
G1 F2700 X93.764 Y117.185 E537.03739
G0 F15000 X93.929 Y117.585
G1 F2700 X105.236 Y106.278 E537.22885
G0 F15000 X106.28 Y105.234
G1 F2700 X117.584 Y93.93 E537.42026
G0 F15000 X117.984 Y94.095
G1 F2700 X107.654 Y104.426 E537.59519
G0 F15000 X108.558 Y104.088
G1 F2700 X118.385 Y94.261 E537.7616
G0 F15000 X118.784 Y94.427
G1 F2700 X109.207 Y104.004 E537.92377
G0 F15000 X109.843 Y103.933
G1 F2700 X119.138 Y94.639 E538.08115
G0 F15000 X119.457 Y94.885
G1 F2700 X110.387 Y103.955 E538.23474
G0 F15000 X110.89 Y104.018
G1 F2700 X119.778 Y95.131 E538.38523
G0 F15000 X120.098 Y95.376
G1 F2700 X118.079 Y97.395 E538.41942
G0 F15000 X118.802 Y97.237
G1 F2700 X120.417 Y95.622 E538.44677
G0 F15000 X120.738 Y95.867
G1 F2700 X119.388 Y97.217 E538.46963
G0 F15000 X119.898 Y97.272
G1 F2700 X121.057 Y96.113 E538.48925
G0 F15000 X121.378 Y96.359
G1 F2700 X120.343 Y97.393 E538.50677
G0 F15000 X120.749 Y97.553
G1 F2700 X121.698 Y96.604 E538.52284
G0 F15000 X122.018 Y96.85
G1 F2700 X121.11 Y97.758 E538.53822
G0 F15000 X121.442 Y97.992
G1 F2700 X122.338 Y97.096 E538.55339
G0 F15000 X122.657 Y97.342
G1 F2700 X121.75 Y98.25 E538.56876
G0 F15000 X122.008 Y98.557
G1 F2700 X122.903 Y97.662 E538.58391
G0 F15000 X123.148 Y97.982
G1 F2700 X122.245 Y98.885 E538.5992
G0 F15000 X122.442 Y99.254
G1 F2700 X123.394 Y98.303 E538.61531
G0 F15000 X123.64 Y98.622
G1 F2700 X122.605 Y99.657 E538.63284
G0 F15000 X122.725 Y100.102
G1 F2700 X123.885 Y98.943 E538.65247
G0 F15000 X124.13 Y99.263
G1 F2700 X122.781 Y100.612 E538.67532
G0 F15000 X122.76 Y101.199
G1 F2700 X124.377 Y99.583 E538.70269
G0 F15000 X124.622 Y99.903
G1 F2700 X122.602 Y101.923 E538.7369
G1 F2400 E537.9369
G1 F300 Z1.64
G0 F15000 X124.867 Y100.223
G1 F300 Z1.44
G1 F2400 E538.7369
G1 F2700 X115.979 Y109.112 E538.88741
G0 F15000 X116.042 Y109.614
G1 F2700 X125.113 Y100.543 E539.04101
G0 F15000 X125.359 Y100.863
G1 F2700 X116.074 Y110.147 E539.19823
G0 F15000 X115.992 Y110.796
G1 F2700 X125.57 Y101.217 E539.36042
G0 F15000 X125.736 Y101.617
G1 F2700 X115.909 Y111.444 E539.52683
G0 F15000 X115.565 Y112.354
G1 F2700 X125.902 Y102.017 E539.70187
G0 F15000 X126.067 Y102.417
G1 F2700 X114.761 Y113.724 E539.89332
G0 F15000 X113.725 Y114.76
G1 F2700 X102.415 Y126.069 E540.08483
G0 F15000 X102.015 Y125.904
G1 F2700 X112.355 Y115.564 E540.25992
G0 F15000 X111.444 Y115.909
G1 F2700 X101.615 Y125.738 E540.42636
G0 F15000 X101.215 Y125.572
G1 F2700 X110.798 Y115.99 E540.58862
G0 F15000 X110.151 Y116.071
G1 F2700 X100.862 Y125.36 E540.74591
G0 F15000 X100.541 Y125.115
G1 F2700 X109.612 Y116.044 E540.89951
G0 F15000 X109.111 Y115.98
G1 F2700 X100.221 Y124.869 E541.05004
G0 F15000 X99.901 Y124.623
G1 F2700 X101.924 Y122.601 E541.08429
G0 F15000 X101.2 Y122.759
G1 F2700 X99.581 Y124.378 E541.11171
G0 F15000 X99.261 Y124.133
G1 F2700 X100.612 Y122.781 E541.13459
G0 F15000 X100.103 Y122.725
G1 F2700 X98.941 Y123.887 E541.15427
G0 F15000 X98.621 Y123.641
G1 F2700 X99.657 Y122.605 E541.17181
G0 F15000 X99.254 Y122.442
G1 F2700 X98.301 Y123.396 E541.18796
G0 F15000 X97.98 Y123.15
G1 F2700 X98.885 Y122.245 E541.20328
G0 F15000 X98.558 Y122.007
G1 F2700 X97.661 Y122.904 E541.21847
G0 F15000 X97.34 Y122.659
G1 F2700 X98.25 Y121.75 E541.23387
G0 F15000 X97.991 Y121.443
G1 F2700 X97.095 Y122.339 E541.24904
G0 F15000 X96.85 Y122.018
G1 F2700 X97.759 Y121.109 E541.26444
G0 F15000 X97.555 Y120.748
G1 F2700 X96.604 Y121.699 E541.28054
G0 F15000 X96.358 Y121.378
G1 F2700 X97.394 Y120.343 E541.29807
G0 F15000 X97.272 Y119.898
G1 F2700 X96.113 Y121.058 E541.31771
G0 F15000 X95.867 Y120.738
G1 F2700 X97.217 Y119.388 E541.34057
G0 F15000 X97.236 Y118.803
G1 F2700 X95.621 Y120.418 E541.36792
G0 F15000 X95.376 Y120.098
G1 F2700 X97.399 Y118.075 E541.40217
G1 F2400 E540.60217
G1 F300 Z1.64
G0 F15000 X95.131 Y119.778
G1 F300 Z1.44
G1 F2400 E541.40217
G1 F2700 X104.018 Y110.891 E541.55266
G0 F15000 X104.08 Y111.394
G1 F2700 X99.647 Y115.827 E541.62772
G0 F15000 X100.364 Y115.676
G1 F2700 X104.212 Y111.828 E541.69288
G0 F15000 X104.38 Y112.226
G1 F2700 X100.964 Y115.641 E541.75072
G0 F15000 X101.461 Y115.71
G1 F2700 X104.547 Y112.624 E541.80297
G0 F15000 X104.715 Y113.022
G1 F2700 X101.908 Y115.828 E541.8505
G0 F15000 X102.311 Y115.992
G1 F2700 X104.952 Y113.351 E541.89522
G0 F15000 X105.197 Y113.671
G1 F2700 X102.678 Y116.19 E541.93787
G0 F15000 X103.006 Y116.428
G1 F2700 X105.443 Y113.991 E541.97914
G0 F15000 X105.705 Y114.294
G1 F2700 X103.31 Y116.69 E542.0197
G0 F15000 X103.572 Y116.993
G1 F2700 X106.009 Y114.556 E542.06097
G0 F15000 X106.328 Y114.802
G1 F2700 X103.81 Y117.321 E542.10362
G0 F15000 X104.004 Y117.692
G1 F2700 X106.648 Y115.048 E542.14839
G0 F15000 X106.985 Y115.277
G1 F2700 X104.177 Y118.085 E542.19594
G0 F15000 X104.289 Y118.539
G1 F2700 X107.373 Y115.455 E542.24816
G0 F15000 X107.773 Y115.62
G1 F2700 X104.354 Y119.039 E542.30605
G0 F15000 X104.322 Y119.637
G1 F2700 X108.173 Y115.786 E542.37126
G0 F15000 X108.609 Y115.915
G1 F2700 X104.163 Y120.362 E542.44656
G1 F2400 E541.64656
G1 F300 Z1.64
G0 F15000 X102.815 Y126.236
G1 F300 Z1.44
G1 F2400 E542.44656
G1 F2700 X126.233 Y102.818 E542.8431
G0 F15000 X126.398 Y103.218
G1 F2700 X103.215 Y126.401 E543.23567
G0 F15000 X103.615 Y126.566
G1 F2700 X126.564 Y103.618 E543.62426
G0 F15000 X126.729 Y104.018
G1 F2700 X104.015 Y126.733 E544.00889
G0 F15000 X104.415 Y126.898
G1 F2700 X126.895 Y104.418 E544.38955
G0 F15000 X127.061 Y104.818
G1 F2700 X104.814 Y127.064 E544.76626
G0 F15000 X105.215 Y127.23
G1 F2700 X127.226 Y105.218 E545.13899
G0 F15000 X127.327 Y105.683
G1 F2700 X105.679 Y127.332 E545.50557
G0 F15000 X106.178 Y127.397
G1 F2700 X116.077 Y117.499 E545.67318
G0 F15000 X115.741 Y118.401
G1 F2700 X106.678 Y127.463 E545.82664
G0 F15000 X107.178 Y127.529
G1 F2700 X115.637 Y119.07 E545.96988
G0 F15000 X115.669 Y119.604
G1 F2700 X107.679 Y127.594 E546.10517
G0 F15000 X108.179 Y127.66
G1 F2700 X115.743 Y120.095 E546.23327
G0 F15000 X115.892 Y120.512
G1 F2700 X108.679 Y127.725 E546.35541
G0 F15000 X109.179 Y127.79
G1 F2700 X116.059 Y120.911 E546.4719
G0 F15000 X116.282 Y121.253
G1 F2700 X109.679 Y127.856 E546.58371
G0 F15000 X110.234 Y127.868
G1 F2700 X116.528 Y121.573 E546.6903
G0 F15000 X116.81 Y121.857
G1 F2700 X110.885 Y127.782 E546.79063
G0 F15000 X111.536 Y127.696
G1 F2700 X117.125 Y122.107 E546.88527
G0 F15000 X117.474 Y122.325
G1 F2700 X112.187 Y127.612 E546.97479
G0 F15000 X112.838 Y127.526
G1 F2700 X117.851 Y122.513 E547.05968
G0 F15000 X118.27 Y122.66
G1 F2700 X113.489 Y127.44 E547.14063
G0 F15000 X114.14 Y127.355
G1 F2700 X118.743 Y122.752 E547.21857
G0 F15000 X119.281 Y122.78
G1 F2700 X114.868 Y127.193 E547.2933
G0 F15000 X115.834 Y126.793
G1 F2700 X119.904 Y122.723 E547.36222
G0 F15000 X120.753 Y122.439
G1 F2700 X116.8 Y126.393 E547.42916
G0 F15000 X117.766 Y125.992
G1 F2700 X125.989 Y117.769 E547.56841
G0 F15000 X125.59 Y118.734
G1 F2700 X118.732 Y125.591 E547.68453
G1 F2400 E546.88453
G1 F300 Z1.64
G0 F15000 X120.838 Y124.051
G1 F300 Z1.44
G1 F2400 E547.68453
G1 F2700 X124.051 Y120.839 E547.73892
G1 F2400 E546.93892
G1 F300 Z1.64
G0 F15000 X122.447 Y120.746
G1 F300 Z1.44
G1 F2400 E547.73892
G1 F2700 X126.388 Y116.804 E547.80567
G0 F15000 X126.788 Y115.839
G1 F2700 X122.723 Y119.903 E547.87449
G0 F15000 X122.781 Y119.28
G1 F2700 X127.187 Y114.874 E547.9491
G0 F15000 X127.351 Y114.145
G1 F2700 X122.752 Y118.743 E548.02697
G0 F15000 X122.66 Y118.27
G1 F2700 X127.437 Y113.493 E548.10786
G0 F15000 X127.522 Y112.842
G1 F2700 X122.513 Y117.851 E548.19268
G0 F15000 X122.325 Y117.473
G1 F2700 X127.609 Y112.19 E548.28214
G0 F15000 X127.694 Y111.538
G1 F2700 X122.108 Y117.124 E548.37673
G0 F15000 X121.858 Y116.809
G1 F2700 X127.781 Y110.886 E548.47703
G0 F15000 X127.867 Y110.234
G1 F2700 X121.573 Y116.528 E548.58361
G0 F15000 X121.253 Y116.283
G1 F2700 X127.856 Y109.68 E548.69542
G0 F15000 X127.789 Y109.181
G1 F2700 X120.91 Y116.06 E548.8119
G0 F15000 X120.512 Y115.893
G1 F2700 X127.723 Y108.681 E548.93402
G0 F15000 X127.658 Y108.181
G1 F2700 X120.094 Y115.744 E549.06209
G0 F15000 X119.603 Y115.67
G1 F2700 X127.592 Y107.681 E549.19737
G0 F15000 X127.525 Y107.182
G1 F2700 X119.07 Y115.637 E549.34054
G0 F15000 X118.4 Y115.741
G1 F2700 X127.46 Y106.682 E549.49395
G0 F15000 X127.394 Y106.182
G1 F2700 X117.499 Y116.077 E549.66151
G1 F2400 E548.86151
G1 F300 Z1.64
G0 F15000 X115.916 Y108.609
G1 F300 Z1.44
G1 F2400 E549.66151
G1 F2700 X120.362 Y104.163 E549.73679
G0 F15000 X119.638 Y104.322
G1 F2700 X115.787 Y108.172 E549.80199
G0 F15000 X115.621 Y107.772
G1 F2700 X119.04 Y104.353 E549.85989
G0 F15000 X118.539 Y104.288
G1 F2700 X115.456 Y107.371 E549.91209
G0 F15000 X115.278 Y106.984
G1 F2700 X118.091 Y104.171 E549.95973
G0 F15000 X117.689 Y104.007
G1 F2700 X115.049 Y106.647 E550.00443
G0 F15000 X114.803 Y106.328
G1 F2700 X117.322 Y103.808 E550.04709
G0 F15000 X116.994 Y103.571
G1 F2700 X114.557 Y106.008 E550.08836
G0 F15000 X114.294 Y105.705
G1 F2700 X116.69 Y103.31 E550.12892
G0 F15000 X116.427 Y103.006
G1 F2700 X113.99 Y105.444 E550.1702
G0 F15000 X113.67 Y105.198
G1 F2700 X116.19 Y102.678 E550.21287
G0 F15000 X115.991 Y102.311
G1 F2700 X113.35 Y104.952 E550.25759
G0 F15000 X113.021 Y104.715
G1 F2700 X115.828 Y101.909 E550.30511
G0 F15000 X115.709 Y101.462
G1 F2700 X112.623 Y104.548 E550.35737
G0 F15000 X112.225 Y104.38
G1 F2700 X115.64 Y100.965 E550.4152
G0 F15000 X115.675 Y100.365
G1 F2700 X111.827 Y104.213 E550.48036
G0 F15000 X111.393 Y104.08
G1 F2700 X115.826 Y99.648 E550.55541
G1 F2400 E549.75541
G1 F300 Z1.64
G0 F15000 X104.426 Y107.654
G1 F300 Z1.44
G1 F2400 E550.55541
G1 F2700 X94.095 Y117.985 E550.73035
G0 F15000 X94.261 Y118.385
G1 F2700 X104.085 Y108.56 E550.89671
G0 F15000 X104.003 Y109.208
G1 F2700 X94.426 Y118.785 E551.05888
G0 F15000 X94.639 Y119.138
G1 F2700 X103.933 Y109.844 E551.21626
G0 F15000 X103.955 Y110.388
G1 F2700 X94.885 Y119.457 E551.36984
G1 F2400 E550.56984
G1 F300 Z1.64
G0 F15000 X92.535 Y113.322
G1 F300 Z1.44
G1 F2400 E551.36984
G1 F2700 X101.6 Y104.257 E551.52334
G0 F15000 X100.935 Y104.356
G1 F2700 X92.469 Y112.822 E551.6667
G1 F2400 E550.8667
G1 F300 Z1.64
;MESH:NONMESH
G0 F15000 X100.87 Y104.083
;TIME_ELAPSED:978.175058
;LAYER:12
;MESH:vertMount_Cover_RPi_r01.stl
G0 Z1.76
;TYPE:WALL-INNER
G1 F300 Z1.56
G1 F2400 E551.6667
G1 F5400 X100.611 Y104.073 E551.67187
G1 X99.949 Y103.986 E551.68519
G1 X99.338 Y103.741 E551.69833
G1 X99.061 Y103.604 E551.7045
G1 X98.605 Y103.254 E551.71597
G1 X98.387 Y103.061 E551.72178
G1 X98.055 Y102.627 E551.73268
G1 X97.822 Y102.226 E551.74194
G1 X97.671 Y101.862 E551.7498
G1 X97.561 Y101.49 E551.75754
G1 X97.496 Y101.02 E551.76701
G1 X97.496 Y100.538 E551.77663
G1 X97.548 Y100.154 E551.78436
G1 X97.671 Y99.702 E551.79371
G1 X97.888 Y99.199 E551.80464
G1 X98.048 Y98.946 E551.81062
G1 X98.291 Y98.624 E551.81867
G1 X98.5 Y98.387 E551.82497
G1 X98.934 Y98.053 E551.8359
G1 X99.347 Y97.815 E551.84542
G1 X99.707 Y97.667 E551.85318
G1 X100.152 Y97.547 E551.86238
G1 X100.54 Y97.495 E551.87019
G1 X101.02 Y97.496 E551.87977
G1 X101.489 Y97.56 E551.88922
G1 X101.853 Y97.667 E551.89679
G1 X102.213 Y97.815 E551.90456
G1 X102.626 Y98.053 E551.91407
G1 X103.06 Y98.387 E551.925
G1 X103.267 Y98.622 E551.93125
G1 X103.61 Y99.068 E551.94248
G1 X103.741 Y99.338 E551.94846
G1 X103.986 Y99.949 E551.9616
G1 X104.073 Y100.611 E551.97493
G1 X104.083 Y100.87 E551.9801
G1 X104.019 Y101.39 E551.99055
G1 X103.938 Y101.744 E551.9978
G1 X103.692 Y102.335 E552.01058
G1 X103.521 Y102.606 E552.01697
G1 X103.223 Y103.002 E552.02686
G1 X103.002 Y103.223 E552.0331
G1 X102.606 Y103.521 E552.04299
G1 X102.375 Y103.667 E552.04844
G1 X101.783 Y103.929 E552.06136
G1 X101.39 Y104.019 E552.06941
G1 X100.87 Y104.083 E552.07986
G0 F15000 X100.777 Y103.691
G1 F5400 X100.103 Y103.607 E552.09342
G1 X99.856 Y103.524 E552.09862
G1 X99.323 Y103.302 E552.11014
G1 X98.72 Y102.838 E552.12532
G1 X98.372 Y102.384 E552.13674
G1 X98.191 Y102.072 E552.14394
G1 X98.04 Y101.708 E552.1518
G1 X97.954 Y101.418 E552.15784
G1 X97.892 Y100.966 E552.16694
G1 X97.892 Y100.591 E552.17443
G1 X97.944 Y100.207 E552.18216
G1 X98.04 Y99.856 E552.18942
G1 X98.273 Y99.311 E552.20125
G1 X98.715 Y98.727 E552.21586
G1 X99.178 Y98.37 E552.22753
G1 X99.499 Y98.185 E552.23493
G1 X99.859 Y98.037 E552.24269
G1 X100.205 Y97.944 E552.24984
G1 X100.593 Y97.892 E552.25766
G1 X100.966 Y97.892 E552.2651
G1 X101.418 Y97.954 E552.2742
G1 X101.701 Y98.037 E552.28009
G1 X102.061 Y98.185 E552.28786
G1 X102.382 Y98.37 E552.29525
G1 X102.839 Y98.722 E552.30676
G1 X103.306 Y99.329 E552.32205
G1 X103.596 Y100.046 E552.33748
G1 X103.674 Y100.649 E552.34961
G1 X103.67 Y100.952 E552.35566
G1 X103.622 Y101.34 E552.36346
G1 X103.559 Y101.616 E552.36911
G1 X103.287 Y102.25 E552.38288
G1 X102.844 Y102.843 E552.39765
G1 X102.254 Y103.286 E552.41237
G1 X101.616 Y103.559 E552.42622
G1 X101.34 Y103.622 E552.43187
G1 X100.777 Y103.691 E552.44319
G0 F15000 X100.749 Y103.284
G1 F5400 X100.146 Y103.207 E552.45532
G1 X99.528 Y102.955 E552.46864
G1 X99.005 Y102.552 E552.48182
G1 X98.69 Y102.141 E552.49215
G1 X98.561 Y101.918 E552.49729
G1 X98.361 Y101.438 E552.50767
G1 X98.288 Y100.913 E552.51825
G1 X98.289 Y100.645 E552.5236
G1 X98.341 Y100.261 E552.53133
G1 X98.409 Y100.01 E552.53652
G1 X98.62 Y99.516 E552.54724
G1 X98.984 Y99.034 E552.55929
G1 X99.422 Y98.687 E552.57044
G1 X99.651 Y98.555 E552.57572
G1 X100.011 Y98.407 E552.58349
G1 X100.259 Y98.34 E552.58861
G1 X100.646 Y98.288 E552.59641
G1 X100.913 Y98.288 E552.60173
G1 X101.431 Y98.358 E552.61216
G1 X101.909 Y98.555 E552.62248
G1 X102.138 Y98.687 E552.62776
G1 X102.554 Y99.007 E552.63823
G1 X102.956 Y99.53 E552.65139
G1 X103.207 Y100.146 E552.66467
G1 X103.288 Y100.781 E552.67744
G1 X103.209 Y101.421 E552.69031
G1 X102.939 Y102.049 E552.70395
G1 X102.558 Y102.558 E552.71664
G1 X102.049 Y102.939 E552.72933
G1 X101.415 Y103.212 E552.74311
G1 X100.749 Y103.284 E552.75647
G0 F15000 X100.781 Y102.885
G1 F5400 X100.249 Y102.819 E552.76717
G1 X99.733 Y102.601 E552.77835
G1 X99.294 Y102.264 E552.78939
G1 X98.961 Y101.838 E552.80019
G1 X98.748 Y101.328 E552.81121
G1 X98.674 Y100.779 E552.82227
G1 X98.748 Y100.235 E552.83323
G1 X98.967 Y99.72 E552.84439
G1 X99.295 Y99.295 E552.85511
G1 X99.727 Y98.956 E552.86607
G1 X100.235 Y98.747 E552.87703
G1 X100.781 Y98.674 E552.88802
G1 X101.326 Y98.748 E552.899
G1 X101.833 Y98.956 E552.90993
G1 X102.264 Y99.295 E552.92088
G1 X102.601 Y99.733 E552.9319
G1 X102.819 Y100.249 E552.94308
G1 X102.885 Y100.781 E552.95378
G1 X102.818 Y101.319 E552.9646
G1 X102.595 Y101.842 E552.97595
G1 X102.269 Y102.269 E552.98667
G1 X101.842 Y102.595 E552.99739
G1 X101.319 Y102.818 E553.00873
G1 X100.781 Y102.885 E553.01955
G1 F2400 E552.21955
G1 F300 Z1.76
G0 F15000 X110 Y115.788
G1 F300 Z1.56
G1 F2400 E553.01955
G1 F5400 X109.772 Y115.782 E553.02411
G1 X108.608 Y115.634 E553.04752
G1 X108.355 Y115.558 E553.05279
G1 X107.071 Y115.021 E553.08057
G1 X106.014 Y114.207 E553.10719
G1 X105.793 Y113.986 E553.11343
G1 X104.978 Y112.925 E553.14013
G1 X104.443 Y111.656 E553.16761
G1 X104.362 Y111.387 E553.17322
G1 X104.204 Y110.128 E553.19854
G1 X104.214 Y109.772 E553.20564
G1 X104.362 Y108.611 E553.229
G1 X104.437 Y108.357 E553.23429
G1 X104.969 Y107.095 E553.26162
G1 X105.793 Y106.014 E553.28874
G1 X106.014 Y105.793 E553.29498
G1 X107.095 Y104.969 E553.3221
G1 X108.357 Y104.437 E553.34944
G1 X108.613 Y104.361 E553.35476
G1 X109.873 Y104.204 E553.3801
G1 X110.229 Y104.214 E553.38721
G1 X111.389 Y104.362 E553.41055
G1 X111.656 Y104.443 E553.41612
G1 X112.808 Y104.929 E553.44107
G1 X113.09 Y105.105 E553.4477
G1 X113.986 Y105.793 E553.47024
G1 X114.207 Y106.014 E553.47648
G1 X115.021 Y107.071 E553.50311
G1 X115.558 Y108.355 E553.53088
G1 X115.634 Y108.61 E553.53619
G1 X115.792 Y109.873 E553.56159
G1 X115.782 Y110.229 E553.5687
G1 X115.633 Y111.392 E553.5921
G1 X115.552 Y111.658 E553.59765
G1 X115.026 Y112.919 E553.62491
G1 X114.207 Y113.986 E553.65175
G1 X113.986 Y114.207 E553.65799
G1 X112.919 Y115.026 E553.68483
G1 X111.658 Y115.552 E553.7121
G1 X111.39 Y115.634 E553.71769
G1 X110.128 Y115.792 E553.74307
G1 X110 Y115.788 E553.74563
G0 F15000 X109.998 Y115.406
G1 F5400 X108.581 Y115.22 E553.77415
G1 X107.298 Y114.684 E553.8019
G1 X106.271 Y113.901 E553.82767
G1 X106.099 Y113.729 E553.83252
G1 X105.313 Y112.693 E553.85848
G1 X104.766 Y111.394 E553.8866
G1 X104.59 Y109.998 E553.91468
G1 X104.776 Y108.579 E553.94324
G1 X105.32 Y107.292 E553.97113
G1 X106.099 Y106.271 E553.99675
G1 X106.271 Y106.099 E554.00161
G1 X107.309 Y105.306 E554.02768
G1 X108.58 Y104.776 E554.05516
G1 X109.998 Y104.59 E554.0837
G1 X111.394 Y104.766 E554.11178
G1 X112.628 Y105.286 E554.1385
G1 X112.847 Y105.423 E554.14365
G1 X113.729 Y106.099 E554.16583
G1 X113.901 Y106.271 E554.17069
G1 X114.684 Y107.298 E554.19646
G1 X115.22 Y108.581 E554.22421
G1 X115.406 Y109.998 E554.25273
G1 X115.23 Y111.391 E554.28075
G1 X114.687 Y112.692 E554.30888
G1 X113.901 Y113.729 E554.33485
G1 X113.729 Y113.901 E554.3397
G1 X112.677 Y114.698 E554.36604
G1 X111.389 Y115.231 E554.39386
G1 X109.998 Y115.406 E554.42183
G0 F15000 X110 Y115.004
G1 F5400 X109.99 Y115.005 E554.42203
G1 X108.689 Y114.832 E554.44823
G1 X107.497 Y114.336 E554.47399
G1 X106.455 Y113.538 E554.50018
G1 X105.663 Y112.495 E554.52632
G1 X105.165 Y111.312 E554.55193
G1 X104.991 Y109.991 E554.57852
G1 X105.163 Y108.69 E554.60471
G1 X105.667 Y107.494 E554.63061
G1 X106.459 Y106.459 E554.65662
G1 X107.506 Y105.658 E554.68293
G1 X108.691 Y105.163 E554.70855
G1 X110 Y104.993 E554.7349
G1 X111.312 Y105.165 E554.7613
G1 X112.496 Y105.663 E554.78694
G1 X113.541 Y106.458 E554.81314
G1 X114.336 Y107.497 E554.83925
G1 X114.833 Y108.69 E554.86504
G1 X115.003 Y110 E554.8914
G1 X114.832 Y111.308 E554.91772
G1 X114.339 Y112.493 E554.94334
G1 X113.539 Y113.545 E554.96971
G1 X112.493 Y114.339 E554.99592
G1 X111.308 Y114.832 E555.02153
G1 X110 Y115.004 E555.04786
G0 F15000 X110 Y114.598
G1 F5400 X108.8 Y114.445 E555.072
G1 X107.699 Y113.988 E555.09579
G1 X106.744 Y113.256 E555.1198
G1 X106.009 Y112.292 E555.14399
G1 X105.55 Y111.195 E555.16772
G1 X105.396 Y110.017 E555.19143
G1 X105.551 Y108.8 E555.21591
G1 X106.013 Y107.697 E555.23978
G1 X106.747 Y106.747 E555.26374
G1 X107.697 Y106.013 E555.28769
G1 X108.812 Y105.546 E555.31182
G1 X110.001 Y105.394 E555.33574
G1 X111.196 Y105.55 E555.35979
G1 X112.306 Y106.016 E555.38381
G1 X113.252 Y106.747 E555.40767
G1 X113.988 Y107.699 E555.43168
G1 X114.45 Y108.812 E555.45573
G1 X114.602 Y110.001 E555.47965
G1 X114.446 Y111.196 E555.5037
G1 X113.985 Y112.305 E555.52767
G1 X113.253 Y113.253 E555.55157
G1 X112.289 Y113.993 E555.57583
G1 X111.196 Y114.446 E555.59944
G1 X110.017 Y114.6 E555.62316
G1 X110 Y114.598 E555.62351
G1 F2400 E554.82351
G1 F300 Z1.76
G0 F15000 X118.992 Y122.502
G1 F300 Z1.56
G1 F2400 E555.62351
G1 F5400 X118.508 Y122.44 E555.63324
G1 X118.138 Y122.329 E555.64095
G1 X117.774 Y122.178 E555.64882
G1 X117.37 Y121.943 E555.65814
G1 X116.939 Y121.611 E555.669
G1 X116.742 Y121.391 E555.67489
G1 X116.393 Y120.935 E555.68635
G1 X116.258 Y120.662 E555.69243
G1 X116.106 Y120.298 E555.7003
G1 X116.001 Y119.984 E555.70691
G1 X115.923 Y119.384 E555.71898
G1 X115.913 Y119.115 E555.72436
G1 X115.984 Y118.59 E555.73493
G1 X116.059 Y118.264 E555.7416
G1 X116.302 Y117.664 E555.75452
G1 X116.491 Y117.369 E555.76151
G1 X116.777 Y116.998 E555.77086
G1 X116.998 Y116.777 E555.7771
G1 X117.369 Y116.491 E555.78645
G1 X117.664 Y116.302 E555.79344
G1 X118.264 Y116.059 E555.80636
G1 X118.59 Y115.984 E555.81303
G1 X119.115 Y115.913 E555.82361
G1 X119.384 Y115.923 E555.82898
G1 X119.844 Y115.983 E555.83824
G1 X120.135 Y116.047 E555.84418
G1 X120.662 Y116.258 E555.85551
G1 X120.935 Y116.393 E555.86159
G1 X121.39 Y116.741 E555.87302
G1 X121.608 Y116.934 E555.87883
G1 X121.943 Y117.37 E555.8898
G1 X122.178 Y117.774 E555.89913
G1 X122.33 Y118.138 E555.907
G1 X122.439 Y118.509 E555.91472
G1 X122.502 Y118.992 E555.92444
G1 X122.502 Y119.438 E555.93334
G1 X122.455 Y119.826 E555.94114
G1 X122.329 Y120.298 E555.95089
G1 X122.178 Y120.662 E555.95875
G1 X121.945 Y121.064 E555.96802
G1 X121.599 Y121.507 E555.97924
G1 X121.383 Y121.696 E555.98497
G1 X121.065 Y121.944 E555.99302
G1 X120.803 Y122.114 E555.99925
G1 X120.298 Y122.329 E556.0102
G1 X119.826 Y122.455 E556.01995
G1 X119.438 Y122.502 E556.02775
G1 X118.992 Y122.502 E556.03665
G0 F15000 X119.042 Y122.105
G1 F5400 X118.58 Y122.046 E556.04595
G1 X118.292 Y121.96 E556.05194
G1 X117.928 Y121.808 E556.05982
G1 X117.614 Y121.626 E556.06706
G1 X117.154 Y121.272 E556.07864
G1 X116.693 Y120.67 E556.09377
G1 X116.404 Y119.951 E556.10924
G1 X116.303 Y119.208 E556.1242
G1 X116.38 Y118.644 E556.13556
G1 X116.439 Y118.39 E556.14076
G1 X116.711 Y117.738 E556.15486
G1 X117.158 Y117.158 E556.16948
G1 X117.738 Y116.711 E556.18409
G1 X118.39 Y116.439 E556.19819
G1 X118.644 Y116.38 E556.20339
G1 X119.208 Y116.303 E556.21475
G1 X119.952 Y116.404 E556.22973
G1 X120.673 Y116.695 E556.24525
G1 X121.274 Y117.157 E556.26038
G1 X121.626 Y117.614 E556.27189
G1 X121.808 Y117.928 E556.27913
G1 X121.961 Y118.292 E556.28701
G1 X122.046 Y118.581 E556.29302
G1 X122.106 Y119.042 E556.3023
G1 X122.106 Y119.388 E556.30921
G1 X122.058 Y119.777 E556.31703
G1 X121.96 Y120.144 E556.32461
G1 X121.809 Y120.508 E556.33247
G1 X121.628 Y120.821 E556.33969
G1 X121.271 Y121.277 E556.35125
G1 X120.691 Y121.728 E556.36591
G1 X120.144 Y121.96 E556.37776
G1 X119.777 Y122.058 E556.38534
G1 X119.388 Y122.106 E556.39317
G1 X119.042 Y122.105 E556.40007
G0 F15000 X119.219 Y121.724
G1 F5400 X118.57 Y121.643 E556.41312
G1 X118.082 Y121.439 E556.42368
G1 X117.858 Y121.309 E556.42885
G1 X117.441 Y120.989 E556.43934
G1 X117.044 Y120.47 E556.45238
G1 X116.794 Y119.855 E556.46562
G1 X116.711 Y119.245 E556.47791
G1 X116.791 Y118.585 E556.49118
G1 X117.055 Y117.947 E556.50496
G1 X117.443 Y117.443 E556.51765
G1 X117.947 Y117.055 E556.53034
G1 X118.584 Y116.791 E556.5441
G1 X119.251 Y116.71 E556.55751
G1 X119.855 Y116.794 E556.56968
G1 X120.476 Y117.046 E556.58306
G1 X120.984 Y117.448 E556.59598
G1 X121.309 Y117.858 E556.60642
G1 X121.439 Y118.082 E556.61159
G1 X121.641 Y118.565 E556.62204
G1 X121.725 Y119.212 E556.63506
G1 X121.661 Y119.727 E556.64542
G1 X121.591 Y119.99 E556.65085
G1 X121.439 Y120.354 E556.65872
G1 X121.306 Y120.583 E556.664
G1 X120.984 Y120.984 E556.67427
G1 X120.491 Y121.379 E556.68687
G1 X119.99 Y121.591 E556.69773
G1 X119.727 Y121.661 E556.70316
G1 X119.219 Y121.724 E556.71338
G0 F15000 X119.215 Y121.321
G1 F5400 X118.673 Y121.253 E556.72428
G1 X118.162 Y121.039 E556.73533
G1 X117.732 Y120.701 E556.74625
G1 X117.395 Y120.272 E556.75714
G1 X117.186 Y119.753 E556.7683
G1 X117.11 Y119.216 E556.77912
G1 X117.183 Y118.679 E556.78994
G1 X117.401 Y118.153 E556.8013
G1 X117.731 Y117.731 E556.81199
G1 X118.153 Y117.401 E556.82268
G1 X118.679 Y117.183 E556.83405
G1 X119.214 Y117.11 E556.84482
G1 X119.753 Y117.182 E556.85567
G1 X120.266 Y117.399 E556.86679
G1 X120.701 Y117.731 E556.87771
G1 X121.039 Y118.162 E556.88864
G1 X121.253 Y118.673 E556.8997
G1 X121.321 Y119.215 E556.9106
G1 X121.254 Y119.76 E556.92155
G1 X121.037 Y120.278 E556.93276
G1 X120.701 Y120.701 E556.94354
G1 X120.279 Y121.035 E556.95428
G1 X119.761 Y121.254 E556.96551
G1 X119.215 Y121.321 E556.97648
G1 F2400 E556.17648
G1 F300 Z1.76
G0 F15000 X110 Y128.18
G1 F300 Z1.56
G1 F2400 E556.97648
G1 F5400 X114.71 Y127.562 E557.07128
G1 X119.087 Y125.747 E557.16584
G1 X122.856 Y122.856 E557.26063
G1 X125.747 Y119.088 E557.35541
G1 X127.558 Y114.71 E557.44996
G1 X128.18 Y110 E557.54477
G1 X127.558 Y105.286 E557.63966
G1 X125.747 Y100.908 E557.7342
G1 X122.856 Y97.14 E557.82898
G1 X119.088 Y94.249 E557.92376
G1 X114.71 Y92.438 E558.01831
G1 X110 Y91.816 E558.11312
G1 X105.286 Y92.438 E558.208
G1 X100.908 Y94.249 E558.30255
G1 X97.14 Y97.14 E558.39733
G1 X94.248 Y100.909 E558.49213
G1 X92.434 Y105.286 E558.58669
G1 X91.816 Y110 E558.68156
G1 X92.434 Y114.71 E558.77636
G1 X94.248 Y119.087 E558.87091
G1 X97.14 Y122.856 E558.96572
G1 X100.908 Y125.747 E559.0605
G1 X105.286 Y127.562 E559.15507
G1 X110 Y128.18 E559.24995
G0 F15000 X110 Y128.584
G1 F5400 X114.814 Y127.952 E559.34685
G1 X119.289 Y126.097 E559.44352
G1 X123.141 Y123.141 E559.54041
G1 X126.096 Y119.29 E559.63728
G1 X127.948 Y114.814 E559.73395
G1 X128.583 Y110 E559.83085
G1 X127.948 Y105.182 E559.92783
G1 X126.096 Y100.706 E560.0245
G1 X123.141 Y96.855 E560.12137
G1 X119.29 Y93.899 E560.21825
G1 X114.814 Y92.048 E560.31491
G1 X110 Y91.413 E560.41181
G1 X105.182 Y92.048 E560.50879
G1 X100.706 Y93.899 E560.60545
G1 X96.855 Y96.855 E560.70233
G1 X93.899 Y100.707 E560.79923
G1 X92.044 Y105.182 E560.8959
G1 X91.412 Y110 E560.99287
G1 X92.044 Y114.814 E561.08976
G1 X93.899 Y119.289 E561.18644
G1 X96.855 Y123.141 E561.28333
G1 X100.707 Y126.097 E561.38023
G1 X105.182 Y127.951 E561.47689
G1 X110 Y128.584 E561.57387
G0 F15000 X110 Y128.987
G1 F5400 X114.918 Y128.341 E561.67285
G1 X119.491 Y126.446 E561.77164
G1 X123.426 Y123.426 E561.87063
G1 X126.446 Y119.491 E561.96962
G1 X128.337 Y114.919 E562.06835
G1 X128.987 Y110 E562.16737
G1 X128.337 Y105.077 E562.26646
G1 X126.446 Y100.505 E562.3652
G1 X123.426 Y96.57 E562.46419
G1 X119.491 Y93.55 E562.56318
G1 X114.919 Y91.659 E562.66191
G1 X110 Y91.009 E562.76093
G1 X105.077 Y91.659 E562.86003
G1 X100.505 Y93.55 E562.95876
G1 X96.569 Y96.569 E563.05775
G1 X93.55 Y100.505 E563.15674
G1 X91.655 Y105.077 E563.25551
G1 X91.009 Y110 E563.3546
G1 X91.655 Y114.918 E563.45358
G1 X93.55 Y119.491 E563.55237
G1 X96.569 Y123.427 E563.65136
G1 X100.505 Y126.446 E563.75035
G1 X105.077 Y128.341 E563.84912
G1 X110 Y128.987 E563.9482
G0 F15000 X110 Y129.39
G1 F5400 X115.023 Y128.731 E564.0493
G1 X119.693 Y126.795 E564.15019
G1 X123.712 Y123.712 E564.25127
G1 X126.795 Y119.693 E564.35236
G1 X128.727 Y115.023 E564.45321
G1 X129.39 Y110 E564.55432
G1 X128.727 Y104.973 E564.65551
G1 X126.795 Y100.303 E564.75636
G1 X123.712 Y96.284 E564.85745
G1 X119.693 Y93.201 E564.95853
G1 X115.023 Y91.269 E565.05938
G1 X110 Y90.606 E565.16049
G1 X104.973 Y91.269 E565.26168
G1 X100.303 Y93.201 E565.36254
G1 X96.284 Y96.284 E565.46362
G1 X93.2 Y100.303 E565.56472
G1 X91.265 Y104.973 E565.66559
G1 X90.606 Y110 E565.76677
G1 X91.265 Y115.023 E565.86787
G1 X93.2 Y119.693 E565.96875
G1 X96.284 Y123.712 E566.06984
G1 X100.303 Y126.795 E566.17093
G1 X104.973 Y128.731 E566.27181
G1 X110 Y129.39 E566.37299
G1 F2400 E565.57299
G1 F300 Z1.76
G0 F15000 X101.002 Y122.502
G1 F300 Z1.56
G1 F2400 E566.37299
G1 F5400 X100.557 Y122.502 E566.38187
G1 X100.172 Y122.455 E566.38961
G1 X99.708 Y122.332 E566.39919
G1 X99.195 Y122.113 E566.41032
G1 X98.932 Y121.945 E566.41655
G1 X98.496 Y121.605 E566.42758
G1 X98.291 Y121.372 E566.43378
G1 X98.055 Y121.064 E566.44152
G1 X97.823 Y120.662 E566.45078
G1 X97.671 Y120.298 E566.45865
G1 X97.547 Y119.844 E566.46805
G1 X97.495 Y119.456 E566.47586
G1 X97.496 Y118.974 E566.48548
G1 X97.561 Y118.508 E566.49487
G1 X97.671 Y118.138 E566.50257
G1 X97.822 Y117.774 E566.51043
G1 X98.048 Y117.382 E566.51946
G1 X98.382 Y116.941 E566.5305
G1 X98.605 Y116.742 E566.53647
G1 X99.071 Y116.389 E566.54814
G1 X99.338 Y116.258 E566.55407
G1 X99.946 Y116.015 E566.56714
G1 X100.612 Y115.923 E566.58055
G1 X100.884 Y115.913 E566.58599
G1 X101.408 Y115.983 E566.59654
G1 X101.742 Y116.061 E566.60338
G1 X102.332 Y116.302 E566.6161
G1 X102.619 Y116.484 E566.62288
G1 X103.002 Y116.777 E566.6325
G1 X103.223 Y116.998 E566.63874
G1 X103.515 Y117.38 E566.64834
G1 X103.668 Y117.622 E566.65405
G1 X103.93 Y118.221 E566.6671
G1 X104.019 Y118.608 E566.67502
G1 X104.083 Y119.122 E566.68536
G1 X104.073 Y119.385 E566.69061
G1 X103.999 Y119.951 E566.702
G1 X103.936 Y120.197 E566.70707
G1 X103.68 Y120.81 E566.72033
G1 X103.501 Y121.075 E566.72671
G1 X103.168 Y121.501 E566.7375
G1 X102.947 Y121.696 E566.74338
G1 X102.639 Y121.936 E566.75117
G1 X102.226 Y122.178 E566.76072
G1 X101.862 Y122.329 E566.76859
G1 X101.489 Y122.44 E566.77636
G1 X101.002 Y122.502 E566.78615
G0 F15000 X100.953 Y122.106
G1 F5400 X100.606 Y122.106 E566.79308
G1 X100.222 Y122.058 E566.8008
G1 X99.861 Y121.962 E566.80825
G1 X99.299 Y121.724 E566.82043
G1 X98.718 Y121.272 E566.83512
G1 X98.372 Y120.82 E566.84648
G1 X98.192 Y120.508 E566.85367
G1 X98.04 Y120.144 E566.86154
G1 X97.944 Y119.791 E566.86884
G1 X97.892 Y119.403 E566.87666
G1 X97.892 Y119.028 E566.88414
G1 X97.954 Y118.58 E566.89317
G1 X98.04 Y118.292 E566.89916
G1 X98.191 Y117.928 E566.90703
G1 X98.367 Y117.623 E566.91405
G1 X98.719 Y117.158 E566.92569
G1 X99.33 Y116.694 E566.941
G1 X99.856 Y116.476 E566.95237
G1 X100.097 Y116.395 E566.95744
G1 X100.781 Y116.303 E566.97121
G1 X101.355 Y116.38 E566.98277
G1 X101.615 Y116.44 E566.9881
G1 X102.256 Y116.711 E567.00198
G1 X102.843 Y117.157 E567.0167
G1 X103.284 Y117.738 E567.03125
G1 X103.561 Y118.389 E567.04537
G1 X103.622 Y118.658 E567.05087
G1 X103.691 Y119.211 E567.062
G1 X103.598 Y119.949 E567.07684
G1 X103.327 Y120.619 E567.09126
G1 X103.185 Y120.829 E567.09632
G1 X102.835 Y121.277 E567.10767
G1 X102.393 Y121.621 E567.11884
G1 X102.072 Y121.808 E567.12626
G1 X101.708 Y121.96 E567.13413
G1 X101.418 Y122.046 E567.14017
G1 X100.953 Y122.106 E567.14952
G0 F15000 X100.78 Y121.725
G1 F5400 X100.272 Y121.661 E567.15974
G1 X100.014 Y121.593 E567.16507
G1 X99.502 Y121.376 E567.17616
G1 X98.986 Y120.963 E567.18935
G1 X98.69 Y120.577 E567.19906
G1 X98.561 Y120.354 E567.2042
G1 X98.409 Y119.99 E567.21207
G1 X98.34 Y119.737 E567.21731
G1 X98.288 Y119.35 E567.2251
G1 X98.288 Y119.081 E567.23047
G1 X98.361 Y118.562 E567.24093
G1 X98.561 Y118.082 E567.2513
G1 X98.686 Y117.864 E567.25632
G1 X99.006 Y117.441 E567.2669
G1 X99.533 Y117.043 E567.28008
G1 X100.144 Y116.794 E567.29325
G1 X100.784 Y116.707 E567.30614
G1 X101.42 Y116.792 E567.31894
G1 X102.051 Y117.057 E567.3326
G1 X102.558 Y117.443 E567.34532
G1 X102.94 Y117.946 E567.35792
G1 X103.212 Y118.59 E567.37187
G1 X103.284 Y119.246 E567.38504
G1 X103.207 Y119.852 E567.39723
G1 X102.954 Y120.475 E567.41065
G1 X102.576 Y120.96 E567.42292
G1 X102.147 Y121.305 E567.43391
G1 X101.918 Y121.439 E567.4392
G1 X101.431 Y121.642 E567.44973
G1 X100.78 Y121.725 E567.46283
G0 F15000 X100.78 Y121.321
G1 F5400 X100.24 Y121.254 E567.47369
G1 X99.715 Y121.034 E567.48505
G1 X99.295 Y120.701 E567.49574
G1 X98.962 Y120.277 E567.5065
G1 X98.748 Y119.763 E567.51761
G1 X98.674 Y119.215 E567.52865
G1 X98.748 Y118.671 E567.5396
G1 X98.96 Y118.164 E567.55057
G1 X99.293 Y117.733 E567.56144
G1 X99.729 Y117.395 E567.57245
G1 X100.247 Y117.182 E567.58363
G1 X100.781 Y117.11 E567.59438
G1 X101.322 Y117.183 E567.60527
G1 X101.845 Y117.403 E567.6166
G1 X102.272 Y117.728 E567.62731
G1 X102.594 Y118.152 E567.63793
G1 X102.818 Y118.681 E567.64939
G1 X102.885 Y119.214 E567.66011
G1 X102.819 Y119.75 E567.67089
G1 X102.601 Y120.268 E567.68211
G1 X102.266 Y120.7 E567.69302
G1 X101.84 Y121.038 E567.70387
G1 X101.327 Y121.252 E567.71496
G1 X100.78 Y121.321 E567.72596
G1 F2400 E566.92596
G1 F300 Z1.76
G0 F15000 X119.122 Y104.083
G1 F300 Z1.56
G1 F2400 E567.72596
G1 F5400 X118.608 Y104.019 E567.7363
G1 X118.263 Y103.94 E567.74336
G1 X117.662 Y103.693 E567.75633
G1 X117.38 Y103.514 E567.763
G1 X116.998 Y103.223 E567.77258
G1 X116.777 Y103.002 E567.77882
G1 X116.484 Y102.618 E567.78846
G1 X116.327 Y102.371 E567.7943
G1 X116.072 Y101.783 E567.80709
G1 X115.983 Y101.408 E567.81478
G1 X115.913 Y100.884 E567.82533
G1 X115.923 Y100.612 E567.83076
G1 X116.015 Y99.945 E567.8442
G1 X116.259 Y99.338 E567.85725
G1 X116.388 Y99.073 E567.86313
G1 X116.741 Y98.606 E567.87482
G1 X116.939 Y98.385 E567.88074
G1 X117.37 Y98.053 E567.89159
G1 X117.783 Y97.815 E567.90111
G1 X118.143 Y97.667 E567.90887
G1 X118.507 Y97.56 E567.91645
G1 X118.976 Y97.495 E567.92589
G1 X119.456 Y97.495 E567.93547
G1 X119.844 Y97.547 E567.94329
G1 X120.289 Y97.667 E567.95248
G1 X120.649 Y97.814 E567.96024
G1 X121.062 Y98.053 E567.96977
G1 X121.502 Y98.391 E567.98084
G1 X121.704 Y98.621 E567.98695
G1 X121.944 Y98.933 E567.9948
G1 X122.113 Y99.197 E568.00106
G1 X122.329 Y99.702 E568.01202
G1 X122.455 Y100.172 E568.02173
G1 X122.502 Y100.557 E568.02947
G1 X122.502 Y101.002 E568.03835
G1 X122.44 Y101.489 E568.04815
G1 X122.33 Y101.862 E568.05591
G1 X122.178 Y102.226 E568.06378
G1 X121.936 Y102.639 E568.07333
G1 X121.602 Y103.068 E568.08418
G1 X121.383 Y103.26 E568.08999
G1 X120.943 Y103.603 E568.10113
G1 X120.662 Y103.742 E568.10738
G1 X120.054 Y103.985 E568.12045
G1 X119.385 Y104.073 E568.13392
G1 X119.122 Y104.083 E568.13917
G0 F15000 X119.347 Y103.674
G1 F5400 X119.042 Y103.67 E568.14525
G1 X118.658 Y103.622 E568.15298
G1 X118.389 Y103.561 E568.15848
G1 X117.738 Y103.284 E568.1726
G1 X117.157 Y102.843 E568.18716
G1 X116.711 Y102.256 E568.20187
G1 X116.441 Y101.615 E568.21575
G1 X116.38 Y101.355 E568.22108
G1 X116.304 Y100.789 E568.23247
G1 X116.394 Y100.098 E568.24638
G1 X116.476 Y99.856 E568.25148
G1 X116.696 Y99.329 E568.26288
G1 X117.153 Y98.725 E568.27799
G1 X117.614 Y98.37 E568.2896
G1 X117.935 Y98.185 E568.297
G1 X118.295 Y98.037 E568.30476
G1 X118.578 Y97.954 E568.31065
G1 X119.03 Y97.892 E568.31975
G1 X119.403 Y97.892 E568.3272
G1 X119.791 Y97.943 E568.33501
G1 X120.137 Y98.037 E568.34216
G1 X120.497 Y98.184 E568.34992
G1 X120.818 Y98.37 E568.35733
G1 X121.275 Y98.721 E568.36883
G1 X121.725 Y99.305 E568.38354
G1 X121.96 Y99.856 E568.39549
G1 X122.058 Y100.222 E568.40305
G1 X122.106 Y100.606 E568.41078
G1 X122.106 Y100.953 E568.4177
G1 X122.047 Y101.418 E568.42706
G1 X121.961 Y101.708 E568.43309
G1 X121.808 Y102.072 E568.44097
G1 X121.621 Y102.393 E568.44838
G1 X121.276 Y102.837 E568.45961
G1 X120.676 Y103.304 E568.47478
G1 X119.953 Y103.596 E568.49034
G1 X119.347 Y103.674 E568.50253
G0 F15000 X119.214 Y103.288
G1 F5400 X118.583 Y103.21 E568.51522
G1 X117.95 Y102.941 E568.52895
G1 X117.438 Y102.554 E568.54175
G1 X117.057 Y102.05 E568.55436
G1 X116.792 Y101.421 E568.56798
G1 X116.707 Y100.784 E568.58081
G1 X116.794 Y100.144 E568.5937
G1 X117.043 Y99.532 E568.60688
G1 X117.441 Y99.007 E568.62003
G1 X117.858 Y98.687 E568.63052
G1 X118.087 Y98.555 E568.63579
G1 X118.565 Y98.358 E568.64611
G1 X119.083 Y98.288 E568.65654
G1 X119.35 Y98.288 E568.66187
G1 X119.737 Y98.34 E568.66966
G1 X119.985 Y98.407 E568.67479
G1 X120.345 Y98.554 E568.68255
G1 X120.574 Y98.687 E568.68783
G1 X121.011 Y99.033 E568.69896
G1 X121.382 Y99.516 E568.71111
G1 X121.591 Y100.01 E568.72182
G1 X121.661 Y100.272 E568.72723
G1 X121.725 Y100.78 E568.73745
G1 X121.642 Y101.431 E568.75054
G1 X121.439 Y101.918 E568.76107
G1 X121.305 Y102.147 E568.76637
G1 X120.982 Y102.549 E568.77666
G1 X120.48 Y102.951 E568.78949
G1 X119.853 Y103.207 E568.80301
G1 X119.214 Y103.288 E568.81586
G0 F15000 X119.217 Y102.886
G1 F5400 X118.681 Y102.818 E568.82664
G1 X118.152 Y102.594 E568.83811
G1 X117.724 Y102.269 E568.84883
G1 X117.401 Y101.841 E568.85953
G1 X117.182 Y101.319 E568.87083
G1 X117.113 Y100.761 E568.88205
G1 X117.186 Y100.247 E568.89241
G1 X117.398 Y99.735 E568.90347
G1 X117.722 Y99.296 E568.91436
G1 X118.166 Y98.955 E568.92553
G1 X118.67 Y98.748 E568.9364
G1 X119.216 Y98.674 E568.9474
G1 X119.76 Y98.747 E568.95835
G1 X120.266 Y98.954 E568.96926
G1 X120.701 Y99.295 E568.98029
G1 X121.035 Y99.72 E568.99108
G1 X121.254 Y100.24 E569.00234
G1 X121.321 Y100.78 E569.0132
G1 X121.252 Y101.327 E569.0242
G1 X121.038 Y101.84 E569.03529
G1 X120.7 Y102.266 E569.04614
G1 X120.273 Y102.604 E569.05701
G1 X119.753 Y102.814 E569.0682
G1 X119.217 Y102.886 E569.079
G0 F15000 X119.235 Y102.48
;TYPE:WALL-OUTER
G1 F5400 X118.778 Y102.428 E569.08818
G1 X118.385 Y102.261 E569.0967
G1 X118.002 Y101.973 E569.10626
G1 X117.735 Y101.61 E569.11525
G1 X117.578 Y101.232 E569.12342
G1 X117.516 Y100.761 E569.1329
G1 X117.576 Y100.336 E569.14147
G1 X117.746 Y99.933 E569.15019
G1 X118.014 Y99.578 E569.15907
G1 X118.368 Y99.304 E569.168
G1 X118.801 Y99.133 E569.1773
G1 X119.216 Y99.077 E569.18565
G1 X119.631 Y99.133 E569.19401
G1 X120.041 Y99.294 E569.2028
G1 X120.418 Y99.578 E569.21222
G1 X120.694 Y99.939 E569.22129
G1 X120.864 Y100.344 E569.23005
G1 X120.915 Y100.805 E569.23931
G1 X120.865 Y101.204 E569.24733
G1 X120.701 Y101.61 E569.25607
G1 X120.418 Y101.982 E569.2654
G1 X120.068 Y102.254 E569.27424
G1 X119.663 Y102.424 E569.28301
G1 X119.235 Y102.48 E569.29162
G1 F2400 E568.49162
G1 F300 Z1.76
G0 F15000 X110 Y114.194
G1 F300 Z1.56
G1 F2400 E569.29162
G1 F5400 X108.896 Y114.053 E569.31383
G1 X107.908 Y113.643 E569.33518
G1 X107.018 Y112.957 E569.35761
G1 X106.366 Y112.103 E569.37905
G1 X105.944 Y111.102 E569.40073
G1 X105.8 Y110.015 E569.42261
G1 X105.943 Y108.896 E569.44512
G1 X106.367 Y107.891 E569.46689
G1 X107.043 Y107.018 E569.48892
G1 X107.891 Y106.367 E569.51026
G1 X108.896 Y105.943 E569.53202
G1 X109.985 Y105.8 E569.55394
G1 X111.085 Y105.936 E569.57606
G1 X112.103 Y106.366 E569.59812
G1 X112.982 Y107.043 E569.62026
G1 X113.643 Y107.908 E569.64198
G1 X114.053 Y108.896 E569.66333
G1 X114.196 Y109.985 E569.68525
G1 X114.052 Y111.102 E569.70772
G1 X113.634 Y112.103 E569.72937
G1 X112.957 Y112.982 E569.75151
G1 X112.103 Y113.634 E569.77295
G1 X111.102 Y114.052 E569.7946
G1 X110.015 Y114.196 E569.81648
G1 X110 Y114.194 E569.81678
G1 F2400 E569.01678
G1 F300 Z1.76
G0 F15000 X119.191 Y120.915
G1 F300 Z1.56
G1 F2400 E569.81678
G1 F5400 X118.796 Y120.865 E569.82473
G1 X118.39 Y120.701 E569.83347
G1 X118.014 Y120.418 E569.84286
G1 X117.746 Y120.068 E569.85166
G1 X117.576 Y119.663 E569.86042
G1 X117.516 Y119.235 E569.86905
G1 X117.578 Y118.768 E569.87845
G1 X117.742 Y118.37 E569.88704
G1 X118.027 Y118.002 E569.89633
G1 X118.37 Y117.742 E569.90492
G1 X118.768 Y117.578 E569.91351
G1 X119.235 Y117.516 E569.92291
G1 X119.663 Y117.576 E569.93153
G1 X120.068 Y117.746 E569.9403
G1 X120.418 Y118.014 E569.94909
G1 X120.701 Y118.39 E569.95849
G1 X120.864 Y118.779 E569.9669
G1 X120.915 Y119.191 E569.97519
G1 X120.864 Y119.655 E569.9845
G1 X120.701 Y120.046 E569.99296
G1 X120.418 Y120.418 E570.00228
G1 X120.061 Y120.694 E570.01129
G1 X119.656 Y120.864 E570.02005
G1 X119.191 Y120.915 E570.02939
G1 F2400 E569.22939
G1 F300 Z1.76
G0 F15000 X110 Y129.794
G1 F300 Z1.56
G1 F2400 E570.02939
G1 F5400 X115.127 Y129.121 E570.13258
G1 X119.895 Y127.145 E570.23558
G1 X123.997 Y123.997 E570.33877
G1 X127.145 Y119.895 E570.44196
G1 X129.117 Y115.127 E570.54492
G1 X129.794 Y110 E570.64813
G1 X129.117 Y104.869 E570.75141
G1 X127.145 Y100.101 E570.85438
G1 X123.997 Y95.999 E570.95756
G1 X119.895 Y92.851 E571.06075
G1 X115.127 Y90.879 E571.16372
G1 X110 Y90.202 E571.26692
G1 X104.869 Y90.879 E571.3702
G1 X100.101 Y92.851 E571.47317
G1 X95.999 Y95.999 E571.57636
G1 X92.851 Y100.101 E571.67954
G1 X90.875 Y104.869 E571.78254
G1 X90.202 Y110 E571.88581
G1 X90.875 Y115.127 E571.98901
G1 X92.851 Y119.895 E572.09201
G1 X95.999 Y123.997 E572.19519
G1 X100.101 Y127.145 E572.29838
G1 X104.869 Y129.121 E572.40138
G1 X110 Y129.794 E572.50465
G1 F2400 E571.70465
G1 F300 Z1.76
G0 F15000 X100.755 Y120.915
G1 F300 Z1.56
G1 F2400 E572.50465
G1 F5400 X100.345 Y120.864 E572.51289
G1 X99.935 Y120.694 E572.52175
G1 X99.578 Y120.418 E572.53076
G1 X99.299 Y120.046 E572.54004
G1 X99.133 Y119.631 E572.54896
G1 X99.077 Y119.216 E572.55731
G1 X99.135 Y118.796 E572.56577
G1 X99.299 Y118.39 E572.57451
G1 X99.577 Y118.015 E572.58383
G1 X99.911 Y117.76 E572.59221
G1 X100.336 Y117.576 E572.60146
G1 X100.761 Y117.516 E572.61002
G1 X101.232 Y117.578 E572.6195
G1 X101.626 Y117.743 E572.62803
G1 X101.998 Y118.027 E572.63737
G1 X102.261 Y118.385 E572.64623
G1 X102.422 Y118.768 E572.65452
G1 X102.48 Y119.235 E572.66391
G1 X102.424 Y119.663 E572.67253
G1 X102.254 Y120.068 E572.68129
G1 X101.982 Y120.418 E572.69014
G1 X101.61 Y120.701 E572.69947
G1 X101.219 Y120.864 E572.70792
G1 X100.755 Y120.915 E572.71724
G1 F2400 E571.91724
G1 F300 Z1.76
G0 F15000 X100.761 Y102.48
G1 F300 Z1.56
G1 F2400 E572.71724
G1 F5400 X100.336 Y102.424 E572.72579
G1 X99.932 Y102.254 E572.73454
G1 X99.578 Y101.982 E572.74345
G1 X99.299 Y101.61 E572.75273
G1 X99.133 Y101.195 E572.76165
G1 X99.077 Y100.78 E572.77
G1 X99.137 Y100.343 E572.7788
G1 X99.306 Y99.939 E572.78754
G1 X99.578 Y99.578 E572.79656
G1 X99.932 Y99.304 E572.8055
G1 X100.365 Y99.133 E572.81479
G1 X100.78 Y99.077 E572.82314
G1 X101.204 Y99.135 E572.83168
G1 X101.629 Y99.304 E572.84081
G1 X101.982 Y99.578 E572.84973
G1 X102.254 Y99.932 E572.85864
G1 X102.424 Y100.336 E572.86739
G1 X102.48 Y100.761 E572.87594
G1 X102.422 Y101.232 E572.88541
G1 X102.253 Y101.626 E572.89397
G1 X101.973 Y101.998 E572.90326
G1 X101.626 Y102.253 E572.91185
G1 X101.232 Y102.422 E572.92041
G1 X100.761 Y102.48 E572.92988
G1 F2400 E572.12988
G1 F300 Z1.76
G0 F15000 X119.096 Y104.439
;TYPE:SKIN
G1 F300 Z1.56
G1 F2400 E572.92988
G1 F5400 X119.406 Y104.432 E572.93606
G1 X120.152 Y104.333 E572.95108
G1 X120.791 Y104.078 E572.96481
G1 X121.113 Y103.92 E572.97197
G1 X121.754 Y103.421 E572.98818
G1 X121.966 Y103.181 E572.99457
G1 X122.222 Y102.856 E573.00283
G1 X122.501 Y102.381 E573.01382
G1 X122.661 Y101.997 E573.02212
G1 X122.793 Y101.552 E573.03139
G1 X122.859 Y101.046 E573.04157
G1 X122.861 Y100.536 E573.05175
G1 X122.811 Y100.127 E573.05997
G1 X122.666 Y99.587 E573.07113
G1 X122.434 Y99.03 E573.08317
G1 X122.223 Y98.705 E573.0909
G1 X121.883 Y98.265 E573.102
G1 X121.605 Y98.014 E573.10947
G1 X121.286 Y97.769 E573.1175
G1 X120.797 Y97.486 E573.12877
G1 X120.428 Y97.334 E573.13674
G1 X119.908 Y97.194 E573.14749
G1 X119.504 Y97.137 E573.15563
G1 X118.929 Y97.137 E573.1671
G1 X118.449 Y97.201 E573.17677
G1 X118 Y97.334 E573.18611
G1 X117.648 Y97.478 E573.1937
G1 X117.145 Y97.765 E573.20526
G1 X116.825 Y98.013 E573.21334
G1 X116.544 Y98.266 E573.22088
G1 X116.2 Y98.718 E573.23222
G1 X115.987 Y99.046 E573.24002
G1 X115.713 Y99.708 E573.25432
G1 X115.649 Y99.968 E573.25966
G1 X115.56 Y100.584 E573.27208
G1 X115.553 Y100.908 E573.27855
G1 X115.621 Y101.446 E573.28937
G1 X115.713 Y101.839 E573.29743
G1 X115.97 Y102.476 E573.31114
G1 X116.183 Y102.816 E573.31914
G1 X116.501 Y103.231 E573.32958
G1 X116.769 Y103.499 E573.33714
G1 X117.153 Y103.795 E573.34681
G1 X117.499 Y104.016 E573.35501
G1 X118.164 Y104.288 E573.36935
G1 X118.54 Y104.372 E573.37703
G1 X119.096 Y104.439 E573.38821
G1 F2400 E572.58821
G1 F300 Z1.76
G0 F15000 X98.417 Y122.911
G1 F300 Z1.56
G1 F2400 E573.38821
G1 F6119 X97.665 Y122.323 E573.40502
G1 F6101.7 X97.079 Y121.575 E573.4218
G1 F6206.9 X97.385 Y121.398 E573.42794
G1 F6242.8 X97.689 Y121.8 E573.43664
G1 F6206.9 X98.002 Y122.15 E573.44479
G1 F6189.1 X98.593 Y122.61 E573.45783
G1 F6224.8 X98.417 Y122.911 E573.46387
G1 F2400 E572.66387
G1 F300 Z1.76
G0 F15000 X101.05 Y122.859
G1 F300 Z1.56
G1 F2400 E573.46387
G1 F5400 X101.546 Y122.795 E573.47385
G1 X101.998 Y122.661 E573.48326
G1 X102.358 Y122.509 E573.49106
G1 X102.837 Y122.234 E573.50208
G1 X103.167 Y121.978 E573.51041
G1 X103.447 Y121.727 E573.51792
G1 X103.791 Y121.283 E573.52913
G1 X103.942 Y121.061 E573.53448
G1 X104.068 Y120.809 E573.54011
G1 X104.331 Y120.158 E573.55412
G1 X104.431 Y119.427 E573.56884
G1 X104.44 Y119.114 E573.57509
G1 X104.375 Y118.56 E573.58622
G1 X104.269 Y118.1 E573.59564
G1 X103.992 Y117.464 E573.60949
G1 X103.809 Y117.172 E573.61636
G1 X103.494 Y116.759 E573.62673
G1 X103.249 Y116.517 E573.6336
G1 X102.83 Y116.193 E573.64417
G1 X102.508 Y115.987 E573.6518
G1 X101.868 Y115.722 E573.66562
G1 X101.451 Y115.625 E573.67417
G1 X100.919 Y115.553 E573.68488
G1 X100.59 Y115.56 E573.69145
G1 X99.973 Y115.648 E573.70388
G1 X99.67 Y115.727 E573.71013
G1 X99.05 Y115.987 E573.72355
G1 X98.722 Y116.196 E573.73131
G1 X98.27 Y116.54 E573.74265
G1 X97.993 Y116.852 E573.75097
G1 X97.76 Y117.159 E573.75866
G1 X97.487 Y117.638 E573.76967
G1 X97.335 Y117.998 E573.77746
G1 X97.212 Y118.415 E573.78614
G1 X97.138 Y118.923 E573.79639
G1 X97.137 Y119.503 E573.80796
G1 X97.189 Y119.891 E573.81577
G1 X97.326 Y120.405 E573.82639
G1 X97.487 Y120.797 E573.83484
G1 X97.754 Y121.264 E573.84558
G1 X97.993 Y121.578 E573.85345
G1 X98.256 Y121.874 E573.86136
G1 X98.727 Y122.241 E573.87327
G1 X99.007 Y122.421 E573.87992
G1 X99.589 Y122.67 E573.89255
G1 X100.109 Y122.806 E573.90327
G1 X100.506 Y122.859 E573.91127
G1 X101.05 Y122.859 E573.92212
G1 F2400 E573.12212
G1 F300 Z1.76
G0 F15000 X109.999 Y127.814
G1 F300 Z1.56
G1 F2400 E573.92212
G1 F5400 X105.373 Y127.209 E574.01523
G1 X101.089 Y125.433 E574.10777
G1 X97.395 Y122.597 E574.20071
G1 X94.559 Y118.903 E574.29365
G1 X92.783 Y114.619 E574.3862
G1 X92.178 Y110.001 E574.47914
G1 X92.787 Y105.373 E574.57229
G1 X94.559 Y101.089 E574.66481
G1 X97.395 Y97.395 E574.75775
G1 X101.089 Y94.559 E574.85068
G1 X105.373 Y92.791 E574.94317
G1 X109.999 Y92.178 E575.03629
G1 X114.619 Y92.791 E575.1293
G1 X118.903 Y94.559 E575.22179
G1 X122.597 Y97.395 E575.31472
G1 X125.433 Y101.089 E575.40766
G1 X127.205 Y105.373 E575.50018
G1 X127.814 Y109.999 E575.59329
G1 X127.201 Y114.619 E575.6863
G1 X125.433 Y118.903 E575.77878
G1 X122.597 Y122.597 E575.87172
G1 X118.903 Y125.433 E575.96466
G1 X114.619 Y127.209 E576.0572
G1 X109.999 Y127.814 E576.15019
G1 F2400 E575.35019
G1 F300 Z1.76
G0 F15000 X121.563 Y122.916
G1 F300 Z1.56
G1 F2400 E576.15019
G1 F6260.9 X121.388 Y122.616 E576.15617
G1 X121.829 Y122.277 E576.16574
G1 F6242.8 X122.131 Y122.017 E576.17262
G1 F6206.9 X122.622 Y121.372 E576.18669
G1 F6224.8 X122.926 Y121.551 E576.1928
G1 F6136.4 X122.325 Y122.325 E576.21001
G1 F6171.4 X121.563 Y122.916 E576.22685
G1 F2400 E575.42685
G1 F300 Z1.76
G0 F15000 X118.942 Y122.859
G1 F300 Z1.56
G1 F2400 E576.22685
G1 F5400 X119.477 Y122.859 E576.23752
G1 X119.869 Y122.811 E576.24541
G1 X120.408 Y122.67 E576.25652
G1 X120.959 Y122.436 E576.26847
G1 X121.287 Y122.227 E576.27623
G1 X121.607 Y121.979 E576.28431
G1 X121.879 Y121.734 E576.29162
G1 X122.227 Y121.282 E576.303
G1 X122.501 Y120.818 E576.31375
G1 X122.661 Y120.437 E576.322
G1 X122.806 Y119.895 E576.3332
G1 X122.859 Y119.477 E576.34161
G1 X122.859 Y118.942 E576.35228
G1 X122.795 Y118.45 E576.36218
G1 X122.668 Y118.014 E576.37125
G1 X122.501 Y117.614 E576.3799
G1 X122.237 Y117.166 E576.39027
G1 X121.992 Y116.839 E576.39843
G1 X121.759 Y116.572 E576.4055
G1 X121.29 Y116.209 E576.41733
G1 X120.95 Y115.987 E576.42544
G1 X120.446 Y115.775 E576.43635
G1 X120.058 Y115.648 E576.4445
G1 X119.426 Y115.565 E576.45722
G1 X119.117 Y115.552 E576.46339
G1 X118.545 Y115.625 E576.4749
G1 X118.133 Y115.722 E576.48334
G1 X117.525 Y115.966 E576.49642
G1 X117.16 Y116.195 E576.50502
G1 X116.746 Y116.514 E576.51545
G1 X116.502 Y116.759 E576.52235
G1 X116.205 Y117.146 E576.53208
G1 X115.967 Y117.522 E576.54096
G1 X115.722 Y118.133 E576.5541
G1 X115.625 Y118.541 E576.56247
G1 X115.553 Y119.077 E576.57326
G1 X115.564 Y119.409 E576.57989
G1 X115.648 Y120.062 E576.59303
G1 X115.771 Y120.438 E576.60092
G1 X115.987 Y120.95 E576.61201
G1 X116.197 Y121.271 E576.61967
G1 X116.545 Y121.726 E576.6311
G1 X116.823 Y121.978 E576.63859
G1 X117.163 Y122.238 E576.64713
G1 X117.619 Y122.502 E576.65764
G1 X118.018 Y122.668 E576.66627
G1 X118.44 Y122.793 E576.67505
G1 X118.942 Y122.859 E576.68515
G1 F2400 E575.88515
G1 F300 Z1.76
G0 F15000 X110 Y116.145
G1 F300 Z1.56
G1 F2400 E576.68515
G1 F5400 X110.153 Y116.148 E576.68821
G1 X111.469 Y115.984 E576.71467
G1 X111.798 Y115.885 E576.72153
G1 X113.116 Y115.325 E576.75011
G1 X114.221 Y114.478 E576.77789
G1 X114.466 Y114.234 E576.78479
G1 X115.349 Y113.074 E576.81388
G1 X115.889 Y111.79 E576.84168
G1 X115.984 Y111.461 E576.84852
G1 X116.156 Y110.123 E576.87544
G1 X116.148 Y109.836 E576.88117
G1 X115.987 Y108.551 E576.90701
G1 X115.901 Y108.244 E576.91337
G1 X115.421 Y107.079 E576.93852
G1 X115.247 Y106.777 E576.94547
G1 X114.478 Y105.775 E576.97068
G1 X114.215 Y105.517 E576.97803
G1 X113.083 Y104.655 E577.00643
G1 X111.791 Y104.107 E577.03443
G1 X111.448 Y104.006 E577.04157
G1 X110.151 Y103.844 E577.06765
G1 X109.729 Y103.852 E577.07607
G1 X108.55 Y104.005 E577.0998
G1 X108.25 Y104.092 E577.10603
G1 X107.071 Y104.579 E577.13149
G1 X106.773 Y104.749 E577.13834
G1 X105.781 Y105.513 E577.16332
G1 X105.518 Y105.775 E577.17073
G1 X104.757 Y106.761 E577.19559
G1 X104.585 Y107.062 E577.20251
G1 X104.092 Y108.246 E577.2281
G1 X104.006 Y108.545 E577.23431
G1 X103.853 Y109.718 E577.25792
G1 X103.844 Y110.159 E577.26672
G1 X104.009 Y111.468 E577.29305
G1 X104.1 Y111.767 E577.29928
G1 X104.675 Y113.124 E577.3287
G1 X105.516 Y114.214 E577.35617
G1 X105.775 Y114.478 E577.36355
G1 X106.769 Y115.242 E577.38857
G1 X107.071 Y115.416 E577.39552
G1 X108.242 Y115.9 E577.42081
G1 X108.541 Y115.986 E577.42702
G1 X109.718 Y116.139 E577.45071
G1 X110 Y116.145 E577.45633
G1 F2400 E576.65633
G1 F300 Z1.76
G0 F15000 X100.874 Y104.44
G1 F300 Z1.56
G1 F2400 E577.45633
G1 F5400 X101.428 Y104.375 E577.46747
G1 X101.904 Y104.265 E577.47722
G1 X102.559 Y103.974 E577.49152
G1 X102.807 Y103.818 E577.49737
G1 X103.229 Y103.5 E577.50791
G1 X103.503 Y103.227 E577.51563
G1 X103.813 Y102.812 E577.52597
G1 X104.015 Y102.494 E577.53348
G1 X104.274 Y101.869 E577.54699
G1 X104.375 Y101.432 E577.55594
G1 X104.44 Y100.875 E577.56713
G1 X104.431 Y100.56 E577.57342
G1 X104.349 Y99.978 E577.58515
G1 X104.278 Y99.698 E577.59091
G1 X103.992 Y99.014 E577.6057
G1 X103.8 Y98.722 E577.61268
G1 X103.451 Y98.269 E577.62409
G1 X103.169 Y98.014 E577.63168
G1 X102.846 Y97.765 E577.63982
G1 X102.372 Y97.49 E577.65075
G1 X101.992 Y97.334 E577.65895
G1 X101.574 Y97.208 E577.66766
G1 X101.067 Y97.137 E577.67788
G1 X100.489 Y97.137 E577.68941
G1 X100.105 Y97.189 E577.69715
G1 X99.588 Y97.326 E577.70782
G1 X99.212 Y97.478 E577.71591
G1 X98.732 Y97.75 E577.72692
G1 X98.401 Y98.006 E577.73527
G1 X98.127 Y98.245 E577.74253
G1 X97.76 Y98.723 E577.75456
G1 X97.57 Y99.027 E577.76171
G1 X97.33 Y99.583 E577.7738
G1 X97.189 Y100.112 E577.78472
G1 X97.137 Y100.488 E577.7923
G1 X97.136 Y101.036 E577.80323
G1 X97.205 Y101.56 E577.81378
G1 X97.335 Y101.998 E577.8229
G1 X97.487 Y102.358 E577.83069
G1 X97.754 Y102.828 E577.84148
G1 X98.006 Y103.155 E577.84972
G1 X98.223 Y103.41 E577.8564
G1 X98.72 Y103.795 E577.86895
G1 X99.012 Y103.991 E577.87597
G1 X99.674 Y104.273 E577.89033
G1 X99.968 Y104.347 E577.89638
G1 X100.564 Y104.431 E577.90839
G1 X100.874 Y104.44 E577.91458
G1 F2400 E577.11458
G1 F300 Z1.76
G0 F15000 X98.607 Y122.932
G1 F300 Z1.56
G1 F2400 E577.91458
G1 F5400 X100.085 Y124.41 E577.95629
G0 F15000 X100.423 Y123.05
G1 F5400 X103.651 Y126.278 E578.04739
G0 F15000 X104.616 Y126.678
G1 F5400 X100.995 Y123.057 E578.14958
G0 F15000 X101.506 Y123.002
G1 F5400 X105.53 Y127.026 E578.26315
G0 F15000 X106.181 Y127.112
G1 F5400 X101.953 Y122.884 E578.38247
G0 F15000 X102.359 Y122.723
G1 F5400 X106.832 Y127.196 E578.50871
G0 F15000 X107.483 Y127.282
G1 F5400 X102.729 Y122.528 E578.64288
G0 F15000 X103.071 Y122.304
G1 F5400 X108.134 Y127.367 E578.78577
G0 F15000 X108.785 Y127.452
G1 F5400 X103.385 Y122.052 E578.93817
G0 F15000 X103.667 Y121.769
G1 F5400 X109.435 Y127.537 E579.10095
G0 F15000 X110.066 Y127.602
G1 F5400 X103.914 Y121.45 E579.27457
G0 F15000 X104.142 Y121.113
G1 F5400 X110.566 Y127.537 E579.45587
G0 F15000 X111.067 Y127.472
G1 F5400 X104.318 Y120.723 E579.64634
G0 F15000 X104.48 Y120.319
G1 F5400 X111.567 Y127.406 E579.84636
G0 F15000 X112.067 Y127.34
G1 F5400 X104.575 Y119.848 E580.0578
G0 F15000 X104.631 Y119.339
G1 F5400 X112.567 Y127.275 E580.28177
G0 F15000 X113.067 Y127.209
G1 F5400 X104.598 Y118.74 E580.52078
G0 F15000 X104.457 Y118.033
G1 F5400 X113.567 Y127.143 E580.77788
G0 F15000 X114.067 Y127.078
G1 F5400 X103.736 Y116.747 E581.06945
G0 F15000 X103.276 Y116.287
G1 F5400 X92.915 Y105.926 E581.36186
G0 F15000 X92.849 Y106.426
G1 F5400 X101.979 Y115.555 E581.61951
G0 F15000 X101.255 Y115.397
G1 F5400 X92.784 Y106.926 E581.85858
G0 F15000 X92.718 Y107.426
G1 F5400 X100.65 Y115.358 E582.08244
G0 F15000 X100.148 Y115.421
G1 F5400 X92.652 Y107.926 E582.29398
G0 F15000 X92.586 Y108.426
G1 F5400 X99.678 Y115.517 E582.49412
G0 F15000 X99.273 Y115.678
G1 F5400 X92.521 Y108.926 E582.68467
G0 F15000 X92.455 Y109.425
G1 F5400 X98.887 Y115.857 E582.8662
G0 F15000 X98.544 Y116.08
G1 F5400 X92.389 Y109.925 E583.0399
G0 F15000 X92.452 Y110.554
G1 F5400 X98.223 Y116.325 E583.20277
G0 F15000 X97.941 Y116.608
G1 F5400 X92.537 Y111.205 E583.35527
G0 F15000 X92.623 Y111.856
G1 F5400 X97.689 Y116.922 E583.49825
G0 F15000 X97.47 Y117.269
G1 F5400 X92.707 Y112.506 E583.63267
G0 F15000 X92.793 Y113.158
G1 F5400 X97.271 Y117.636 E583.75905
G0 F15000 X97.115 Y118.045
G1 F5400 X92.878 Y113.808 E583.87862
G0 F15000 X92.963 Y114.459
G1 F5400 X96.997 Y118.493 E583.99247
G0 F15000 X96.939 Y119.001
G1 F5400 X93.312 Y115.374 E584.09483
G0 F15000 X93.713 Y116.34
G1 F5400 X96.945 Y119.572 E584.18605
G0 F15000 X97.086 Y120.279
G1 F5400 X94.114 Y117.307 E584.26992
G0 F15000 X94.515 Y118.274
G1 F5400 X97.419 Y121.178 E584.35188
G0 F15000 X97.06 Y121.385
G1 F5400 X95.582 Y119.906 E584.39361
G1 F2400 E583.59361
G1 F300 Z1.76
G0 F15000 X98.815 Y122.574
G1 F300 Z1.56
G1 F2400 E584.39361
G1 F5400 X101.718 Y125.477 E584.47554
G0 F15000 X102.684 Y125.877
G1 F5400 X99.717 Y122.91 E584.55927
G1 F2400 E583.75927
G1 F300 Z1.76
G0 F15000 X107.2 Y115.685
G1 F300 Z1.56
G1 F2400 E584.55927
G1 F5400 X117.367 Y125.852 E584.84621
G0 F15000 X117.767 Y125.687
G1 F5400 X108.163 Y116.083 E585.11725
G0 F15000 X108.875 Y116.229
G1 F5400 X118.167 Y125.521 E585.37949
G0 F15000 X118.567 Y125.355
G1 F5400 X109.526 Y116.314 E585.63465
G0 F15000 X110.125 Y116.347
G1 F5400 X118.933 Y125.156 E585.88324
G0 F15000 X119.254 Y124.91
G1 F5400 X110.633 Y116.29 E586.12653
G0 F15000 X111.136 Y116.227
G1 F5400 X115.706 Y120.797 E586.25551
G0 F15000 X115.434 Y119.959
G1 F5400 X111.622 Y116.147 E586.36309
G0 F15000 X112.039 Y115.999
G1 F5400 X115.362 Y119.321 E586.45686
G0 F15000 X115.391 Y118.785
G1 F5400 X112.438 Y115.832 E586.5402
G0 F15000 X112.837 Y115.666
G1 F5400 X115.477 Y118.305 E586.61469
G0 F15000 X115.612 Y117.875
G1 F5400 X113.229 Y115.492 E586.68195
G0 F15000 X113.549 Y115.246
G1 F5400 X115.777 Y117.474 E586.74482
G0 F15000 X115.986 Y117.117
G1 F5400 X113.869 Y115 E586.80457
G0 F15000 X114.189 Y114.755
G1 F5400 X116.226 Y116.791 E586.86205
G0 F15000 X116.49 Y116.49
G1 F5400 X114.49 Y114.49 E586.91849
G0 F15000 X114.754 Y114.189
G1 F5400 X116.791 Y116.226 E586.97598
G0 F15000 X117.117 Y115.985
G1 F5400 X115 Y113.868 E587.03572
G0 F15000 X115.246 Y113.549
G1 F5400 X117.47 Y115.772 E587.09848
G0 F15000 X117.873 Y115.611
G1 F5400 X115.491 Y113.228 E587.16572
G0 F15000 X115.665 Y112.837
G1 F5400 X118.305 Y115.477 E587.24022
G0 F15000 X118.785 Y115.391
G1 F5400 X115.832 Y112.438 E587.32356
G0 F15000 X115.999 Y112.039
G1 F5400 X119.321 Y115.361 E587.41732
G0 F15000 X119.959 Y115.433
G1 F5400 X116.146 Y111.62 E587.52493
G0 F15000 X116.226 Y111.135
G1 F5400 X120.796 Y115.705 E587.6539
G1 F2400 E586.8539
G1 F300 Z1.76
G0 F15000 X122.729 Y117.638
G1 F300 Z1.56
G1 F2400 E587.6539
G1 F5400 X124.665 Y119.574 E587.70854
G0 F15000 X124.42 Y119.894
G1 F5400 X122.998 Y118.473 E587.74866
G0 F15000 X123.057 Y119.097
G1 F5400 X124.174 Y120.214 E587.78018
G0 F15000 X123.928 Y120.534
G1 F5400 X123.039 Y119.645 E587.80527
G0 F15000 X122.949 Y120.12
G1 F5400 X123.682 Y120.854 E587.82597
G0 F15000 X123.437 Y121.174
G1 F5400 X122.824 Y120.562 E587.84326
G0 F15000 X122.655 Y120.958
G1 F5400 X123.191 Y121.494 E587.85839
G1 F2400 E587.05839
G1 F300 Z1.76
G0 F15000 X121.493 Y123.19
G1 F300 Z1.56
G1 F2400 E587.85839
G1 F5400 X120.957 Y122.654 E587.87351
G0 F15000 X120.559 Y122.822
G1 F5400 X121.173 Y123.436 E587.89084
G0 F15000 X120.853 Y123.681
G1 F5400 X120.123 Y122.951 E587.91144
G0 F15000 X119.645 Y123.039
G1 F5400 X120.533 Y123.928 E587.93652
G0 F15000 X120.213 Y124.173
G1 F5400 X119.099 Y123.059 E587.96796
G0 F15000 X118.474 Y122.999
G1 F5400 X119.893 Y124.419 E588.00802
G0 F15000 X119.573 Y124.664
G1 F5400 X117.631 Y122.722 E588.06283
G1 F2400 E587.26283
G1 F300 Z1.76
G0 F15000 X116.967 Y126.018
G1 F300 Z1.56
G1 F2400 E588.06283
G1 F5400 X93.974 Y103.025 E588.71174
G0 F15000 X93.808 Y103.425
G1 F5400 X116.567 Y126.184 E589.35405
G0 F15000 X116.167 Y126.349
G1 F5400 X93.643 Y103.825 E589.98972
G0 F15000 X93.477 Y104.225
G1 F5400 X115.768 Y126.516 E590.61882
G0 F15000 X115.367 Y126.681
G1 F5400 X93.312 Y104.626 E591.24126
G0 F15000 X93.146 Y105.026
G1 F5400 X114.968 Y126.847 E591.85711
G0 F15000 X114.568 Y127.013
G1 F5400 X92.981 Y105.426 E592.46635
G1 F2400 E591.66635
G1 F300 Z1.76
G0 F15000 X94.14 Y102.625
G1 F300 Z1.56
G1 F2400 E592.46635
G1 F5400 X104.319 Y112.805 E592.75363
G0 F15000 X103.913 Y111.832
G1 F5400 X94.305 Y102.225 E593.02478
G0 F15000 X94.471 Y101.825
G1 F5400 X103.762 Y111.116 E593.28699
G0 F15000 X103.682 Y110.47
G1 F5400 X94.636 Y101.425 E593.54227
G0 F15000 X94.835 Y101.058
G1 F5400 X103.65 Y109.872 E593.79104
G0 F15000 X103.7 Y109.357
G1 F5400 X95.08 Y100.737 E594.03431
G0 F15000 X95.326 Y100.418
G1 F5400 X97.273 Y102.364 E594.08925
G0 F15000 X96.999 Y101.525
G1 F5400 X95.572 Y100.097 E594.12953
G0 F15000 X95.818 Y99.778
G1 F5400 X96.937 Y100.897 E594.16111
G0 F15000 X96.955 Y100.349
G1 F5400 X96.063 Y99.457 E594.18629
G0 F15000 X96.309 Y99.138
G1 F5400 X97.046 Y99.875 E594.20709
G0 F15000 X97.176 Y99.439
G1 F5400 X96.555 Y98.817 E594.22463
G0 F15000 X96.801 Y98.498
G1 F5400 X97.345 Y99.042 E594.23998
G0 F15000 X97.551 Y98.682
G1 F5400 X97.046 Y98.178 E594.25422
G0 F15000 X97.292 Y97.858
G1 F5400 X97.789 Y98.354 E594.26823
G0 F15000 X98.048 Y98.048
G1 F5400 X97.538 Y97.538 E594.28263
G0 F15000 X97.859 Y97.293
G1 F5400 X98.354 Y97.789 E594.29661
G0 F15000 X98.68 Y97.549
G1 F5400 X98.178 Y97.047 E594.31078
G0 F15000 X98.499 Y96.802
G1 F5400 X99.042 Y97.345 E594.3261
G0 F15000 X99.435 Y97.173
G1 F5400 X98.818 Y96.555 E594.34353
G0 F15000 X99.138 Y96.31
G1 F5400 X99.872 Y97.043 E594.36423
G0 F15000 X100.349 Y96.955
G1 F5400 X99.458 Y96.064 E594.38938
G0 F15000 X99.778 Y95.819
G1 F5400 X100.898 Y96.939 E594.42098
G0 F15000 X101.526 Y97
G1 F5400 X100.098 Y95.573 E594.46127
G0 F15000 X100.418 Y95.327
G1 F5400 X102.361 Y97.27 E594.51611
G1 F2400 E593.71611
G1 F300 Z1.76
G0 F15000 X100.738 Y95.081
G1 F300 Z1.56
G1 F2400 E594.51611
G1 F5400 X109.355 Y103.699 E594.75931
G0 F15000 X108.856 Y103.764
G1 F5400 X104.289 Y99.198 E594.88819
G0 F15000 X104.558 Y100.032
G1 F5400 X108.372 Y103.846 E594.99583
G0 F15000 X107.956 Y103.996
G1 F5400 X104.632 Y100.672 E595.08964
G0 F15000 X104.603 Y101.209
G1 F5400 X107.556 Y104.162 E595.17298
G0 F15000 X107.156 Y104.327
G1 F5400 X104.519 Y101.69 E595.2474
G0 F15000 X104.385 Y102.122
G1 F5400 X106.777 Y104.515 E595.31492
G0 F15000 X106.446 Y104.749
G1 F5400 X104.219 Y102.522 E595.37777
G0 F15000 X104.008 Y102.877
G1 F5400 X106.127 Y104.995 E595.43756
G0 F15000 X105.807 Y105.241
G1 F5400 X103.769 Y103.204 E595.49506
G0 F15000 X103.506 Y103.506
G1 F5400 X105.505 Y105.505 E595.55148
G0 F15000 X105.241 Y105.807
G1 F5400 X103.204 Y103.77 E595.60897
G0 F15000 X102.878 Y104.009
G1 F5400 X104.995 Y106.126 E595.66871
G0 F15000 X104.749 Y106.446
G1 F5400 X102.514 Y104.211 E595.73179
G0 F15000 X102.123 Y104.386
G1 F5400 X104.518 Y106.781 E595.79938
G0 F15000 X104.329 Y107.157
G1 F5400 X101.69 Y104.519 E595.87385
G0 F15000 X101.209 Y104.603
G1 F5400 X104.162 Y107.557 E595.9572
G0 F15000 X103.997 Y107.957
G1 F5400 X100.673 Y104.633 E596.05101
G0 F15000 X100.034 Y104.559
G1 F5400 X103.847 Y108.373 E596.15864
G0 F15000 X103.766 Y108.857
G1 F5400 X99.197 Y104.288 E596.28758
G1 F2400 E595.48758
G1 F300 Z1.76
G0 F15000 X101.058 Y94.836
G1 F300 Z1.56
G1 F2400 E596.28758
G1 F5400 X109.872 Y103.649 E596.53632
G0 F15000 X110.471 Y103.682
G1 F5400 X101.425 Y94.637 E596.7916
G0 F15000 X101.825 Y94.472
G1 F5400 X111.117 Y103.763 E597.05383
G0 F15000 X111.831 Y103.911
G1 F5400 X102.226 Y94.307 E597.32489
G0 F15000 X102.627 Y94.141
G1 F5400 X112.806 Y104.321 E597.61218
G1 F2400 E596.81218
G1 F300 Z1.76
G0 F15000 X115.556 Y101.98
G1 F300 Z1.56
G1 F2400 E597.61218
G1 F5400 X106.429 Y92.853 E597.86976
G0 F15000 X105.93 Y92.919
G1 F5400 X116.289 Y103.279 E598.16213
G0 F15000 X116.733 Y103.723
G1 F5400 X127.073 Y114.063 E598.45395
G0 F15000 X127.007 Y114.562
G1 F5400 X105.431 Y92.986 E599.06287
G0 F15000 X105.029 Y93.15
G1 F5400 X126.843 Y114.964 E599.6785
G0 F15000 X126.677 Y115.364
G1 F5400 X104.629 Y93.315 E600.30076
G0 F15000 X104.228 Y93.48
G1 F5400 X126.512 Y115.764 E600.92966
G0 F15000 X126.347 Y116.165
G1 F5400 X103.828 Y93.646 E601.5652
G0 F15000 X103.428 Y93.811
G1 F5400 X126.182 Y116.565 E602.20737
G0 F15000 X126.016 Y116.965
G1 F5400 X103.027 Y93.976 E602.85616
G1 F2400 E602.05616
G1 F300 Z1.76
G0 F15000 X106.929 Y92.787
G1 F300 Z1.56
G1 F2400 E602.85616
G1 F5400 X115.396 Y101.254 E603.09512
G0 F15000 X115.36 Y100.652
G1 F5400 X107.429 Y92.721 E603.31895
G0 F15000 X107.929 Y92.655
G1 F5400 X115.422 Y100.149 E603.53043
G0 F15000 X115.518 Y99.679
G1 F5400 X108.428 Y92.589 E603.73053
G0 F15000 X108.927 Y92.522
G1 F5400 X115.676 Y99.271 E603.921
G0 F15000 X115.856 Y98.885
G1 F5400 X109.427 Y92.456 E604.10244
G0 F15000 X109.926 Y92.39
G1 F5400 X116.081 Y98.545 E604.27615
G0 F15000 X116.326 Y98.224
G1 F5400 X110.556 Y92.454 E604.43899
G0 F15000 X111.208 Y92.54
G1 F5400 X116.607 Y97.939 E604.59136
G0 F15000 X116.922 Y97.688
G1 F5400 X111.861 Y92.627 E604.73419
G0 F15000 X112.513 Y92.714
G1 F5400 X117.264 Y97.465 E604.86828
G0 F15000 X117.633 Y97.268
G1 F5400 X113.165 Y92.8 E604.99437
G0 F15000 X113.817 Y92.887
G1 F5400 X118.043 Y97.113 E605.11364
G0 F15000 X118.49 Y96.994
G1 F5400 X114.469 Y92.973 E605.22712
G0 F15000 X115.386 Y93.324
G1 F5400 X119 Y96.939 E605.32913
G0 F15000 X119.571 Y96.944
G1 F5400 X116.349 Y93.721 E605.42008
G0 F15000 X117.313 Y94.119
G1 F5400 X120.284 Y97.091 E605.50394
G0 F15000 X121.315 Y97.556
G1 F5400 X118.276 Y94.517 E605.58971
G1 F2400 E604.78971
G1 F300 Z1.76
G0 F15000 X119.906 Y95.582
G1 F300 Z1.56
G1 F2400 E605.58971
G1 F5400 X124.412 Y100.087 E605.71686
G0 F15000 X123.048 Y100.42
G1 F5400 X126.275 Y103.648 E605.80795
G0 F15000 X126.674 Y104.612
G1 F5400 X123.058 Y100.996 E605.91
G0 F15000 X123.001 Y101.504
G1 F5400 X127.024 Y105.528 E606.02355
G0 F15000 X127.11 Y106.179
G1 F5400 X122.883 Y101.953 E606.14283
G0 F15000 X122.724 Y102.359
G1 F5400 X127.195 Y106.83 E606.26901
G0 F15000 X127.281 Y107.482
G1 F5400 X122.527 Y102.728 E606.40318
G0 F15000 X122.305 Y103.072
G1 F5400 X127.366 Y108.133 E606.54601
G0 F15000 X127.452 Y108.784
G1 F5400 X122.051 Y103.383 E606.69844
G0 F15000 X121.769 Y103.668
G1 F5400 X127.538 Y109.436 E606.86124
G0 F15000 X127.603 Y110.067
G1 F5400 X121.451 Y103.915 E607.03486
G0 F15000 X121.113 Y104.143
G1 F5400 X127.537 Y110.566 E607.21615
G0 F15000 X127.471 Y111.066
G1 F5400 X120.725 Y104.32 E607.40654
G0 F15000 X120.32 Y104.481
G1 F5400 X127.404 Y111.565 E607.60646
G0 F15000 X127.338 Y112.064
G1 F5400 X119.848 Y104.574 E607.81785
G0 F15000 X119.342 Y104.634
G1 F5400 X127.272 Y112.564 E608.04165
G0 F15000 X127.206 Y113.064
G1 F5400 X118.741 Y104.599 E608.28055
G0 F15000 X118.028 Y104.452
G1 F5400 X127.14 Y113.563 E608.53769
G1 F2400 E607.73769
G1 F300 Z1.76
G0 F15000 X125.851 Y117.366
G1 F300 Z1.56
G1 F2400 E608.53769
G1 F5400 X115.688 Y107.203 E608.82452
G0 F15000 X116.084 Y108.164
G1 F5400 X125.685 Y117.766 E609.09549
G0 F15000 X125.521 Y118.167
G1 F5400 X116.226 Y108.873 E609.3578
G0 F15000 X116.309 Y109.521
G1 F5400 X125.355 Y118.567 E609.6131
G0 F15000 X125.156 Y118.934
G1 F5400 X116.354 Y110.132 E609.86151
G0 F15000 X116.29 Y110.633
G1 F5400 X124.911 Y119.254 E610.10482
G1 F2400 E609.30482
G1 F300 Z1.76
G0 F15000 X125.876 Y102.683
G1 F300 Z1.56
G1 F2400 E610.10482
G1 F5400 X122.906 Y99.713 E610.18863
G0 F15000 X122.456 Y98.697
G1 F5400 X125.477 Y101.718 E610.27389
G1 F2400 E609.47389
G1 F300 Z1.76
G0 F15000 X122.539 Y97.649
G1 F300 Z1.56
G1 F2400 E610.27389
G1 F5400 X122.344 Y97.454 E610.2794
G1 F2400 E609.4794
G1 F300 Z1.76
;MESH:NONMESH
G0 F15000 X100.87 Y104.083
;TIME_ELAPSED:1074.258692
;LAYER:13
;MESH:vertMount_Cover_RPi_r01.stl
G0 Z1.88
;TYPE:WALL-INNER
G1 F300 Z1.68
G1 F2400 E610.2794
G1 F5400 X100.611 Y104.073 E610.28457
G1 X99.949 Y103.986 E610.29789
G1 X99.338 Y103.741 E610.31103
G1 X99.061 Y103.604 E610.3172
G1 X98.605 Y103.254 E610.32867
G1 X98.387 Y103.061 E610.33448
G1 X98.055 Y102.627 E610.34538
G1 X97.822 Y102.226 E610.35464
G1 X97.671 Y101.862 E610.3625
G1 X97.561 Y101.49 E610.37025
G1 X97.496 Y101.02 E610.37971
G1 X97.496 Y100.538 E610.38933
G1 X97.548 Y100.154 E610.39707
G1 X97.671 Y99.702 E610.40641
G1 X97.888 Y99.199 E610.41735
G1 X98.048 Y98.946 E610.42332
G1 X98.291 Y98.624 E610.43137
G1 X98.5 Y98.387 E610.43768
G1 X98.934 Y98.053 E610.44861
G1 X99.347 Y97.815 E610.45812
G1 X99.707 Y97.667 E610.46589
G1 X100.152 Y97.547 E610.47508
G1 X100.54 Y97.495 E610.48289
G1 X101.02 Y97.496 E610.49247
G1 X101.489 Y97.56 E610.50192
G1 X101.853 Y97.667 E610.50949
G1 X102.213 Y97.815 E610.51726
G1 X102.626 Y98.053 E610.52677
G1 X103.06 Y98.387 E610.5377
G1 X103.267 Y98.622 E610.54395
G1 X103.61 Y99.068 E610.55518
G1 X103.741 Y99.338 E610.56117
G1 X103.986 Y99.949 E610.5743
G1 X104.073 Y100.611 E610.58763
G1 X104.083 Y100.87 E610.5928
G1 X104.019 Y101.39 E610.60326
G1 X103.938 Y101.744 E610.6105
G1 X103.692 Y102.335 E610.62328
G1 X103.521 Y102.606 E610.62967
G1 X103.223 Y103.002 E610.63956
G1 X103.002 Y103.223 E610.6458
G1 X102.606 Y103.521 E610.65569
G1 X102.375 Y103.667 E610.66114
G1 X101.783 Y103.929 E610.67406
G1 X101.39 Y104.019 E610.68211
G1 X100.87 Y104.083 E610.69256
G0 F15000 X100.777 Y103.691
G1 F5400 X100.103 Y103.607 E610.70612
G1 X99.856 Y103.524 E610.71132
G1 X99.323 Y103.302 E610.72284
G1 X98.72 Y102.838 E610.73802
G1 X98.372 Y102.384 E610.74944
G1 X98.191 Y102.072 E610.75664
G1 X98.04 Y101.708 E610.7645
G1 X97.954 Y101.418 E610.77054
G1 X97.892 Y100.966 E610.77964
G1 X97.892 Y100.591 E610.78713
G1 X97.944 Y100.207 E610.79486
G1 X98.04 Y99.856 E610.80212
G1 X98.273 Y99.311 E610.81395
G1 X98.715 Y98.727 E610.82857
G1 X99.178 Y98.37 E610.84023
G1 X99.499 Y98.185 E610.84763
G1 X99.859 Y98.037 E610.8554
G1 X100.205 Y97.944 E610.86255
G1 X100.593 Y97.892 E610.87036
G1 X100.966 Y97.892 E610.8778
G1 X101.418 Y97.954 E610.88691
G1 X101.701 Y98.037 E610.89279
G1 X102.061 Y98.185 E610.90056
G1 X102.382 Y98.37 E610.90795
G1 X102.839 Y98.722 E610.91946
G1 X103.306 Y99.329 E610.93475
G1 X103.596 Y100.046 E610.95018
G1 X103.674 Y100.649 E610.96232
G1 X103.67 Y100.952 E610.96836
G1 X103.622 Y101.34 E610.97616
G1 X103.559 Y101.616 E610.98181
G1 X103.287 Y102.25 E610.99558
G1 X102.844 Y102.843 E611.01035
G1 X102.254 Y103.286 E611.02508
G1 X101.616 Y103.559 E611.03893
G1 X101.34 Y103.622 E611.04458
G1 X100.777 Y103.691 E611.05589
G0 F15000 X100.749 Y103.284
G1 F5400 X100.146 Y103.207 E611.06803
G1 X99.528 Y102.955 E611.08134
G1 X99.005 Y102.552 E611.09452
G1 X98.69 Y102.141 E611.10485
G1 X98.561 Y101.918 E611.11
G1 X98.361 Y101.438 E611.12037
G1 X98.288 Y100.913 E611.13095
G1 X98.289 Y100.645 E611.1363
G1 X98.341 Y100.261 E611.14403
G1 X98.409 Y100.01 E611.14922
G1 X98.62 Y99.516 E611.15994
G1 X98.984 Y99.034 E611.17199
G1 X99.422 Y98.687 E611.18315
G1 X99.651 Y98.555 E611.18842
G1 X100.011 Y98.407 E611.19619
G1 X100.259 Y98.34 E611.20132
G1 X100.646 Y98.288 E611.20911
G1 X100.913 Y98.288 E611.21444
G1 X101.431 Y98.358 E611.22487
G1 X101.909 Y98.555 E611.23518
G1 X102.138 Y98.687 E611.24046
G1 X102.554 Y99.007 E611.25093
G1 X102.956 Y99.53 E611.2641
G1 X103.207 Y100.146 E611.27737
G1 X103.288 Y100.781 E611.29015
G1 X103.209 Y101.421 E611.30301
G1 X102.939 Y102.049 E611.31666
G1 X102.558 Y102.558 E611.32934
G1 X102.049 Y102.939 E611.34203
G1 X101.415 Y103.212 E611.35581
G1 X100.749 Y103.284 E611.36918
G0 F15000 X100.781 Y102.885
G1 F5400 X100.249 Y102.819 E611.37987
G1 X99.733 Y102.601 E611.39105
G1 X99.294 Y102.264 E611.4021
G1 X98.961 Y101.838 E611.41289
G1 X98.748 Y101.328 E611.42392
G1 X98.674 Y100.779 E611.43497
G1 X98.748 Y100.235 E611.44593
G1 X98.967 Y99.72 E611.4571
G1 X99.295 Y99.295 E611.46781
G1 X99.727 Y98.956 E611.47877
G1 X100.235 Y98.747 E611.48973
G1 X100.781 Y98.674 E611.50072
G1 X101.326 Y98.748 E611.5117
G1 X101.833 Y98.956 E611.52263
G1 X102.264 Y99.295 E611.53358
G1 X102.601 Y99.733 E611.54461
G1 X102.819 Y100.249 E611.55578
G1 X102.885 Y100.781 E611.56648
G1 X102.818 Y101.319 E611.5773
G1 X102.595 Y101.842 E611.58865
G1 X102.269 Y102.269 E611.59937
G1 X101.842 Y102.595 E611.61009
G1 X101.319 Y102.818 E611.62144
G1 X100.781 Y102.885 E611.63226
G1 F2400 E610.83226
G1 F300 Z1.88
G0 F15000 X110 Y115.788
G1 F300 Z1.68
G1 F2400 E611.63226
G1 F5400 X109.772 Y115.782 E611.63681
G1 X108.608 Y115.634 E611.66022
G1 X108.355 Y115.558 E611.66549
G1 X107.071 Y115.021 E611.69327
G1 X106.014 Y114.207 E611.71989
G1 X105.793 Y113.986 E611.72613
G1 X104.978 Y112.925 E611.75283
G1 X104.443 Y111.656 E611.78031
G1 X104.362 Y111.387 E611.78592
G1 X104.204 Y110.128 E611.81124
G1 X104.214 Y109.772 E611.81835
G1 X104.362 Y108.611 E611.8417
G1 X104.437 Y108.357 E611.84699
G1 X104.969 Y107.095 E611.87432
G1 X105.793 Y106.014 E611.90144
G1 X106.014 Y105.793 E611.90768
G1 X107.095 Y104.969 E611.93481
G1 X108.357 Y104.437 E611.96214
G1 X108.613 Y104.361 E611.96747
G1 X109.873 Y104.204 E611.99281
G1 X110.229 Y104.214 E611.99991
G1 X111.389 Y104.362 E612.02325
G1 X111.656 Y104.443 E612.02882
G1 X112.808 Y104.929 E612.05377
G1 X113.09 Y105.105 E612.0604
G1 X113.986 Y105.793 E612.08295
G1 X114.207 Y106.014 E612.08918
G1 X115.021 Y107.071 E612.11581
G1 X115.558 Y108.355 E612.14358
G1 X115.634 Y108.61 E612.14889
G1 X115.792 Y109.873 E612.17429
G1 X115.782 Y110.229 E612.1814
G1 X115.633 Y111.392 E612.2048
G1 X115.552 Y111.658 E612.21035
G1 X115.026 Y112.919 E612.23761
G1 X114.207 Y113.986 E612.26446
G1 X113.986 Y114.207 E612.27069
G1 X112.919 Y115.026 E612.29754
G1 X111.658 Y115.552 E612.3248
G1 X111.39 Y115.634 E612.3304
G1 X110.128 Y115.792 E612.35578
G1 X110 Y115.788 E612.35833
G0 F15000 X109.998 Y115.406
G1 F5400 X108.581 Y115.22 E612.38685
G1 X107.298 Y114.684 E612.4146
G1 X106.271 Y113.901 E612.44037
G1 X106.099 Y113.729 E612.44523
G1 X105.313 Y112.693 E612.47118
G1 X104.766 Y111.394 E612.49931
G1 X104.59 Y109.998 E612.52738
G1 X104.776 Y108.579 E612.55594
G1 X105.32 Y107.292 E612.58383
G1 X106.099 Y106.271 E612.60946
G1 X106.271 Y106.099 E612.61431
G1 X107.309 Y105.306 E612.64038
G1 X108.58 Y104.776 E612.66786
G1 X109.998 Y104.59 E612.6964
G1 X111.394 Y104.766 E612.72448
G1 X112.628 Y105.286 E612.7512
G1 X112.847 Y105.423 E612.75636
G1 X113.729 Y106.099 E612.77853
G1 X113.901 Y106.271 E612.78339
G1 X114.684 Y107.298 E612.80916
G1 X115.22 Y108.581 E612.83691
G1 X115.406 Y109.998 E612.86543
G1 X115.23 Y111.391 E612.89345
G1 X114.687 Y112.692 E612.92158
G1 X113.901 Y113.729 E612.94755
G1 X113.729 Y113.901 E612.9524
G1 X112.677 Y114.698 E612.97874
G1 X111.389 Y115.231 E613.00656
G1 X109.998 Y115.406 E613.03454
G0 F15000 X110 Y115.004
G1 F5400 X109.99 Y115.005 E613.03474
G1 X108.689 Y114.832 E613.06093
G1 X107.497 Y114.336 E613.08669
G1 X106.455 Y113.538 E613.11288
G1 X105.663 Y112.495 E613.13902
G1 X105.165 Y111.312 E613.16463
G1 X104.991 Y109.991 E613.19122
G1 X105.163 Y108.69 E613.21741
G1 X105.667 Y107.494 E613.24331
G1 X106.459 Y106.459 E613.26932
G1 X107.506 Y105.658 E613.29563
G1 X108.691 Y105.163 E613.32126
G1 X110 Y104.993 E613.3476
G1 X111.312 Y105.165 E613.374
G1 X112.496 Y105.663 E613.39964
G1 X113.541 Y106.458 E613.42584
G1 X114.336 Y107.497 E613.45195
G1 X114.833 Y108.69 E613.47774
G1 X115.003 Y110 E613.5041
G1 X114.832 Y111.308 E613.53043
G1 X114.339 Y112.493 E613.55604
G1 X113.539 Y113.545 E613.58241
G1 X112.493 Y114.339 E613.60862
G1 X111.308 Y114.832 E613.63423
G1 X110 Y115.004 E613.66056
G0 F15000 X110 Y114.598
G1 F5400 X108.8 Y114.445 E613.6847
G1 X107.699 Y113.988 E613.70849
G1 X106.744 Y113.256 E613.7325
G1 X106.009 Y112.292 E613.75669
G1 X105.55 Y111.195 E613.78043
G1 X105.396 Y110.017 E613.80413
G1 X105.551 Y108.8 E613.82862
G1 X106.013 Y107.697 E613.85248
G1 X106.747 Y106.747 E613.87644
G1 X107.697 Y106.013 E613.9004
G1 X108.812 Y105.546 E613.92452
G1 X110.001 Y105.394 E613.94844
G1 X111.196 Y105.55 E613.97249
G1 X112.306 Y106.016 E613.99651
G1 X113.252 Y106.747 E614.02037
G1 X113.988 Y107.699 E614.04439
G1 X114.45 Y108.812 E614.06844
G1 X114.602 Y110.001 E614.09236
G1 X114.446 Y111.196 E614.11641
G1 X113.985 Y112.305 E614.14037
G1 X113.253 Y113.253 E614.16428
G1 X112.289 Y113.993 E614.18853
G1 X111.196 Y114.446 E614.21214
G1 X110.017 Y114.6 E614.23587
G1 X110 Y114.598 E614.23621
G1 F2400 E613.43621
G1 F300 Z1.88
G0 F15000 X118.992 Y122.502
G1 F300 Z1.68
G1 F2400 E614.23621
G1 F5400 X118.508 Y122.44 E614.24595
G1 X118.138 Y122.329 E614.25365
G1 X117.774 Y122.178 E614.26152
G1 X117.37 Y121.943 E614.27085
G1 X116.939 Y121.611 E614.2817
G1 X116.742 Y121.391 E614.2876
G1 X116.393 Y120.935 E614.29906
G1 X116.258 Y120.662 E614.30513
G1 X116.106 Y120.298 E614.31301
G1 X116.001 Y119.984 E614.31961
G1 X115.923 Y119.384 E614.33169
G1 X115.913 Y119.115 E614.33706
G1 X115.984 Y118.59 E614.34763
G1 X116.059 Y118.264 E614.35431
G1 X116.302 Y117.664 E614.36722
G1 X116.491 Y117.369 E614.37422
G1 X116.777 Y116.998 E614.38356
G1 X116.998 Y116.777 E614.3898
G1 X117.369 Y116.491 E614.39915
G1 X117.664 Y116.302 E614.40614
G1 X118.264 Y116.059 E614.41906
G1 X118.59 Y115.984 E614.42574
G1 X119.115 Y115.913 E614.43631
G1 X119.384 Y115.923 E614.44168
G1 X119.844 Y115.983 E614.45094
G1 X120.135 Y116.047 E614.45688
G1 X120.662 Y116.258 E614.46821
G1 X120.935 Y116.393 E614.47429
G1 X121.39 Y116.741 E614.48572
G1 X121.608 Y116.934 E614.49153
G1 X121.943 Y117.37 E614.5025
G1 X122.178 Y117.774 E614.51183
G1 X122.33 Y118.138 E614.5197
G1 X122.439 Y118.509 E614.52742
G1 X122.502 Y118.992 E614.53714
G1 X122.502 Y119.438 E614.54604
G1 X122.455 Y119.826 E614.55384
G1 X122.329 Y120.298 E614.56359
G1 X122.178 Y120.662 E614.57145
G1 X121.945 Y121.064 E614.58073
G1 X121.599 Y121.507 E614.59194
G1 X121.383 Y121.696 E614.59767
G1 X121.065 Y121.944 E614.60572
G1 X120.803 Y122.114 E614.61195
G1 X120.298 Y122.329 E614.6229
G1 X119.826 Y122.455 E614.63265
G1 X119.438 Y122.502 E614.64045
G1 X118.992 Y122.502 E614.64935
G0 F15000 X119.042 Y122.105
G1 F5400 X118.58 Y122.046 E614.65865
G1 X118.292 Y121.96 E614.66465
G1 X117.928 Y121.808 E614.67252
G1 X117.614 Y121.626 E614.67976
G1 X117.154 Y121.272 E614.69134
G1 X116.693 Y120.67 E614.70648
G1 X116.404 Y119.951 E614.72194
G1 X116.303 Y119.208 E614.7369
G1 X116.38 Y118.644 E614.74826
G1 X116.439 Y118.39 E614.75347
G1 X116.711 Y117.738 E614.76757
G1 X117.158 Y117.158 E614.78218
G1 X117.738 Y116.711 E614.79679
G1 X118.39 Y116.439 E614.81089
G1 X118.644 Y116.38 E614.81609
G1 X119.208 Y116.303 E614.82745
G1 X119.952 Y116.404 E614.84244
G1 X120.673 Y116.695 E614.85795
G1 X121.274 Y117.157 E614.87308
G1 X121.626 Y117.614 E614.88459
G1 X121.808 Y117.928 E614.89183
G1 X121.961 Y118.292 E614.89971
G1 X122.046 Y118.581 E614.90573
G1 X122.106 Y119.042 E614.915
G1 X122.106 Y119.388 E614.92191
G1 X122.058 Y119.777 E614.92973
G1 X121.96 Y120.144 E614.93731
G1 X121.809 Y120.508 E614.94517
G1 X121.628 Y120.821 E614.95239
G1 X121.271 Y121.277 E614.96395
G1 X120.691 Y121.728 E614.97861
G1 X120.144 Y121.96 E614.99047
G1 X119.777 Y122.058 E614.99805
G1 X119.388 Y122.106 E615.00587
G1 X119.042 Y122.105 E615.01277
G0 F15000 X119.219 Y121.724
G1 F5400 X118.57 Y121.643 E615.02583
G1 X118.082 Y121.439 E615.03638
G1 X117.858 Y121.309 E615.04155
G1 X117.441 Y120.989 E615.05204
G1 X117.044 Y120.47 E615.06508
G1 X116.794 Y119.855 E615.07833
G1 X116.711 Y119.245 E615.09061
G1 X116.791 Y118.585 E615.10388
G1 X117.055 Y117.947 E615.11766
G1 X117.443 Y117.443 E615.13035
G1 X117.947 Y117.055 E615.14304
G1 X118.584 Y116.791 E615.15681
G1 X119.251 Y116.71 E615.17021
G1 X119.855 Y116.794 E615.18238
G1 X120.476 Y117.046 E615.19576
G1 X120.984 Y117.448 E615.20869
G1 X121.309 Y117.858 E615.21913
G1 X121.439 Y118.082 E615.22429
G1 X121.641 Y118.565 E615.23474
G1 X121.725 Y119.212 E615.24776
G1 X121.661 Y119.727 E615.25812
G1 X121.591 Y119.99 E615.26355
G1 X121.439 Y120.354 E615.27142
G1 X121.306 Y120.583 E615.27671
G1 X120.984 Y120.984 E615.28697
G1 X120.491 Y121.379 E615.29958
G1 X119.99 Y121.591 E615.31043
G1 X119.727 Y121.661 E615.31586
G1 X119.219 Y121.724 E615.32608
G0 F15000 X119.215 Y121.321
G1 F5400 X118.673 Y121.253 E615.33698
G1 X118.162 Y121.039 E615.34804
G1 X117.732 Y120.701 E615.35895
G1 X117.395 Y120.272 E615.36984
G1 X117.186 Y119.753 E615.381
G1 X117.11 Y119.216 E615.39183
G1 X117.183 Y118.679 E615.40264
G1 X117.401 Y118.153 E615.414
G1 X117.731 Y117.731 E615.42469
G1 X118.153 Y117.401 E615.43539
G1 X118.679 Y117.183 E615.44675
G1 X119.214 Y117.11 E615.45752
G1 X119.753 Y117.182 E615.46838
G1 X120.266 Y117.399 E615.47949
G1 X120.701 Y117.731 E615.49041
G1 X121.039 Y118.162 E615.50134
G1 X121.253 Y118.673 E615.5124
G1 X121.321 Y119.215 E615.5233
G1 X121.254 Y119.76 E615.53426
G1 X121.037 Y120.278 E615.54546
G1 X120.701 Y120.701 E615.55624
G1 X120.279 Y121.035 E615.56698
G1 X119.761 Y121.254 E615.57821
G1 X119.215 Y121.321 E615.58919
G1 F2400 E614.78919
G1 F300 Z1.88
G0 F15000 X110 Y128.18
G1 F300 Z1.68
G1 F2400 E615.58919
G1 F5400 X114.71 Y127.562 E615.68398
G1 X119.087 Y125.747 E615.77854
G1 X122.856 Y122.856 E615.87334
G1 X125.747 Y119.088 E615.96811
G1 X127.558 Y114.71 E616.06266
G1 X128.18 Y110 E616.15747
G1 X127.558 Y105.286 E616.25236
G1 X125.747 Y100.908 E616.34691
G1 X122.856 Y97.14 E616.44168
G1 X119.088 Y94.249 E616.53646
G1 X114.71 Y92.438 E616.63101
G1 X110 Y91.816 E616.72582
G1 X105.286 Y92.438 E616.82071
G1 X100.908 Y94.249 E616.91525
G1 X97.14 Y97.14 E617.01003
G1 X94.248 Y100.909 E617.10484
G1 X92.434 Y105.286 E617.19939
G1 X91.816 Y110 E617.29427
G1 X92.434 Y114.71 E617.38906
G1 X94.248 Y119.087 E617.48362
G1 X97.14 Y122.856 E617.57842
G1 X100.908 Y125.747 E617.6732
G1 X105.286 Y127.562 E617.76778
G1 X110 Y128.18 E617.86265
G0 F15000 X110 Y128.584
G1 F5400 X114.814 Y127.952 E617.95955
G1 X119.289 Y126.097 E618.05622
G1 X123.141 Y123.141 E618.15312
G1 X126.096 Y119.29 E618.24999
G1 X127.948 Y114.814 E618.34665
G1 X128.583 Y110 E618.44355
G1 X127.948 Y105.182 E618.54053
G1 X126.096 Y100.706 E618.6372
G1 X123.141 Y96.855 E618.73407
G1 X119.29 Y93.899 E618.83095
G1 X114.814 Y92.048 E618.92761
G1 X110 Y91.413 E619.02451
G1 X105.182 Y92.048 E619.12149
G1 X100.706 Y93.899 E619.21815
G1 X96.855 Y96.855 E619.31503
G1 X93.899 Y100.707 E619.41193
G1 X92.044 Y105.182 E619.5086
G1 X91.412 Y110 E619.60557
G1 X92.044 Y114.814 E619.70247
G1 X93.899 Y119.289 E619.79914
G1 X96.855 Y123.141 E619.89603
G1 X100.707 Y126.097 E619.99293
G1 X105.182 Y127.951 E620.0896
G1 X110 Y128.584 E620.18657
G0 F15000 X110 Y128.987
G1 F5400 X114.918 Y128.341 E620.28556
G1 X119.491 Y126.446 E620.38434
G1 X123.426 Y123.426 E620.48333
G1 X126.446 Y119.491 E620.58232
G1 X128.337 Y114.919 E620.68105
G1 X128.987 Y110 E620.78007
G1 X128.337 Y105.077 E620.87917
G1 X126.446 Y100.505 E620.9779
G1 X123.426 Y96.57 E621.07689
G1 X119.491 Y93.55 E621.17588
G1 X114.919 Y91.659 E621.27461
G1 X110 Y91.009 E621.37363
G1 X105.077 Y91.659 E621.47273
G1 X100.505 Y93.55 E621.57146
G1 X96.569 Y96.569 E621.67046
G1 X93.55 Y100.505 E621.76945
G1 X91.655 Y105.077 E621.86821
G1 X91.009 Y110 E621.9673
G1 X91.655 Y114.918 E622.06629
G1 X93.55 Y119.491 E622.16507
G1 X96.569 Y123.427 E622.26406
G1 X100.505 Y126.446 E622.36305
G1 X105.077 Y128.341 E622.46182
G1 X110 Y128.987 E622.56091
G0 F15000 X110 Y129.39
G1 F5400 X115.023 Y128.731 E622.662
G1 X119.693 Y126.795 E622.76289
G1 X123.712 Y123.712 E622.86397
G1 X126.795 Y119.693 E622.96506
G1 X128.727 Y115.023 E623.06591
G1 X129.39 Y110 E623.16702
G1 X128.727 Y104.973 E623.26821
G1 X126.795 Y100.303 E623.36906
G1 X123.712 Y96.284 E623.47015
G1 X119.693 Y93.201 E623.57123
G1 X115.023 Y91.269 E623.67209
G1 X110 Y90.606 E623.7732
G1 X104.973 Y91.269 E623.87438
G1 X100.303 Y93.201 E623.97524
G1 X96.284 Y96.284 E624.07632
G1 X93.2 Y100.303 E624.17742
G1 X91.265 Y104.973 E624.2783
G1 X90.606 Y110 E624.37947
G1 X91.265 Y115.023 E624.48057
G1 X93.2 Y119.693 E624.58145
G1 X96.284 Y123.712 E624.68255
G1 X100.303 Y126.795 E624.78363
G1 X104.973 Y128.731 E624.88452
G1 X110 Y129.39 E624.98569
G1 F2400 E624.18569
G1 F300 Z1.88
G0 F15000 X101.002 Y122.502
G1 F300 Z1.68
G1 F2400 E624.98569
G1 F5400 X100.557 Y122.502 E624.99457
G1 X100.172 Y122.455 E625.00231
G1 X99.708 Y122.332 E625.01189
G1 X99.195 Y122.113 E625.02302
G1 X98.932 Y121.945 E625.02925
G1 X98.496 Y121.605 E625.04029
G1 X98.291 Y121.372 E625.04648
G1 X98.055 Y121.064 E625.05422
G1 X97.823 Y120.662 E625.06348
G1 X97.671 Y120.298 E625.07136
G1 X97.547 Y119.844 E625.08075
G1 X97.495 Y119.456 E625.08856
G1 X97.496 Y118.974 E625.09818
G1 X97.561 Y118.508 E625.10757
G1 X97.671 Y118.138 E625.11527
G1 X97.822 Y117.774 E625.12314
G1 X98.048 Y117.382 E625.13217
G1 X98.382 Y116.941 E625.14321
G1 X98.605 Y116.742 E625.14917
G1 X99.071 Y116.389 E625.16084
G1 X99.338 Y116.258 E625.16677
G1 X99.946 Y116.015 E625.17984
G1 X100.612 Y115.923 E625.19326
G1 X100.884 Y115.913 E625.19869
G1 X101.408 Y115.983 E625.20924
G1 X101.742 Y116.061 E625.21608
G1 X102.332 Y116.302 E625.2288
G1 X102.619 Y116.484 E625.23558
G1 X103.002 Y116.777 E625.24521
G1 X103.223 Y116.998 E625.25144
G1 X103.515 Y117.38 E625.26104
G1 X103.668 Y117.622 E625.26675
G1 X103.93 Y118.221 E625.2798
G1 X104.019 Y118.608 E625.28772
G1 X104.083 Y119.122 E625.29806
G1 X104.073 Y119.385 E625.30331
G1 X103.999 Y119.951 E625.3147
G1 X103.936 Y120.197 E625.31977
G1 X103.68 Y120.81 E625.33303
G1 X103.501 Y121.075 E625.33941
G1 X103.168 Y121.501 E625.3502
G1 X102.947 Y121.696 E625.35608
G1 X102.639 Y121.936 E625.36387
G1 X102.226 Y122.178 E625.37343
G1 X101.862 Y122.329 E625.38129
G1 X101.489 Y122.44 E625.38906
G1 X101.002 Y122.502 E625.39885
G0 F15000 X100.953 Y122.106
G1 F5400 X100.606 Y122.106 E625.40578
G1 X100.222 Y122.058 E625.4135
G1 X99.861 Y121.962 E625.42096
G1 X99.299 Y121.724 E625.43314
G1 X98.718 Y121.272 E625.44783
G1 X98.372 Y120.82 E625.45919
G1 X98.192 Y120.508 E625.46637
G1 X98.04 Y120.144 E625.47425
G1 X97.944 Y119.791 E625.48155
G1 X97.892 Y119.403 E625.48936
G1 X97.892 Y119.028 E625.49684
G1 X97.954 Y118.58 E625.50587
G1 X98.04 Y118.292 E625.51187
G1 X98.191 Y117.928 E625.51973
G1 X98.367 Y117.623 E625.52676
G1 X98.719 Y117.158 E625.5384
G1 X99.33 Y116.694 E625.55371
G1 X99.856 Y116.476 E625.56507
G1 X100.097 Y116.395 E625.57014
G1 X100.781 Y116.303 E625.58392
G1 X101.355 Y116.38 E625.59547
G1 X101.615 Y116.44 E625.6008
G1 X102.256 Y116.711 E625.61469
G1 X102.843 Y117.157 E625.6294
G1 X103.284 Y117.738 E625.64395
G1 X103.561 Y118.389 E625.65807
G1 X103.622 Y118.658 E625.66358
G1 X103.691 Y119.211 E625.6747
G1 X103.598 Y119.949 E625.68954
G1 X103.327 Y120.619 E625.70397
G1 X103.185 Y120.829 E625.70902
G1 X102.835 Y121.277 E625.72037
G1 X102.393 Y121.621 E625.73155
G1 X102.072 Y121.808 E625.73896
G1 X101.708 Y121.96 E625.74683
G1 X101.418 Y122.046 E625.75287
G1 X100.953 Y122.106 E625.76222
G0 F15000 X100.78 Y121.725
G1 F5400 X100.272 Y121.661 E625.77244
G1 X100.014 Y121.593 E625.77777
G1 X99.502 Y121.376 E625.78886
G1 X98.986 Y120.963 E625.80205
G1 X98.69 Y120.577 E625.81176
G1 X98.561 Y120.354 E625.8169
G1 X98.409 Y119.99 E625.82477
G1 X98.34 Y119.737 E625.83001
G1 X98.288 Y119.35 E625.8378
G1 X98.288 Y119.081 E625.84317
G1 X98.361 Y118.562 E625.85363
G1 X98.561 Y118.082 E625.864
G1 X98.686 Y117.864 E625.86902
G1 X99.006 Y117.441 E625.8796
G1 X99.533 Y117.043 E625.89278
G1 X100.144 Y116.794 E625.90595
G1 X100.784 Y116.707 E625.91884
G1 X101.42 Y116.792 E625.93164
G1 X102.051 Y117.057 E625.9453
G1 X102.558 Y117.443 E625.95802
G1 X102.94 Y117.946 E625.97062
G1 X103.212 Y118.59 E625.98457
G1 X103.284 Y119.246 E625.99774
G1 X103.207 Y119.852 E626.00993
G1 X102.954 Y120.475 E626.02335
G1 X102.576 Y120.96 E626.03562
G1 X102.147 Y121.305 E626.04661
G1 X101.918 Y121.439 E626.0519
G1 X101.431 Y121.642 E626.06243
G1 X100.78 Y121.725 E626.07553
G0 F15000 X100.78 Y121.321
G1 F5400 X100.24 Y121.254 E626.08639
G1 X99.715 Y121.034 E626.09775
G1 X99.295 Y120.701 E626.10845
G1 X98.962 Y120.277 E626.1192
G1 X98.748 Y119.763 E626.13032
G1 X98.674 Y119.215 E626.14135
G1 X98.748 Y118.671 E626.15231
G1 X98.96 Y118.164 E626.16327
G1 X99.293 Y117.733 E626.17414
G1 X99.735 Y117.398 E626.18521
G1 X100.246 Y117.182 E626.19628
G1 X100.781 Y117.11 E626.20705
G1 X101.322 Y117.183 E626.21795
G1 X101.845 Y117.403 E626.22927
G1 X102.272 Y117.728 E626.23998
G1 X102.594 Y118.152 E626.2506
G1 X102.818 Y118.681 E626.26207
G1 X102.885 Y119.214 E626.27279
G1 X102.819 Y119.75 E626.28357
G1 X102.601 Y120.268 E626.29478
G1 X102.266 Y120.7 E626.30569
G1 X101.84 Y121.038 E626.31654
G1 X101.327 Y121.252 E626.32764
G1 X100.78 Y121.321 E626.33864
G1 F2400 E625.53864
G1 F300 Z1.88
G0 F15000 X119.122 Y104.083
G1 F300 Z1.68
G1 F2400 E626.33864
G1 F5400 X118.608 Y104.019 E626.34898
G1 X118.263 Y103.94 E626.35604
G1 X117.662 Y103.693 E626.36901
G1 X117.38 Y103.514 E626.37567
G1 X116.998 Y103.223 E626.38525
G1 X116.777 Y103.002 E626.39149
G1 X116.484 Y102.618 E626.40113
G1 X116.327 Y102.371 E626.40697
G1 X116.072 Y101.783 E626.41976
G1 X115.983 Y101.408 E626.42745
G1 X115.913 Y100.884 E626.438
G1 X115.923 Y100.612 E626.44343
G1 X116.015 Y99.945 E626.45687
G1 X116.259 Y99.338 E626.46993
G1 X116.388 Y99.073 E626.47581
G1 X116.741 Y98.606 E626.48749
G1 X116.939 Y98.385 E626.49341
G1 X117.37 Y98.053 E626.50427
G1 X117.783 Y97.815 E626.51378
G1 X118.143 Y97.667 E626.52155
G1 X118.507 Y97.56 E626.52912
G1 X118.976 Y97.495 E626.53857
G1 X119.456 Y97.495 E626.54815
G1 X119.844 Y97.547 E626.55596
G1 X120.289 Y97.667 E626.56516
G1 X120.649 Y97.814 E626.57292
G1 X121.062 Y98.053 E626.58244
G1 X121.502 Y98.391 E626.59351
G1 X121.704 Y98.621 E626.59962
G1 X121.944 Y98.933 E626.60748
G1 X122.113 Y99.197 E626.61373
G1 X122.329 Y99.702 E626.62469
G1 X122.455 Y100.172 E626.6344
G1 X122.502 Y100.557 E626.64214
G1 X122.502 Y101.002 E626.65102
G1 X122.44 Y101.489 E626.66082
G1 X122.33 Y101.862 E626.66858
G1 X122.178 Y102.226 E626.67645
G1 X121.936 Y102.639 E626.68601
G1 X121.602 Y103.068 E626.69686
G1 X121.383 Y103.26 E626.70267
G1 X120.943 Y103.603 E626.7138
G1 X120.662 Y103.742 E626.72006
G1 X120.054 Y103.985 E626.73312
G1 X119.385 Y104.073 E626.74659
G1 X119.122 Y104.083 E626.75184
G0 F15000 X119.347 Y103.674
G1 F5400 X119.042 Y103.67 E626.75793
G1 X118.658 Y103.622 E626.76565
G1 X118.389 Y103.561 E626.77116
G1 X117.738 Y103.284 E626.78527
G1 X117.157 Y102.843 E626.79983
G1 X116.711 Y102.256 E626.81454
G1 X116.441 Y101.615 E626.82842
G1 X116.38 Y101.355 E626.83375
G1 X116.304 Y100.789 E626.84515
G1 X116.394 Y100.098 E626.85906
G1 X116.476 Y99.856 E626.86415
G1 X116.696 Y99.329 E626.87555
G1 X117.153 Y98.725 E626.89067
G1 X117.614 Y98.37 E626.90228
G1 X117.935 Y98.185 E626.90967
G1 X118.295 Y98.037 E626.91744
G1 X118.578 Y97.954 E626.92332
G1 X119.03 Y97.892 E626.93243
G1 X119.403 Y97.892 E626.93987
G1 X119.791 Y97.943 E626.94768
G1 X120.137 Y98.037 E626.95484
G1 X120.497 Y98.184 E626.9626
G1 X120.818 Y98.37 E626.97
G1 X121.275 Y98.721 E626.9815
G1 X121.725 Y99.305 E626.99621
G1 X121.96 Y99.856 E627.00817
G1 X122.058 Y100.222 E627.01573
G1 X122.106 Y100.606 E627.02345
G1 X122.106 Y100.953 E627.03038
G1 X122.047 Y101.418 E627.03973
G1 X121.961 Y101.708 E627.04577
G1 X121.808 Y102.072 E627.05365
G1 X121.621 Y102.393 E627.06106
G1 X121.276 Y102.837 E627.07228
G1 X120.676 Y103.304 E627.08745
G1 X119.953 Y103.596 E627.10301
G1 X119.347 Y103.674 E627.11521
G0 F15000 X119.214 Y103.288
G1 F5400 X118.583 Y103.21 E627.1279
G1 X117.95 Y102.941 E627.14162
G1 X117.438 Y102.554 E627.15443
G1 X117.057 Y102.05 E627.16704
G1 X116.792 Y101.421 E627.18066
G1 X116.707 Y100.784 E627.19348
G1 X116.794 Y100.144 E627.20637
G1 X117.043 Y99.532 E627.21956
G1 X117.441 Y99.007 E627.2327
G1 X117.858 Y98.687 E627.24319
G1 X118.087 Y98.555 E627.24847
G1 X118.565 Y98.358 E627.25879
G1 X119.083 Y98.288 E627.26922
G1 X119.35 Y98.288 E627.27455
G1 X119.737 Y98.34 E627.28234
G1 X119.985 Y98.407 E627.28746
G1 X120.345 Y98.554 E627.29522
G1 X120.574 Y98.687 E627.30051
G1 X121.011 Y99.033 E627.31163
G1 X121.382 Y99.516 E627.32379
G1 X121.591 Y100.01 E627.33449
G1 X121.661 Y100.272 E627.3399
G1 X121.725 Y100.78 E627.35012
G1 X121.642 Y101.431 E627.36322
G1 X121.439 Y101.918 E627.37375
G1 X121.305 Y102.147 E627.37904
G1 X120.982 Y102.549 E627.38933
G1 X120.48 Y102.951 E627.40217
G1 X119.853 Y103.207 E627.41568
G1 X119.214 Y103.288 E627.42854
G0 F15000 X119.217 Y102.886
G1 F5400 X118.681 Y102.818 E627.43932
G1 X118.152 Y102.594 E627.45078
G1 X117.724 Y102.269 E627.46151
G1 X117.401 Y101.841 E627.47221
G1 X117.182 Y101.319 E627.4835
G1 X117.116 Y100.787 E627.4942
G1 X117.181 Y100.249 E627.50502
G1 X117.398 Y99.735 E627.51615
G1 X117.722 Y99.296 E627.52704
G1 X118.166 Y98.955 E627.53821
G1 X118.67 Y98.748 E627.54908
G1 X119.216 Y98.674 E627.56008
G1 X119.76 Y98.747 E627.57103
G1 X120.266 Y98.954 E627.58194
G1 X120.701 Y99.295 E627.59297
G1 X121.035 Y99.72 E627.60376
G1 X121.254 Y100.24 E627.61502
G1 X121.321 Y100.78 E627.62588
G1 X121.252 Y101.327 E627.63688
G1 X121.038 Y101.84 E627.64797
G1 X120.7 Y102.266 E627.65883
G1 X120.273 Y102.604 E627.66969
G1 X119.753 Y102.814 E627.68089
G1 X119.217 Y102.886 E627.69168
G0 F15000 X119.235 Y102.48
;TYPE:WALL-OUTER
G1 F5400 X118.778 Y102.428 E627.70086
G1 X118.385 Y102.261 E627.70938
G1 X118.002 Y101.973 E627.71894
G1 X117.735 Y101.61 E627.72793
G1 X117.578 Y101.232 E627.7361
G1 X117.516 Y100.761 E627.74558
G1 X117.576 Y100.336 E627.75415
G1 X117.746 Y99.933 E627.76288
G1 X118.014 Y99.578 E627.77175
G1 X118.368 Y99.304 E627.78069
G1 X118.801 Y99.133 E627.78998
G1 X119.216 Y99.077 E627.79833
G1 X119.631 Y99.133 E627.80669
G1 X120.041 Y99.294 E627.81548
G1 X120.418 Y99.578 E627.8249
G1 X120.694 Y99.939 E627.83397
G1 X120.864 Y100.343 E627.84272
G1 X120.915 Y100.755 E627.851
G1 X120.865 Y101.204 E627.86002
G1 X120.701 Y101.61 E627.86875
G1 X120.418 Y101.982 E627.87808
G1 X120.068 Y102.254 E627.88693
G1 X119.663 Y102.424 E627.89569
G1 X119.235 Y102.48 E627.90431
G1 F2400 E627.10431
G1 F300 Z1.88
G0 F15000 X110 Y114.194
G1 F300 Z1.68
G1 F2400 E627.90431
G1 F5400 X108.896 Y114.053 E627.92652
G1 X107.908 Y113.643 E627.94786
G1 X107.018 Y112.957 E627.97029
G1 X106.366 Y112.103 E627.99173
G1 X105.944 Y111.102 E628.01341
G1 X105.8 Y110.015 E628.03529
G1 X105.943 Y108.896 E628.0578
G1 X106.367 Y107.891 E628.07957
G1 X107.043 Y107.018 E628.10161
G1 X107.891 Y106.367 E628.12294
G1 X108.896 Y105.943 E628.14471
G1 X109.985 Y105.8 E628.16663
G1 X111.085 Y105.936 E628.18874
G1 X112.103 Y106.366 E628.2108
G1 X112.982 Y107.043 E628.23294
G1 X113.643 Y107.908 E628.25466
G1 X114.053 Y108.896 E628.27601
G1 X114.196 Y109.985 E628.29793
G1 X114.052 Y111.102 E628.32041
G1 X113.634 Y112.103 E628.34205
G1 X112.957 Y112.982 E628.36419
G1 X112.103 Y113.634 E628.38564
G1 X111.102 Y114.052 E628.40728
G1 X110.015 Y114.196 E628.42917
G1 X110 Y114.194 E628.42947
G1 F2400 E627.62947
G1 F300 Z1.88
G0 F15000 X119.191 Y120.915
G1 F300 Z1.68
G1 F2400 E628.42947
G1 F5400 X118.796 Y120.865 E628.43741
G1 X118.39 Y120.701 E628.44615
G1 X118.014 Y120.418 E628.45554
G1 X117.746 Y120.068 E628.46434
G1 X117.576 Y119.663 E628.4731
G1 X117.516 Y119.235 E628.48173
G1 X117.578 Y118.768 E628.49113
G1 X117.742 Y118.37 E628.49972
G1 X118.027 Y118.002 E628.50901
G1 X118.37 Y117.742 E628.5176
G1 X118.768 Y117.578 E628.52619
G1 X119.235 Y117.516 E628.53559
G1 X119.663 Y117.576 E628.54422
G1 X120.068 Y117.746 E628.55298
G1 X120.418 Y118.014 E628.56178
G1 X120.701 Y118.39 E628.57117
G1 X120.864 Y118.781 E628.57962
G1 X120.915 Y119.241 E628.58886
G1 X120.864 Y119.657 E628.59722
G1 X120.701 Y120.046 E628.60564
G1 X120.418 Y120.418 E628.61497
G1 X120.061 Y120.694 E628.62397
G1 X119.656 Y120.864 E628.63274
G1 X119.191 Y120.915 E628.64207
G1 F2400 E627.84207
G1 F300 Z1.88
G0 F15000 X110 Y129.794
G1 F300 Z1.68
G1 F2400 E628.64207
G1 F5400 X115.127 Y129.121 E628.74527
G1 X119.895 Y127.145 E628.84826
G1 X123.997 Y123.997 E628.95145
G1 X127.145 Y119.895 E629.05464
G1 X129.117 Y115.127 E629.15761
G1 X129.794 Y110 E629.26081
G1 X129.117 Y104.869 E629.36409
G1 X127.145 Y100.101 E629.46706
G1 X123.997 Y95.999 E629.57025
G1 X119.895 Y92.851 E629.67343
G1 X115.127 Y90.879 E629.7764
G1 X110 Y90.202 E629.8796
G1 X104.869 Y90.879 E629.98289
G1 X100.101 Y92.851 E630.08585
G1 X95.999 Y95.999 E630.18904
G1 X92.851 Y100.101 E630.29223
G1 X90.875 Y104.869 E630.39523
G1 X90.202 Y110 E630.4985
G1 X90.875 Y115.127 E630.60169
G1 X92.851 Y119.895 E630.70469
G1 X95.999 Y123.997 E630.80788
G1 X100.101 Y127.145 E630.91106
G1 X104.869 Y129.121 E631.01406
G1 X110 Y129.794 E631.11733
G1 F2400 E630.31733
G1 F300 Z1.88
G0 F15000 X100.755 Y120.915
G1 F300 Z1.68
G1 F2400 E631.11733
G1 F5400 X100.345 Y120.864 E631.12558
G1 X99.935 Y120.694 E631.13443
G1 X99.578 Y120.418 E631.14344
G1 X99.299 Y120.046 E631.15272
G1 X99.133 Y119.631 E631.16164
G1 X99.077 Y119.216 E631.17
G1 X99.135 Y118.796 E631.17846
G1 X99.299 Y118.39 E631.1872
G1 X99.577 Y118.015 E631.19651
G1 X99.954 Y117.735 E631.20588
G1 X100.336 Y117.576 E631.21414
G1 X100.761 Y117.516 E631.22271
G1 X101.232 Y117.578 E631.23219
G1 X101.626 Y117.743 E631.24071
G1 X101.998 Y118.027 E631.25005
G1 X102.261 Y118.385 E631.25891
G1 X102.422 Y118.768 E631.26721
G1 X102.48 Y119.235 E631.2766
G1 X102.424 Y119.663 E631.28521
G1 X102.254 Y120.068 E631.29398
G1 X101.982 Y120.418 E631.30282
G1 X101.61 Y120.701 E631.31215
G1 X101.219 Y120.864 E631.3206
G1 X100.755 Y120.915 E631.32992
G1 F2400 E630.52992
G1 F300 Z1.88
G0 F15000 X100.761 Y102.48
G1 F300 Z1.68
G1 F2400 E631.32992
G1 F5400 X100.336 Y102.424 E631.33847
G1 X99.932 Y102.254 E631.34722
G1 X99.578 Y101.982 E631.35613
G1 X99.299 Y101.61 E631.36541
G1 X99.133 Y101.195 E631.37433
G1 X99.077 Y100.78 E631.38269
G1 X99.137 Y100.343 E631.39149
G1 X99.306 Y99.939 E631.40023
G1 X99.578 Y99.578 E631.40925
G1 X99.932 Y99.304 E631.41818
G1 X100.365 Y99.133 E631.42747
G1 X100.78 Y99.077 E631.43583
G1 X101.204 Y99.135 E631.44437
G1 X101.629 Y99.304 E631.4535
G1 X101.982 Y99.578 E631.46241
G1 X102.254 Y99.932 E631.47132
G1 X102.424 Y100.336 E631.48007
G1 X102.48 Y100.761 E631.48862
G1 X102.422 Y101.232 E631.49809
G1 X102.253 Y101.626 E631.50665
G1 X101.986 Y101.986 E631.51559
G1 X101.626 Y102.253 E631.52454
G1 X101.232 Y102.422 E631.53309
G1 X100.761 Y102.48 E631.54256
G1 F2400 E630.74256
G1 F300 Z1.88
G0 F15000 X119.096 Y104.439
;TYPE:SKIN
G1 F300 Z1.68
G1 F2400 E631.54256
G1 F5400 X119.406 Y104.432 E631.54875
G1 X120.152 Y104.333 E631.56377
G1 X120.791 Y104.078 E631.5775
G1 X121.113 Y103.92 E631.58466
G1 X121.754 Y103.421 E631.60087
G1 X121.966 Y103.181 E631.60726
G1 X122.222 Y102.856 E631.61552
G1 X122.501 Y102.381 E631.62651
G1 X122.661 Y101.997 E631.63481
G1 X122.793 Y101.552 E631.64407
G1 X122.859 Y101.046 E631.65426
G1 X122.861 Y100.536 E631.66443
G1 X122.811 Y100.127 E631.67266
G1 X122.666 Y99.587 E631.68382
G1 X122.434 Y99.03 E631.69586
G1 X122.223 Y98.705 E631.70359
G1 X121.883 Y98.265 E631.71469
G1 X121.605 Y98.014 E631.72216
G1 X121.286 Y97.769 E631.73019
G1 X120.797 Y97.486 E631.74146
G1 X120.428 Y97.334 E631.74943
G1 X119.908 Y97.194 E631.76017
G1 X119.504 Y97.137 E631.76831
G1 X118.929 Y97.137 E631.77979
G1 X118.449 Y97.201 E631.78945
G1 X118 Y97.334 E631.7988
G1 X117.648 Y97.478 E631.80639
G1 X117.145 Y97.765 E631.81794
G1 X116.825 Y98.013 E631.82602
G1 X116.544 Y98.266 E631.83357
G1 X116.2 Y98.718 E631.84491
G1 X115.987 Y99.046 E631.85271
G1 X115.723 Y99.678 E631.86638
G1 X115.649 Y99.968 E631.87235
G1 X115.56 Y100.584 E631.88477
G1 X115.553 Y100.908 E631.89124
G1 X115.621 Y101.446 E631.90206
G1 X115.713 Y101.839 E631.91012
G1 X115.97 Y102.476 E631.92382
G1 X116.183 Y102.816 E631.93183
G1 X116.501 Y103.231 E631.94226
G1 X116.769 Y103.499 E631.94983
G1 X117.153 Y103.795 E631.9595
G1 X117.499 Y104.016 E631.9677
G1 X118.164 Y104.288 E631.98203
G1 X118.54 Y104.372 E631.98972
G1 X119.096 Y104.439 E632.0009
G1 F2400 E631.2009
G1 F300 Z1.88
G0 F15000 X98.417 Y122.911
G1 F300 Z1.68
G1 F2400 E632.0009
G1 F6119 X97.665 Y122.323 E632.01771
G1 F6101.7 X97.079 Y121.575 E632.03449
G1 F6206.9 X97.385 Y121.398 E632.04063
G1 F6242.8 X97.689 Y121.8 E632.04933
G1 F6206.9 X98.002 Y122.15 E632.05748
G1 F6189.1 X98.593 Y122.61 E632.07052
G1 F6224.8 X98.417 Y122.911 E632.07656
G1 F2400 E631.27656
G1 F300 Z1.88
G0 F15000 X101.05 Y122.859
G1 F300 Z1.68
G1 F2400 E632.07656
G1 F5400 X101.546 Y122.795 E632.08654
G1 X101.998 Y122.661 E632.09595
G1 X102.358 Y122.509 E632.10374
G1 X102.837 Y122.234 E632.11477
G1 X103.167 Y121.978 E632.1231
G1 X103.447 Y121.727 E632.1306
G1 X103.791 Y121.283 E632.14181
G1 X103.942 Y121.061 E632.14717
G1 X104.068 Y120.809 E632.15279
G1 X104.331 Y120.158 E632.16681
G1 X104.431 Y119.427 E632.18153
G1 X104.44 Y119.114 E632.18778
G1 X104.375 Y118.56 E632.19891
G1 X104.269 Y118.1 E632.20833
G1 X103.992 Y117.464 E632.22217
G1 X103.809 Y117.172 E632.22905
G1 X103.494 Y116.759 E632.23942
G1 X103.249 Y116.517 E632.24629
G1 X102.83 Y116.193 E632.25686
G1 X102.508 Y115.987 E632.26449
G1 X101.868 Y115.722 E632.27831
G1 X101.451 Y115.625 E632.28685
G1 X100.919 Y115.553 E632.29757
G1 X100.59 Y115.56 E632.30413
G1 X99.973 Y115.648 E632.31657
G1 X99.67 Y115.727 E632.32282
G1 X99.05 Y115.987 E632.33624
G1 X98.722 Y116.196 E632.344
G1 X98.27 Y116.54 E632.35533
G1 X97.993 Y116.852 E632.36366
G1 X97.76 Y117.159 E632.37135
G1 X97.487 Y117.638 E632.38235
G1 X97.335 Y117.998 E632.39015
G1 X97.212 Y118.415 E632.39883
G1 X97.138 Y118.923 E632.40907
G1 X97.137 Y119.503 E632.42065
G1 X97.189 Y119.891 E632.42846
G1 X97.326 Y120.405 E632.43908
G1 X97.487 Y120.797 E632.44753
G1 X97.754 Y121.264 E632.45827
G1 X97.993 Y121.578 E632.46614
G1 X98.256 Y121.874 E632.47404
G1 X98.727 Y122.241 E632.48596
G1 X99.007 Y122.421 E632.4926
G1 X99.589 Y122.67 E632.50524
G1 X100.109 Y122.806 E632.51596
G1 X100.506 Y122.859 E632.52395
G1 X101.05 Y122.859 E632.53481
G1 F2400 E631.73481
G1 F300 Z1.88
G0 F15000 X109.999 Y127.814
G1 F300 Z1.68
G1 F2400 E632.53481
G1 F5400 X105.373 Y127.209 E632.62791
G1 X101.089 Y125.433 E632.72046
G1 X97.395 Y122.597 E632.8134
G1 X94.559 Y118.903 E632.90634
G1 X92.783 Y114.619 E632.99888
G1 X92.178 Y110.001 E633.09183
G1 X92.787 Y105.373 E633.18498
G1 X94.559 Y101.089 E633.2775
G1 X97.395 Y97.395 E633.37043
G1 X101.089 Y94.559 E633.46337
G1 X105.373 Y92.791 E633.55586
G1 X109.999 Y92.178 E633.64898
G1 X114.619 Y92.791 E633.74199
G1 X118.903 Y94.559 E633.83447
G1 X122.597 Y97.395 E633.92741
G1 X125.433 Y101.089 E634.02035
G1 X127.205 Y105.373 E634.11286
G1 X127.814 Y109.999 E634.20598
G1 X127.201 Y114.619 E634.29898
G1 X125.433 Y118.903 E634.39147
G1 X122.597 Y122.597 E634.48441
G1 X118.903 Y125.433 E634.57734
G1 X114.619 Y127.209 E634.66989
G1 X109.999 Y127.814 E634.76288
G1 F2400 E633.96288
G1 F300 Z1.88
G0 F15000 X121.563 Y122.916
G1 F300 Z1.68
G1 F2400 E634.76288
G1 F6260.9 X121.388 Y122.617 E634.76884
G1 F6242.8 X121.843 Y122.265 E634.77877
G1 F6206.9 X122.108 Y122.038 E634.78483
G1 F6171.4 X122.622 Y121.375 E634.79948
G1 F6206.9 X122.926 Y121.551 E634.80557
G1 F6136.4 X122.325 Y122.325 E634.82278
G1 F6171.4 X121.563 Y122.916 E634.83962
G1 F2400 E634.03962
G1 F300 Z1.88
G0 F15000 X118.942 Y122.859
G1 F300 Z1.68
G1 F2400 E634.83962
G1 F5400 X119.477 Y122.859 E634.8503
G1 X119.869 Y122.811 E634.85818
G1 X120.408 Y122.67 E634.8693
G1 X120.959 Y122.436 E634.88124
G1 X121.287 Y122.227 E634.88901
G1 X121.607 Y121.979 E634.89708
G1 X121.856 Y121.76 E634.9037
G1 X122.227 Y121.282 E634.91578
G1 X122.501 Y120.818 E634.92653
G1 X122.661 Y120.437 E634.93478
G1 X122.806 Y119.895 E634.94597
G1 X122.859 Y119.477 E634.95438
G1 X122.859 Y118.942 E634.96506
G1 X122.795 Y118.45 E634.97496
G1 X122.668 Y118.014 E634.98402
G1 X122.501 Y117.614 E634.99267
G1 X122.237 Y117.166 E635.00305
G1 X121.992 Y116.839 E635.0112
G1 X121.759 Y116.572 E635.01828
G1 X121.29 Y116.209 E635.03011
G1 X120.95 Y115.987 E635.03821
G1 X120.446 Y115.775 E635.04913
G1 X120.058 Y115.648 E635.05727
G1 X119.426 Y115.565 E635.06999
G1 X119.117 Y115.552 E635.07617
G1 X118.545 Y115.625 E635.08767
G1 X118.133 Y115.722 E635.09612
G1 X117.525 Y115.966 E635.10919
G1 X117.16 Y116.195 E635.11779
G1 X116.746 Y116.514 E635.12822
G1 X116.502 Y116.759 E635.13512
G1 X116.205 Y117.146 E635.14486
G1 X115.967 Y117.522 E635.15374
G1 X115.722 Y118.133 E635.16688
G1 X115.625 Y118.541 E635.17524
G1 X115.553 Y119.077 E635.18604
G1 X115.564 Y119.409 E635.19267
G1 X115.648 Y120.062 E635.2058
G1 X115.771 Y120.438 E635.2137
G1 X115.987 Y120.95 E635.22479
G1 X116.197 Y121.271 E635.23244
G1 X116.545 Y121.726 E635.24388
G1 X116.823 Y121.978 E635.25136
G1 X117.163 Y122.238 E635.2599
G1 X117.619 Y122.502 E635.27042
G1 X118.018 Y122.668 E635.27904
G1 X118.44 Y122.793 E635.28783
G1 X118.942 Y122.859 E635.29793
G1 F2400 E634.49793
G1 F300 Z1.88
G0 F15000 X110 Y116.145
G1 F300 Z1.68
G1 F2400 E635.29793
G1 F5400 X110.153 Y116.148 E635.30098
G1 X111.469 Y115.984 E635.32745
G1 X111.798 Y115.885 E635.33431
G1 X113.116 Y115.325 E635.36288
G1 X114.221 Y114.478 E635.39067
G1 X114.466 Y114.234 E635.39757
G1 X115.349 Y113.074 E635.42666
G1 X115.889 Y111.79 E635.45446
G1 X115.984 Y111.461 E635.46129
G1 X116.156 Y110.123 E635.48821
G1 X116.148 Y109.836 E635.49394
G1 X115.987 Y108.551 E635.51979
G1 X115.901 Y108.244 E635.52615
G1 X115.419 Y107.077 E635.55135
G1 X115.247 Y106.777 E635.55825
G1 X114.478 Y105.775 E635.58345
G1 X114.215 Y105.517 E635.59081
G1 X113.083 Y104.655 E635.6192
G1 X111.791 Y104.107 E635.64721
G1 X111.448 Y104.006 E635.65434
G1 X110.151 Y103.844 E635.68043
G1 X109.729 Y103.852 E635.68885
G1 X108.55 Y104.005 E635.71258
G1 X108.25 Y104.092 E635.71881
G1 X107.071 Y104.579 E635.74427
G1 X106.773 Y104.749 E635.75111
G1 X105.781 Y105.513 E635.7761
G1 X105.518 Y105.775 E635.78351
G1 X104.757 Y106.761 E635.80836
G1 X104.585 Y107.062 E635.81528
G1 X104.092 Y108.246 E635.84088
G1 X104.006 Y108.545 E635.84708
G1 X103.853 Y109.718 E635.87069
G1 X103.844 Y110.159 E635.87949
G1 X104.009 Y111.468 E635.90582
G1 X104.1 Y111.767 E635.91206
G1 X104.675 Y113.124 E635.94147
G1 X105.516 Y114.214 E635.96895
G1 X105.775 Y114.478 E635.97633
G1 X106.769 Y115.242 E636.00134
G1 X107.071 Y115.416 E636.0083
G1 X108.242 Y115.9 E636.03359
G1 X108.541 Y115.986 E636.03979
G1 X109.718 Y116.139 E636.06348
G1 X110 Y116.145 E636.06911
G1 F2400 E635.26911
G1 F300 Z1.88
G0 F15000 X100.874 Y104.44
G1 F300 Z1.68
G1 F2400 E636.06911
G1 F5400 X101.428 Y104.375 E636.08024
G1 X101.904 Y104.265 E636.08999
G1 X102.559 Y103.974 E636.10429
G1 X102.807 Y103.818 E636.11014
G1 X103.229 Y103.5 E636.12069
G1 X103.503 Y103.227 E636.1284
G1 X103.813 Y102.812 E636.13874
G1 X104.015 Y102.494 E636.14626
G1 X104.274 Y101.869 E636.15976
G1 X104.375 Y101.432 E636.16871
G1 X104.44 Y100.875 E636.1799
G1 X104.431 Y100.56 E636.18619
G1 X104.349 Y99.978 E636.19792
G1 X104.278 Y99.698 E636.20368
G1 X103.992 Y99.014 E636.21848
G1 X103.8 Y98.722 E636.22545
G1 X103.451 Y98.269 E636.23687
G1 X103.169 Y98.014 E636.24445
G1 X102.846 Y97.765 E636.25259
G1 X102.372 Y97.49 E636.26353
G1 X101.992 Y97.334 E636.27172
G1 X101.574 Y97.208 E636.28044
G1 X101.067 Y97.137 E636.29065
G1 X100.489 Y97.137 E636.30219
G1 X100.105 Y97.189 E636.30992
G1 X99.588 Y97.326 E636.32059
G1 X99.212 Y97.478 E636.32869
G1 X98.732 Y97.75 E636.3397
G1 X98.401 Y98.006 E636.34805
G1 X98.127 Y98.245 E636.3553
G1 X97.76 Y98.723 E636.36733
G1 X97.57 Y99.027 E636.37448
G1 X97.33 Y99.583 E636.38657
G1 X97.189 Y100.112 E636.3975
G1 X97.137 Y100.488 E636.40507
G1 X97.136 Y101.036 E636.41601
G1 X97.205 Y101.56 E636.42655
G1 X97.335 Y101.998 E636.43567
G1 X97.487 Y102.358 E636.44347
G1 X97.754 Y102.828 E636.45426
G1 X98.006 Y103.155 E636.4625
G1 X98.223 Y103.41 E636.46918
G1 X98.72 Y103.795 E636.48172
G1 X99.012 Y103.991 E636.48874
G1 X99.674 Y104.273 E636.5031
G1 X99.968 Y104.347 E636.50915
G1 X100.564 Y104.431 E636.52116
G1 X100.874 Y104.44 E636.52735
G1 F2400 E635.72735
G1 F300 Z1.88
G0 F15000 X97.258 Y97.904
G1 F300 Z1.68
G1 F2400 E636.52735
G1 F5400 X97.905 Y97.257 E636.54561
G0 F15000 X98.824 Y97.469
G1 F5400 X101.818 Y94.474 E636.63012
G0 F15000 X102.782 Y94.077
G1 F5400 X99.794 Y97.065 E636.71445
G0 F15000 X100.485 Y96.939
G1 F5400 X103.745 Y93.679 E636.80645
G0 F15000 X104.708 Y93.282
G1 F5400 X101.051 Y96.939 E636.90966
G0 F15000 X101.551 Y97.004
G1 F5400 X105.592 Y92.963 E637.02371
G0 F15000 X106.244 Y92.877
G1 F5400 X101.994 Y97.127 E637.14365
G0 F15000 X102.4 Y97.287
G1 F5400 X106.896 Y92.791 E637.27054
G0 F15000 X107.548 Y92.705
G1 F5400 X102.765 Y97.488 E637.40553
G0 F15000 X103.106 Y97.712
G1 F5400 X108.2 Y92.618 E637.54929
G0 F15000 X108.852 Y92.532
G1 F5400 X103.414 Y97.97 E637.70276
G0 F15000 X103.694 Y98.256
G1 F5400 X109.505 Y92.445 E637.86676
G0 F15000 X110.12 Y92.396
G1 F5400 X103.94 Y98.576 E638.04117
G0 F15000 X104.162 Y98.919
G1 F5400 X110.619 Y92.462 E638.2234
G0 F15000 X111.119 Y92.528
G1 F5400 X104.336 Y99.31 E638.41482
G0 F15000 X104.489 Y99.723
G1 F5400 X111.618 Y92.594 E638.61602
G0 F15000 X112.117 Y92.661
G1 F5400 X104.582 Y100.196 E638.82867
G0 F15000 X104.634 Y100.71
G1 F5400 X112.617 Y92.727 E639.05397
G0 F15000 X113.117 Y92.793
G1 F5400 X104.591 Y101.319 E639.29459
G0 F15000 X104.409 Y102.066
G1 F5400 X113.616 Y92.859 E639.55443
G0 F15000 X114.115 Y92.926
G1 F5400 X92.919 Y114.121 E640.15261
G0 F15000 X92.996 Y114.611
G1 F5400 X114.605 Y93.002 E640.76247
G0 F15000 X115.006 Y93.166
G1 F5400 X93.162 Y115.01 E641.37895
G0 F15000 X93.327 Y115.41
G1 F5400 X115.406 Y93.332 E642.00206
G0 F15000 X115.806 Y93.497
G1 F5400 X93.494 Y115.81 E642.63176
G0 F15000 X93.66 Y116.209
G1 F5400 X116.207 Y93.663 E643.26807
G0 F15000 X116.608 Y93.827
G1 F5400 X93.825 Y116.61 E643.91106
G0 F15000 X93.991 Y117.009
G1 F5400 X117.008 Y93.993 E644.56063
G0 F15000 X117.408 Y94.158
G1 F5400 X107.297 Y104.269 E644.84599
G0 F15000 X108.248 Y103.884
G1 F5400 X117.809 Y94.323 E645.11582
G0 F15000 X118.209 Y94.489
G1 F5400 X108.945 Y103.753 E645.37727
G0 F15000 X109.596 Y103.668
G1 F5400 X118.609 Y94.654 E645.63165
G0 F15000 X118.969 Y94.86
G1 F5400 X110.182 Y103.647 E645.87964
G0 F15000 X110.685 Y103.71
G1 F5400 X119.288 Y95.107 E646.12243
G0 F15000 X119.609 Y95.352
G1 F5400 X117.733 Y97.227 E646.17536
G0 F15000 X118.534 Y96.992
G1 F5400 X119.928 Y95.598 E646.21471
G0 F15000 X120.248 Y95.843
G1 F5400 X119.153 Y96.939 E646.24562
G0 F15000 X119.696 Y96.961
G1 F5400 X120.568 Y96.089 E646.27023
G0 F15000 X120.888 Y96.335
G1 F5400 X120.164 Y97.06 E646.29068
G0 F15000 X120.6 Y97.189
G1 F5400 X121.208 Y96.581 E646.30784
G0 F15000 X121.528 Y96.826
G1 F5400 X120.986 Y97.369 E646.32315
G0 F15000 X121.346 Y97.574
G1 F5400 X121.848 Y97.072 E646.33732
G0 F15000 X122.168 Y97.318
G1 F5400 X121.672 Y97.814 E646.35132
G0 F15000 X121.972 Y98.08
G1 F5400 X122.479 Y97.572 E646.36564
G0 F15000 X122.725 Y97.892
G1 F5400 X122.23 Y98.388 E646.37962
G0 F15000 X122.468 Y98.715
G1 F5400 X122.971 Y98.212 E646.39382
G0 F15000 X123.217 Y98.532
G1 F5400 X122.67 Y99.078 E646.40924
G0 F15000 X122.836 Y99.478
G1 F5400 X123.462 Y98.852 E646.42691
G0 F15000 X123.708 Y99.172
G1 F5400 X122.962 Y99.918 E646.44796
G0 F15000 X123.046 Y100.4
G1 F5400 X123.954 Y99.492 E646.47359
G0 F15000 X124.2 Y99.812
G1 F5400 X123.059 Y100.952 E646.50578
G0 F15000 X122.991 Y101.586
G1 F5400 X124.445 Y100.132 E646.54681
G0 F15000 X124.691 Y100.452
G1 F5400 X122.683 Y102.46 E646.60348
G1 F2400 E645.80348
G1 F300 Z1.88
G0 F15000 X120.893 Y104.249
G1 F300 Z1.68
G1 F2400 E646.60348
G1 F5400 X116.232 Y108.911 E646.73504
G0 F15000 X116.159 Y108.418
G1 F5400 X120.029 Y104.549 E646.84424
G0 F15000 X119.379 Y104.633
G1 F5400 X116.014 Y107.997 E646.9392
G0 F15000 X115.849 Y107.597
G1 F5400 X118.836 Y104.609 E647.02351
G0 F15000 X118.349 Y104.531
G1 F5400 X115.683 Y107.197 E647.09875
G0 F15000 X115.5 Y106.814
G1 F5400 X117.911 Y104.403 E647.1668
G0 F15000 X117.512 Y104.237
G1 F5400 X115.27 Y106.478 E647.23006
G0 F15000 X115.025 Y106.158
G1 F5400 X117.153 Y104.03 E647.29011
G0 F15000 X116.825 Y103.793
G1 F5400 X114.779 Y105.838 E647.34784
G0 F15000 X114.515 Y105.536
G1 F5400 X116.52 Y103.532 E647.40441
G0 F15000 X116.253 Y103.233
G1 F5400 X114.218 Y105.268 E647.46184
G0 F15000 X113.898 Y105.022
G1 F5400 X116.007 Y102.913 E647.52136
G0 F15000 X115.792 Y102.563
G1 F5400 X113.578 Y104.776 E647.58383
G0 F15000 X113.258 Y104.531
G1 F5400 X115.628 Y102.161 E647.65072
G0 F15000 X115.483 Y101.74
G1 F5400 X112.873 Y104.35 E647.72438
G0 F15000 X112.476 Y104.182
G1 F5400 X115.396 Y101.261 E647.8068
G0 F15000 X115.357 Y100.735
G1 F5400 X112.079 Y104.013 E647.89932
G0 F15000 X111.663 Y103.863
G1 F5400 X115.429 Y100.097 E648.0056
G0 F15000 X115.668 Y99.293
G1 F5400 X111.188 Y103.772 E648.13202
G1 F2400 E647.33202
G1 F300 Z1.88
G0 F15000 X116.296 Y109.413
G1 F300 Z1.68
G1 F2400 E648.13202
G1 F5400 X124.937 Y100.772 E648.37589
G0 F15000 X125.183 Y101.092
G1 F5400 X116.351 Y109.923 E648.62513
G0 F15000 X116.304 Y110.536
G1 F5400 X125.373 Y101.467 E648.88108
G0 F15000 X125.538 Y101.867
G1 F5400 X116.22 Y111.185 E649.14405
G0 F15000 X116.048 Y111.924
G1 F5400 X125.704 Y102.267 E649.41658
G0 F15000 X125.869 Y102.668
G1 F5400 X115.64 Y112.897 E649.70527
G1 F2400 E648.90527
G1 F300 Z1.88
G0 F15000 X116.984 Y116.078
G1 F300 Z1.68
G1 F2400 E649.70527
G1 F5400 X127.083 Y105.98 E649.99027
G0 F15000 X127.148 Y106.48
G1 F5400 X118.102 Y115.526 E650.24557
G0 F15000 X118.805 Y115.389
G1 F5400 X127.214 Y106.98 E650.48289
G0 F15000 X127.28 Y107.48
G1 F5400 X119.396 Y115.363 E650.70537
G0 F15000 X119.899 Y115.426
G1 F5400 X127.346 Y107.979 E650.91554
G0 F15000 X127.411 Y108.479
G1 F5400 X120.355 Y115.536 E651.11469
G0 F15000 X120.764 Y115.693
G1 F5400 X127.477 Y108.979 E651.30416
G0 F15000 X127.543 Y109.479
G1 F5400 X121.144 Y115.878 E651.48476
G0 F15000 X121.482 Y116.106
G1 F5400 X127.609 Y109.979 E651.65767
G0 F15000 X127.528 Y110.625
G1 F5400 X121.803 Y116.35 E651.81925
G0 F15000 X122.083 Y116.637
G1 F5400 X127.442 Y111.277 E651.9705
G0 F15000 X127.356 Y111.929
G1 F5400 X122.329 Y116.956 E652.11238
G0 F15000 X122.548 Y117.303
G1 F5400 X127.269 Y112.581 E652.24563
G0 F15000 X127.182 Y113.234
G1 F5400 X122.744 Y117.672 E652.37088
G0 F15000 X122.897 Y118.085
G1 F5400 X127.096 Y113.886 E652.48938
G0 F15000 X127.01 Y114.538
G1 F5400 X123.008 Y118.539 E652.60231
G0 F15000 X123.058 Y119.056
G1 F5400 X126.626 Y115.488 E652.70301
G0 F15000 X126.228 Y116.451
G1 F5400 X123.042 Y119.638 E652.79294
G0 F15000 X122.887 Y120.358
G1 F5400 X125.83 Y117.414 E652.87601
G0 F15000 X125.432 Y118.378
G1 F5400 X122.631 Y121.179 E652.95506
G0 F15000 X122.988 Y121.388
G1 F5400 X124.208 Y120.168 E652.98949
G1 F2400 E652.18949
G1 F300 Z1.88
G0 F15000 X121.19 Y122.621
G1 F300 Z1.68
G1 F2400 E652.98949
G1 F5400 X118.375 Y125.436 E653.06894
G0 F15000 X117.409 Y125.836
G1 F5400 X120.355 Y122.89 E653.15208
G0 F15000 X119.641 Y123.038
G1 F5400 X116.443 Y126.236 E653.24234
G0 F15000 X115.477 Y126.636
G1 F5400 X119.056 Y123.058 E653.34333
G0 F15000 X118.54 Y123.008
G1 F5400 X114.529 Y127.018 E653.45651
G0 F15000 X113.879 Y127.103
G1 F5400 X118.086 Y122.896 E653.57524
G0 F15000 X117.676 Y122.74
G1 F5400 X113.228 Y127.189 E653.70079
G0 F15000 X112.576 Y127.274
G1 F5400 X117.302 Y122.549 E653.83415
G0 F15000 X116.955 Y122.329
G1 F5400 X111.926 Y127.359 E653.9761
G0 F15000 X111.275 Y127.445
G1 F5400 X116.64 Y122.079 E654.12752
G0 F15000 X116.351 Y121.803
G1 F5400 X110.623 Y127.53 E654.28917
G0 F15000 X109.978 Y127.609
G1 F5400 X116.106 Y121.482 E654.4621
G0 F15000 X115.878 Y121.144
G1 F5400 X109.479 Y127.544 E654.6427
G0 F15000 X108.978 Y127.479
G1 F5400 X115.692 Y120.765 E654.83219
G0 F15000 X115.534 Y120.357
G1 F5400 X108.478 Y127.413 E655.03132
G0 F15000 X107.978 Y127.347
G1 F5400 X115.425 Y119.9 E655.24149
G0 F15000 X115.363 Y119.396
G1 F5400 X107.477 Y127.282 E655.46405
G0 F15000 X106.977 Y127.216
G1 F5400 X115.388 Y118.806 E655.70142
G0 F15000 X115.525 Y118.103
G1 F5400 X106.477 Y127.151 E655.95677
G0 F15000 X105.977 Y127.085
G1 F5400 X116.069 Y116.994 E656.24157
G1 F2400 E655.44157
G1 F300 Z1.88
G0 F15000 X112.897 Y115.64
G1 F300 Z1.68
G1 F2400 E656.24157
G1 F5400 X102.666 Y125.871 E656.53032
G0 F15000 X102.267 Y125.704
G1 F5400 X111.927 Y116.045 E656.80293
G0 F15000 X111.185 Y116.22
G1 F5400 X101.867 Y125.539 E657.06592
G0 F15000 X101.466 Y125.374
G1 F5400 X110.538 Y116.301 E657.32196
G0 F15000 X109.931 Y116.343
G1 F5400 X101.092 Y125.183 E657.57143
G0 F15000 X100.771 Y124.937
G1 F5400 X109.409 Y116.299 E657.81521
G0 F15000 X108.908 Y116.235
G1 F5400 X104.25 Y120.893 E657.94667
G0 F15000 X104.551 Y120.026
G1 F5400 X108.419 Y116.158 E658.05584
G0 F15000 X107.997 Y116.014
G1 F5400 X104.631 Y119.38 E658.15083
G0 F15000 X104.61 Y118.836
G1 F5400 X107.597 Y115.849 E658.23513
G0 F15000 X107.197 Y115.683
G1 F5400 X104.531 Y118.349 E658.31037
G0 F15000 X104.404 Y117.91
G1 F5400 X106.816 Y115.498 E658.37844
G0 F15000 X106.478 Y115.27
G1 F5400 X104.233 Y117.515 E658.4418
G0 F15000 X104.032 Y117.151
G1 F5400 X106.159 Y115.024 E658.50183
G0 F15000 X105.839 Y114.778
G1 F5400 X103.795 Y116.823 E658.55953
G0 F15000 X103.534 Y116.518
G1 F5400 X105.534 Y114.517 E658.61599
G0 F15000 X105.267 Y114.219
G1 F5400 X103.232 Y116.254 E658.67342
G0 F15000 X102.912 Y116.008
G1 F5400 X105.021 Y113.899 E658.73294
G0 F15000 X104.774 Y113.58
G1 F5400 X102.562 Y115.792 E658.79537
G0 F15000 X102.16 Y115.629
G1 F5400 X104.528 Y113.261 E658.8622
G0 F15000 X104.348 Y112.875
G1 F5400 X101.739 Y115.485 E658.93585
G0 F15000 X101.259 Y115.398
G1 F5400 X104.182 Y112.476 E659.01832
G0 F15000 X104.015 Y112.077
G1 F5400 X100.735 Y115.357 E659.11089
G0 F15000 X100.097 Y115.429
G1 F5400 X103.861 Y111.665 E659.21712
G0 F15000 X103.771 Y111.19
G1 F5400 X99.288 Y115.672 E659.34363
G1 F2400 E658.54363
G1 F300 Z1.88
G0 F15000 X97.234 Y117.727
G1 F300 Z1.68
G1 F2400 E659.34363
G1 F5400 X95.353 Y119.607 E659.3967
G0 F15000 X95.599 Y119.927
G1 F5400 X96.99 Y118.536 E659.43596
G0 F15000 X96.939 Y119.152
G1 F5400 X95.844 Y120.248 E659.46687
G0 F15000 X96.09 Y120.567
G1 F5400 X96.961 Y119.697 E659.49144
G0 F15000 X97.056 Y120.167
G1 F5400 X96.336 Y120.888 E659.51178
G0 F15000 X96.581 Y121.208
G1 F5400 X97.19 Y120.598 E659.52898
G0 F15000 X97.357 Y120.997
G1 F5400 X96.845 Y121.509 E659.54343
G1 F2400 E658.74343
G1 F300 Z1.88
G0 F15000 X98.531 Y123.218
G1 F300 Z1.68
G1 F2400 E659.54343
G1 F5400 X99.08 Y122.669 E659.55892
G0 F15000 X99.477 Y122.837
G1 F5400 X98.851 Y123.464 E659.5766
G0 F15000 X99.171 Y123.709
G1 F5400 X99.919 Y122.961 E659.59771
G0 F15000 X100.399 Y123.046
G1 F5400 X99.491 Y123.954 E659.62334
G0 F15000 X99.811 Y124.2
G1 F5400 X100.954 Y123.057 E659.6556
G0 F15000 X101.59 Y122.987
G1 F5400 X100.131 Y124.446 E659.69677
G0 F15000 X100.452 Y124.691
G1 F5400 X102.465 Y122.678 E659.75358
G1 F2400 E658.95358
G1 F300 Z1.88
G0 F15000 X103.066 Y126.036
G1 F300 Z1.68
G1 F2400 E659.75358
G1 F5400 X126.035 Y103.068 E660.4018
G0 F15000 X126.2 Y103.468
G1 F5400 X103.466 Y126.202 E661.04341
G0 F15000 X103.866 Y126.368
G1 F5400 X126.366 Y103.868 E661.6784
G0 F15000 X126.531 Y104.269
G1 F5400 X104.266 Y126.533 E662.30676
G0 F15000 X104.666 Y126.699
G1 F5400 X126.697 Y104.669 E662.92851
G0 F15000 X126.862 Y105.069
G1 F5400 X105.066 Y126.865 E663.54364
G0 F15000 X105.477 Y127.02
G1 F5400 X127.017 Y105.48 E664.15154
G1 F2400 E663.35154
G1 F300 Z1.88
G0 F15000 X121.398 Y122.979
G1 F300 Z1.68
G1 F2400 E664.15154
G1 F5400 X120.165 Y124.211 E664.18632
G1 F2400 E663.38632
G1 F300 Z1.88
G0 F15000 X103.708 Y110.687
G1 F300 Z1.68
G1 F2400 E664.18632
G1 F5400 X95.107 Y119.287 E664.42905
G0 F15000 X94.862 Y118.967
G1 F5400 X103.645 Y110.184 E664.67692
G0 F15000 X103.668 Y109.595
G1 F5400 X94.655 Y118.609 E664.9313
G0 F15000 X94.489 Y118.209
G1 F5400 X103.753 Y108.945 E665.19275
G0 F15000 X103.882 Y108.25
G1 F5400 X94.323 Y117.809 E665.46253
G0 F15000 X94.157 Y117.409
G1 F5400 X104.271 Y107.296 E665.74796
G1 F2400 E664.94796
G1 F300 Z1.88
G0 F15000 X102.063 Y104.412
G1 F300 Z1.68
G1 F2400 E665.74796
G1 F5400 X92.854 Y113.621 E666.00785
G0 F15000 X92.789 Y113.121
G1 F5400 X101.32 Y104.59 E666.24862
G0 F15000 X100.711 Y104.633
G1 F5400 X92.723 Y112.621 E666.47406
G0 F15000 X92.658 Y112.12
G1 F5400 X100.197 Y104.581 E666.68682
G0 F15000 X99.72 Y104.492
G1 F5400 X92.592 Y111.62 E666.88799
G0 F15000 X92.527 Y111.12
G1 F5400 X99.312 Y104.334 E667.07949
G0 F15000 X98.915 Y104.166
G1 F5400 X92.461 Y110.62 E667.26164
G0 F15000 X92.396 Y110.12
G1 F5400 X98.578 Y103.937 E667.43612
G0 F15000 X98.257 Y103.692
G1 F5400 X92.446 Y109.504 E667.60013
G0 F15000 X92.531 Y108.853
G1 F5400 X97.966 Y103.418 E667.75352
G0 F15000 X97.714 Y103.104
G1 F5400 X92.617 Y108.201 E667.89737
G0 F15000 X92.702 Y107.55
G1 F5400 X97.488 Y102.765 E668.03243
G0 F15000 X97.287 Y102.4
G1 F5400 X92.788 Y106.899 E668.1594
G0 F15000 X92.874 Y106.247
G1 F5400 X97.124 Y101.997 E668.27934
G0 F15000 X97.002 Y101.553
G1 F5400 X92.96 Y105.596 E668.39343
G0 F15000 X93.277 Y104.713
G1 F5400 X96.937 Y101.053 E668.49672
G0 F15000 X96.939 Y100.486
G1 F5400 X93.675 Y103.749 E668.58883
G0 F15000 X94.075 Y102.784
G1 F5400 X97.068 Y99.79 E668.67331
G0 F15000 X97.455 Y98.838
G1 F5400 X94.474 Y101.819 E668.75744
G1 F2400 E667.95744
G1 F300 Z1.88
G0 F15000 X95.385 Y100.342
G1 F300 Z1.68
G1 F2400 E668.75744
G1 F5400 X100.343 Y95.384 E668.89737
G1 F2400 E668.09737
G1 F300 Z1.88
;MESH:NONMESH
G0 F15000 X100.87 Y104.083
;TIME_ELAPSED:1169.178562
;LAYER:14
;MESH:vertMount_Cover_RPi_r01.stl
G0 Z2
;TYPE:WALL-INNER
G1 F300 Z1.8
G1 F2400 E668.89737
G1 F5400 X100.611 Y104.073 E668.90254
G1 X99.949 Y103.986 E668.91586
G1 X99.338 Y103.741 E668.929
G1 X99.061 Y103.604 E668.93517
G1 X98.605 Y103.254 E668.94664
G1 X98.387 Y103.061 E668.95245
G1 X98.055 Y102.627 E668.96335
G1 X97.822 Y102.226 E668.97261
G1 X97.671 Y101.862 E668.98047
G1 X97.561 Y101.49 E668.98821
G1 X97.496 Y101.02 E668.99768
G1 X97.496 Y100.538 E669.0073
G1 X97.548 Y100.154 E669.01503
G1 X97.671 Y99.702 E669.02438
G1 X97.888 Y99.199 E669.03531
G1 X98.048 Y98.946 E669.04129
G1 X98.291 Y98.624 E669.04934
G1 X98.5 Y98.387 E669.05564
G1 X98.934 Y98.053 E669.06657
G1 X99.347 Y97.815 E669.07609
G1 X99.707 Y97.667 E669.08385
G1 X100.152 Y97.547 E669.09305
G1 X100.54 Y97.495 E669.10086
G1 X101.02 Y97.496 E669.11044
G1 X101.489 Y97.56 E669.11989
G1 X101.853 Y97.667 E669.12746
G1 X102.213 Y97.815 E669.13523
G1 X102.626 Y98.053 E669.14474
G1 X103.06 Y98.387 E669.15567
G1 X103.267 Y98.622 E669.16192
G1 X103.61 Y99.068 E669.17315
G1 X103.741 Y99.338 E669.17913
G1 X103.986 Y99.949 E669.19227
G1 X104.073 Y100.611 E669.2056
G1 X104.083 Y100.87 E669.21077
G1 X104.019 Y101.39 E669.22122
G1 X103.938 Y101.744 E669.22847
G1 X103.692 Y102.335 E669.24125
G1 X103.521 Y102.606 E669.24764
G1 X103.223 Y103.002 E669.25753
G1 X103.002 Y103.223 E669.26377
G1 X102.606 Y103.521 E669.27366
G1 X102.375 Y103.667 E669.27911
G1 X101.783 Y103.929 E669.29203
G1 X101.39 Y104.019 E669.30008
G1 X100.87 Y104.083 E669.31053
G0 F15000 X100.777 Y103.691
G1 F5400 X100.103 Y103.607 E669.32409
G1 X99.856 Y103.524 E669.32929
G1 X99.323 Y103.302 E669.34081
G1 X98.72 Y102.838 E669.35599
G1 X98.372 Y102.384 E669.36741
G1 X98.191 Y102.072 E669.37461
G1 X98.04 Y101.708 E669.38247
G1 X97.954 Y101.418 E669.38851
G1 X97.892 Y100.966 E669.39761
G1 X97.892 Y100.591 E669.4051
G1 X97.944 Y100.207 E669.41283
G1 X98.04 Y99.856 E669.42009
G1 X98.273 Y99.311 E669.43192
G1 X98.715 Y98.727 E669.44653
G1 X99.178 Y98.37 E669.4582
G1 X99.499 Y98.185 E669.4656
G1 X99.859 Y98.037 E669.47336
G1 X100.205 Y97.944 E669.48051
G1 X100.593 Y97.892 E669.48833
G1 X100.966 Y97.892 E669.49577
G1 X101.418 Y97.954 E669.50487
G1 X101.701 Y98.037 E669.51076
G1 X102.061 Y98.185 E669.51853
G1 X102.382 Y98.37 E669.52592
G1 X102.839 Y98.722 E669.53743
G1 X103.306 Y99.329 E669.55272
G1 X103.596 Y100.046 E669.56815
G1 X103.674 Y100.649 E669.58028
G1 X103.67 Y100.952 E669.58633
G1 X103.622 Y101.34 E669.59413
G1 X103.559 Y101.616 E669.59978
G1 X103.287 Y102.25 E669.61355
G1 X102.844 Y102.843 E669.62832
G1 X102.254 Y103.286 E669.64304
G1 X101.616 Y103.559 E669.65689
G1 X101.34 Y103.622 E669.66254
G1 X100.777 Y103.691 E669.67386
G0 F15000 X100.749 Y103.284
G1 F5400 X100.146 Y103.207 E669.68599
G1 X99.528 Y102.955 E669.69931
G1 X99.005 Y102.552 E669.71249
G1 X98.69 Y102.141 E669.72282
G1 X98.561 Y101.918 E669.72796
G1 X98.361 Y101.438 E669.73834
G1 X98.288 Y100.913 E669.74892
G1 X98.289 Y100.645 E669.75427
G1 X98.341 Y100.261 E669.762
G1 X98.409 Y100.01 E669.76719
G1 X98.62 Y99.516 E669.77791
G1 X98.984 Y99.034 E669.78996
G1 X99.422 Y98.687 E669.80111
G1 X99.651 Y98.555 E669.80639
G1 X100.011 Y98.407 E669.81416
G1 X100.259 Y98.34 E669.81928
G1 X100.646 Y98.288 E669.82708
G1 X100.913 Y98.288 E669.8324
G1 X101.431 Y98.358 E669.84283
G1 X101.909 Y98.555 E669.85315
G1 X102.138 Y98.687 E669.85843
G1 X102.554 Y99.007 E669.8689
G1 X102.956 Y99.53 E669.88206
G1 X103.207 Y100.146 E669.89534
G1 X103.288 Y100.781 E669.90811
G1 X103.209 Y101.421 E669.92098
G1 X102.939 Y102.049 E669.93462
G1 X102.558 Y102.558 E669.94731
G1 X102.049 Y102.939 E669.96
G1 X101.415 Y103.212 E669.97378
G1 X100.749 Y103.284 E669.98714
G0 F15000 X100.781 Y102.885
G1 F5400 X100.249 Y102.819 E669.99784
G1 X99.733 Y102.601 E670.00902
G1 X99.294 Y102.264 E670.02006
G1 X98.961 Y101.838 E670.03086
G1 X98.748 Y101.328 E670.04188
G1 X98.674 Y100.779 E670.05294
G1 X98.748 Y100.235 E670.0639
G1 X98.967 Y99.72 E670.07506
G1 X99.295 Y99.295 E670.08578
G1 X99.727 Y98.956 E670.09674
G1 X100.235 Y98.747 E670.1077
G1 X100.781 Y98.674 E670.11869
G1 X101.326 Y98.748 E670.12967
G1 X101.833 Y98.956 E670.1406
G1 X102.264 Y99.295 E670.15155
G1 X102.601 Y99.733 E670.16257
G1 X102.819 Y100.249 E670.17375
G1 X102.885 Y100.781 E670.18445
G1 X102.818 Y101.319 E670.19527
G1 X102.595 Y101.842 E670.20662
G1 X102.269 Y102.269 E670.21734
G1 X101.842 Y102.595 E670.22806
G1 X101.319 Y102.818 E670.2394
G1 X100.781 Y102.885 E670.25022
G1 F2400 E669.45022
G1 F300 Z2
G0 F15000 X110 Y115.788
G1 F300 Z1.8
G1 F2400 E670.25022
G1 F5400 X109.772 Y115.782 E670.25477
G1 X108.608 Y115.634 E670.27819
G1 X108.355 Y115.558 E670.28346
G1 X107.071 Y115.021 E670.31124
G1 X106.014 Y114.207 E670.33786
G1 X105.793 Y113.986 E670.3441
G1 X104.978 Y112.925 E670.3708
G1 X104.443 Y111.656 E670.39828
G1 X104.362 Y111.387 E670.40389
G1 X104.204 Y110.128 E670.42921
G1 X104.214 Y109.772 E670.43631
G1 X104.362 Y108.611 E670.45967
G1 X104.437 Y108.357 E670.46496
G1 X104.969 Y107.095 E670.49229
G1 X105.793 Y106.014 E670.51941
G1 X106.014 Y105.793 E670.52565
G1 X107.095 Y104.969 E670.55277
G1 X108.357 Y104.437 E670.58011
G1 X108.613 Y104.361 E670.58543
G1 X109.873 Y104.204 E670.61077
G1 X110.229 Y104.214 E670.61788
G1 X111.389 Y104.362 E670.64122
G1 X111.656 Y104.443 E670.64679
G1 X112.808 Y104.929 E670.67174
G1 X113.09 Y105.105 E670.67837
G1 X113.986 Y105.793 E670.70091
G1 X114.207 Y106.014 E670.70715
G1 X115.021 Y107.071 E670.73378
G1 X115.558 Y108.355 E670.76155
G1 X115.634 Y108.61 E670.76686
G1 X115.792 Y109.873 E670.79226
G1 X115.782 Y110.229 E670.79937
G1 X115.633 Y111.392 E670.82277
G1 X115.552 Y111.658 E670.82832
G1 X115.026 Y112.919 E670.85558
G1 X114.207 Y113.986 E670.88242
G1 X113.986 Y114.207 E670.88866
G1 X112.919 Y115.026 E670.9155
G1 X111.658 Y115.552 E670.94277
G1 X111.39 Y115.634 E670.94836
G1 X110.128 Y115.792 E670.97374
G1 X110 Y115.788 E670.9763
G0 F15000 X109.998 Y115.406
G1 F5400 X108.581 Y115.22 E671.00482
G1 X107.298 Y114.684 E671.03257
G1 X106.271 Y113.901 E671.05834
G1 X106.099 Y113.729 E671.06319
G1 X105.313 Y112.693 E671.08915
G1 X104.766 Y111.394 E671.11727
G1 X104.59 Y109.998 E671.14535
G1 X104.776 Y108.579 E671.17391
G1 X105.32 Y107.292 E671.2018
G1 X106.099 Y106.271 E671.22742
G1 X106.271 Y106.099 E671.23228
G1 X107.309 Y105.306 E671.25835
G1 X108.58 Y104.776 E671.28583
G1 X109.998 Y104.59 E671.31437
G1 X111.394 Y104.766 E671.34245
G1 X112.628 Y105.286 E671.36917
G1 X112.847 Y105.423 E671.37432
G1 X113.729 Y106.099 E671.3965
G1 X113.901 Y106.271 E671.40136
G1 X114.684 Y107.298 E671.42713
G1 X115.22 Y108.581 E671.45488
G1 X115.406 Y109.998 E671.4834
G1 X115.23 Y111.391 E671.51142
G1 X114.687 Y112.692 E671.53955
G1 X113.901 Y113.729 E671.56552
G1 X113.729 Y113.901 E671.57037
G1 X112.677 Y114.698 E671.59671
G1 X111.389 Y115.231 E671.62453
G1 X109.998 Y115.406 E671.6525
G0 F15000 X110 Y115.004
G1 F5400 X109.99 Y115.005 E671.6527
G1 X108.689 Y114.832 E671.6789
G1 X107.497 Y114.336 E671.70466
G1 X106.455 Y113.538 E671.73085
G1 X105.663 Y112.495 E671.75699
G1 X105.165 Y111.312 E671.7826
G1 X104.991 Y109.991 E671.80919
G1 X105.163 Y108.69 E671.83538
G1 X105.667 Y107.494 E671.86128
G1 X106.459 Y106.459 E671.88729
G1 X107.506 Y105.658 E671.9136
G1 X108.691 Y105.163 E671.93922
G1 X110 Y104.993 E671.96557
G1 X111.312 Y105.165 E671.99197
G1 X112.496 Y105.663 E672.01761
G1 X113.541 Y106.458 E672.04381
G1 X114.336 Y107.497 E672.06992
G1 X114.833 Y108.69 E672.09571
G1 X115.003 Y110 E672.12207
G1 X114.832 Y111.308 E672.14839
G1 X114.339 Y112.493 E672.17401
G1 X113.539 Y113.545 E672.20038
G1 X112.493 Y114.339 E672.22659
G1 X111.308 Y114.832 E672.2522
G1 X110 Y115.004 E672.27853
G0 F15000 X110 Y114.598
G1 F5400 X108.8 Y114.445 E672.30267
G1 X107.699 Y113.988 E672.32646
G1 X106.744 Y113.256 E672.35047
G1 X106.009 Y112.292 E672.37466
G1 X105.55 Y111.195 E672.39839
G1 X105.396 Y110.017 E672.4221
G1 X105.551 Y108.8 E672.44658
G1 X106.013 Y107.697 E672.47045
G1 X106.747 Y106.747 E672.49441
G1 X107.697 Y106.013 E672.51836
G1 X108.812 Y105.546 E672.54249
G1 X110.001 Y105.394 E672.56641
G1 X111.196 Y105.55 E672.59046
G1 X112.306 Y106.016 E672.61448
G1 X113.252 Y106.747 E672.63834
G1 X113.988 Y107.699 E672.66235
G1 X114.45 Y108.812 E672.6864
G1 X114.602 Y110.001 E672.71032
G1 X114.446 Y111.196 E672.73437
G1 X113.985 Y112.305 E672.75834
G1 X113.253 Y113.253 E672.78224
G1 X112.289 Y113.993 E672.8065
G1 X111.196 Y114.446 E672.83011
G1 X110.017 Y114.6 E672.85383
G1 X110 Y114.598 E672.85418
G1 F2400 E672.05418
G1 F300 Z2
G0 F15000 X118.992 Y122.502
G1 F300 Z1.8
G1 F2400 E672.85418
G1 F5400 X118.508 Y122.44 E672.86391
G1 X118.138 Y122.329 E672.87162
G1 X117.774 Y122.178 E672.87949
G1 X117.37 Y121.943 E672.88881
G1 X116.939 Y121.611 E672.89967
G1 X116.742 Y121.391 E672.90556
G1 X116.393 Y120.935 E672.91702
G1 X116.258 Y120.662 E672.9231
G1 X116.106 Y120.298 E672.93097
G1 X116.001 Y119.984 E672.93758
G1 X115.923 Y119.384 E672.94965
G1 X115.913 Y119.115 E672.95503
G1 X115.984 Y118.59 E672.9656
G1 X116.059 Y118.264 E672.97227
G1 X116.302 Y117.664 E672.98519
G1 X116.491 Y117.369 E672.99218
G1 X116.777 Y116.998 E673.00153
G1 X116.998 Y116.777 E673.00777
G1 X117.369 Y116.491 E673.01712
G1 X117.664 Y116.302 E673.02411
G1 X118.264 Y116.059 E673.03703
G1 X118.59 Y115.984 E673.0437
G1 X119.115 Y115.913 E673.05428
G1 X119.384 Y115.923 E673.05965
G1 X119.844 Y115.983 E673.06891
G1 X120.135 Y116.047 E673.07485
G1 X120.662 Y116.258 E673.08618
G1 X120.935 Y116.393 E673.09226
G1 X121.39 Y116.741 E673.10369
G1 X121.608 Y116.934 E673.1095
G1 X121.943 Y117.37 E673.12047
G1 X122.178 Y117.774 E673.1298
G1 X122.33 Y118.138 E673.13767
G1 X122.439 Y118.509 E673.14539
G1 X122.502 Y118.992 E673.15511
G1 X122.502 Y119.438 E673.16401
G1 X122.455 Y119.826 E673.17181
G1 X122.329 Y120.298 E673.18156
G1 X122.178 Y120.662 E673.18942
G1 X121.945 Y121.064 E673.19869
G1 X121.599 Y121.507 E673.20991
G1 X121.383 Y121.696 E673.21564
G1 X121.065 Y121.944 E673.22369
G1 X120.803 Y122.114 E673.22992
G1 X120.298 Y122.329 E673.24087
G1 X119.826 Y122.455 E673.25062
G1 X119.438 Y122.502 E673.25842
G1 X118.992 Y122.502 E673.26732
G0 F15000 X119.042 Y122.105
G1 F5400 X118.58 Y122.046 E673.27662
G1 X118.292 Y121.96 E673.28261
G1 X117.928 Y121.808 E673.29049
G1 X117.614 Y121.626 E673.29773
G1 X117.154 Y121.272 E673.30931
G1 X116.693 Y120.67 E673.32444
G1 X116.404 Y119.951 E673.33991
G1 X116.303 Y119.208 E673.35487
G1 X116.38 Y118.644 E673.36623
G1 X116.439 Y118.39 E673.37143
G1 X116.711 Y117.738 E673.38553
G1 X117.158 Y117.158 E673.40015
G1 X117.738 Y116.711 E673.41476
G1 X118.39 Y116.439 E673.42886
G1 X118.644 Y116.38 E673.43406
G1 X119.208 Y116.303 E673.44542
G1 X119.952 Y116.404 E673.4604
G1 X120.673 Y116.695 E673.47592
G1 X121.274 Y117.157 E673.49105
G1 X121.626 Y117.614 E673.50256
G1 X121.808 Y117.928 E673.5098
G1 X121.961 Y118.292 E673.51768
G1 X122.046 Y118.581 E673.52369
G1 X122.106 Y119.042 E673.53297
G1 X122.106 Y119.388 E673.53988
G1 X122.058 Y119.777 E673.5477
G1 X121.96 Y120.144 E673.55528
G1 X121.809 Y120.508 E673.56314
G1 X121.628 Y120.821 E673.57036
G1 X121.271 Y121.277 E673.58192
G1 X120.691 Y121.728 E673.59658
G1 X120.144 Y121.96 E673.60843
G1 X119.777 Y122.058 E673.61601
G1 X119.388 Y122.106 E673.62384
G1 X119.042 Y122.105 E673.63074
G0 F15000 X119.219 Y121.724
G1 F5400 X118.57 Y121.643 E673.64379
G1 X118.082 Y121.439 E673.65435
G1 X117.858 Y121.309 E673.65952
G1 X117.441 Y120.989 E673.67001
G1 X117.044 Y120.47 E673.68305
G1 X116.794 Y119.855 E673.69629
G1 X116.711 Y119.245 E673.70858
G1 X116.791 Y118.585 E673.72185
G1 X117.055 Y117.947 E673.73563
G1 X117.443 Y117.443 E673.74832
G1 X117.947 Y117.055 E673.76101
G1 X118.584 Y116.791 E673.77477
G1 X119.251 Y116.71 E673.78818
G1 X119.855 Y116.794 E673.80035
G1 X120.476 Y117.046 E673.81373
G1 X120.984 Y117.448 E673.82665
G1 X121.309 Y117.858 E673.83709
G1 X121.439 Y118.082 E673.84226
G1 X121.641 Y118.565 E673.85271
G1 X121.725 Y119.212 E673.86573
G1 X121.661 Y119.727 E673.87609
G1 X121.591 Y119.99 E673.88152
G1 X121.439 Y120.354 E673.88939
G1 X121.306 Y120.583 E673.89467
G1 X120.984 Y120.984 E673.90494
G1 X120.491 Y121.379 E673.91754
G1 X119.99 Y121.591 E673.9284
G1 X119.727 Y121.661 E673.93383
G1 X119.219 Y121.724 E673.94405
G0 F15000 X119.215 Y121.321
G1 F5400 X118.673 Y121.253 E673.95495
G1 X118.162 Y121.039 E673.966
G1 X117.732 Y120.701 E673.97692
G1 X117.395 Y120.272 E673.98781
G1 X117.186 Y119.753 E673.99897
G1 X117.11 Y119.216 E674.00979
G1 X117.183 Y118.679 E674.02061
G1 X117.401 Y118.153 E674.03197
G1 X117.731 Y117.731 E674.04266
G1 X118.153 Y117.401 E674.05335
G1 X118.679 Y117.183 E674.06472
G1 X119.214 Y117.11 E674.07549
G1 X119.753 Y117.182 E674.08634
G1 X120.266 Y117.399 E674.09746
G1 X120.701 Y117.731 E674.10838
G1 X121.039 Y118.162 E674.11931
G1 X121.253 Y118.673 E674.13037
G1 X121.321 Y119.215 E674.14127
G1 X121.254 Y119.76 E674.15222
G1 X121.037 Y120.278 E674.16343
G1 X120.701 Y120.701 E674.17421
G1 X120.279 Y121.035 E674.18495
G1 X119.761 Y121.254 E674.19618
G1 X119.215 Y121.321 E674.20715
G1 F2400 E673.40715
G1 F300 Z2
G0 F15000 X110 Y128.18
G1 F300 Z1.8
G1 F2400 E674.20715
G1 F5400 X114.71 Y127.562 E674.30195
G1 X119.087 Y125.747 E674.39651
G1 X122.856 Y122.856 E674.4913
G1 X125.747 Y119.088 E674.58608
G1 X127.558 Y114.71 E674.68063
G1 X128.18 Y110 E674.77544
G1 X127.558 Y105.286 E674.87033
G1 X125.747 Y100.908 E674.96487
G1 X122.856 Y97.14 E675.05965
G1 X119.088 Y94.249 E675.15443
G1 X114.71 Y92.438 E675.24898
G1 X110 Y91.816 E675.34379
G1 X105.286 Y92.438 E675.43867
G1 X100.908 Y94.249 E675.53322
G1 X97.14 Y97.14 E675.628
G1 X94.248 Y100.909 E675.7228
G1 X92.434 Y105.286 E675.81736
G1 X91.816 Y110 E675.91223
G1 X92.434 Y114.71 E676.00703
G1 X94.248 Y119.087 E676.10158
G1 X97.14 Y122.856 E676.19639
G1 X100.908 Y125.747 E676.29117
G1 X105.286 Y127.562 E676.38574
G1 X110 Y128.18 E676.48062
G0 F15000 X110 Y128.584
G1 F5400 X114.814 Y127.952 E676.57752
G1 X119.289 Y126.097 E676.67419
G1 X123.141 Y123.141 E676.77108
G1 X126.096 Y119.29 E676.86795
G1 X127.948 Y114.814 E676.96462
G1 X128.583 Y110 E677.06152
G1 X127.948 Y105.182 E677.1585
G1 X126.096 Y100.706 E677.25517
G1 X123.141 Y96.855 E677.35204
G1 X119.29 Y93.899 E677.44892
G1 X114.814 Y92.048 E677.54558
G1 X110 Y91.413 E677.64248
G1 X105.182 Y92.048 E677.73946
G1 X100.706 Y93.899 E677.83612
G1 X96.855 Y96.855 E677.933
G1 X93.899 Y100.707 E678.0299
G1 X92.044 Y105.182 E678.12657
G1 X91.412 Y110 E678.22354
G1 X92.044 Y114.814 E678.32043
G1 X93.899 Y119.289 E678.41711
G1 X96.855 Y123.141 E678.514
G1 X100.707 Y126.097 E678.6109
G1 X105.182 Y127.951 E678.70756
G1 X110 Y128.584 E678.80454
G0 F15000 X110 Y128.987
G1 F5400 X114.918 Y128.341 E678.90352
G1 X119.491 Y126.446 E679.00231
G1 X123.426 Y123.426 E679.1013
G1 X126.446 Y119.491 E679.20029
G1 X128.337 Y114.919 E679.29902
G1 X128.987 Y110 E679.39804
G1 X128.337 Y105.077 E679.49713
G1 X126.446 Y100.505 E679.59587
G1 X123.426 Y96.57 E679.69486
G1 X119.491 Y93.55 E679.79385
G1 X114.919 Y91.659 E679.89258
G1 X110 Y91.009 E679.9916
G1 X105.077 Y91.659 E680.0907
G1 X100.505 Y93.55 E680.18943
G1 X96.569 Y96.569 E680.28842
G1 X93.55 Y100.505 E680.38741
G1 X91.655 Y105.077 E680.48618
G1 X91.009 Y110 E680.58527
G1 X91.655 Y114.918 E680.68425
G1 X93.55 Y119.491 E680.78304
G1 X96.569 Y123.427 E680.88203
G1 X100.505 Y126.446 E680.98102
G1 X105.077 Y128.341 E681.07979
G1 X110 Y128.987 E681.17887
G0 F15000 X110 Y129.39
G1 F5400 X115.023 Y128.731 E681.27997
G1 X119.693 Y126.795 E681.38086
G1 X123.712 Y123.712 E681.48194
G1 X126.795 Y119.693 E681.58303
G1 X128.727 Y115.023 E681.68388
G1 X129.39 Y110 E681.78499
G1 X128.727 Y104.973 E681.88618
G1 X126.795 Y100.303 E681.98703
G1 X123.712 Y96.284 E682.08812
G1 X119.693 Y93.201 E682.1892
G1 X115.023 Y91.269 E682.29005
G1 X110 Y90.606 E682.39116
G1 X104.973 Y91.269 E682.49235
G1 X100.303 Y93.201 E682.59321
G1 X96.284 Y96.284 E682.69429
G1 X93.2 Y100.303 E682.79539
G1 X91.265 Y104.973 E682.89626
G1 X90.606 Y110 E682.99744
G1 X91.265 Y115.023 E683.09854
G1 X93.2 Y119.693 E683.19942
G1 X96.284 Y123.712 E683.30051
G1 X100.303 Y126.795 E683.4016
G1 X104.973 Y128.731 E683.50248
G1 X110 Y129.39 E683.60366
G1 F2400 E682.80366
G1 F300 Z2
G0 F15000 X101.002 Y122.502
G1 F300 Z1.8
G1 F2400 E683.60366
G1 F5400 X100.557 Y122.502 E683.61254
G1 X100.172 Y122.455 E683.62028
G1 X99.708 Y122.332 E683.62986
G1 X99.195 Y122.113 E683.64099
G1 X98.932 Y121.945 E683.64722
G1 X98.496 Y121.605 E683.65825
G1 X98.291 Y121.372 E683.66445
G1 X98.055 Y121.064 E683.67219
G1 X97.823 Y120.662 E683.68145
G1 X97.671 Y120.298 E683.68932
G1 X97.547 Y119.844 E683.69872
G1 X97.495 Y119.456 E683.70653
G1 X97.496 Y118.974 E683.71615
G1 X97.561 Y118.508 E683.72554
G1 X97.671 Y118.138 E683.73324
G1 X97.822 Y117.774 E683.7411
G1 X98.048 Y117.382 E683.75013
G1 X98.382 Y116.941 E683.76117
G1 X98.605 Y116.742 E683.76714
G1 X99.071 Y116.389 E683.77881
G1 X99.338 Y116.258 E683.78474
G1 X99.946 Y116.015 E683.79781
G1 X100.612 Y115.923 E683.81122
G1 X100.884 Y115.913 E683.81666
G1 X101.408 Y115.983 E683.82721
G1 X101.742 Y116.061 E683.83405
G1 X102.332 Y116.302 E683.84677
G1 X102.619 Y116.484 E683.85355
G1 X103.002 Y116.777 E683.86317
G1 X103.223 Y116.998 E683.86941
G1 X103.515 Y117.38 E683.87901
G1 X103.668 Y117.622 E683.88472
G1 X103.93 Y118.221 E683.89777
G1 X104.019 Y118.608 E683.90569
G1 X104.083 Y119.122 E683.91603
G1 X104.073 Y119.385 E683.92128
G1 X103.999 Y119.951 E683.93267
G1 X103.936 Y120.197 E683.93774
G1 X103.68 Y120.81 E683.951
G1 X103.501 Y121.075 E683.95738
G1 X103.168 Y121.501 E683.96817
G1 X102.947 Y121.696 E683.97405
G1 X102.639 Y121.936 E683.98184
G1 X102.226 Y122.178 E683.99139
G1 X101.862 Y122.329 E683.99926
G1 X101.489 Y122.44 E684.00703
G1 X101.002 Y122.502 E684.01682
G0 F15000 X100.953 Y122.106
G1 F5400 X100.606 Y122.106 E684.02375
G1 X100.222 Y122.058 E684.03147
G1 X99.861 Y121.962 E684.03892
G1 X99.299 Y121.723 E684.05111
G1 X98.719 Y121.272 E684.06577
G1 X98.372 Y120.82 E684.07715
G1 X98.192 Y120.508 E684.08433
G1 X98.04 Y120.144 E684.09221
G1 X97.944 Y119.791 E684.09951
G1 X97.892 Y119.403 E684.10732
G1 X97.892 Y119.028 E684.1148
G1 X97.954 Y118.58 E684.12383
G1 X98.04 Y118.292 E684.12983
G1 X98.191 Y117.928 E684.13769
G1 X98.367 Y117.623 E684.14472
G1 X98.719 Y117.158 E684.15636
G1 X99.33 Y116.694 E684.17167
G1 X99.856 Y116.476 E684.18303
G1 X100.097 Y116.395 E684.1881
G1 X100.781 Y116.303 E684.20188
G1 X101.355 Y116.38 E684.21343
G1 X101.615 Y116.44 E684.21876
G1 X102.256 Y116.711 E684.23265
G1 X102.843 Y117.157 E684.24736
G1 X103.284 Y117.738 E684.26191
G1 X103.561 Y118.389 E684.27603
G1 X103.622 Y118.658 E684.28154
G1 X103.691 Y119.211 E684.29266
G1 X103.598 Y119.949 E684.3075
G1 X103.327 Y120.619 E684.32192
G1 X103.185 Y120.829 E684.32698
G1 X102.835 Y121.277 E684.33833
G1 X102.393 Y121.621 E684.34951
G1 X102.072 Y121.808 E684.35692
G1 X101.708 Y121.96 E684.36479
G1 X101.418 Y122.046 E684.37083
G1 X100.953 Y122.106 E684.38018
G0 F15000 X100.78 Y121.725
G1 F5400 X100.272 Y121.661 E684.3904
G1 X100.014 Y121.593 E684.39573
G1 X99.502 Y121.376 E684.40682
G1 X98.986 Y120.963 E684.42001
G1 X98.69 Y120.577 E684.42972
G1 X98.561 Y120.354 E684.43486
G1 X98.409 Y119.99 E684.44273
G1 X98.34 Y119.737 E684.44797
G1 X98.288 Y119.35 E684.45576
G1 X98.288 Y119.081 E684.46113
G1 X98.361 Y118.562 E684.47159
G1 X98.561 Y118.082 E684.48196
G1 X98.686 Y117.864 E684.48698
G1 X99.006 Y117.441 E684.49756
G1 X99.533 Y117.043 E684.51074
G1 X100.144 Y116.794 E684.52391
G1 X100.784 Y116.707 E684.5368
G1 X101.42 Y116.792 E684.5496
G1 X102.051 Y117.057 E684.56326
G1 X102.558 Y117.443 E684.57598
G1 X102.94 Y117.946 E684.58858
G1 X103.212 Y118.59 E684.60253
G1 X103.284 Y119.246 E684.6157
G1 X103.207 Y119.852 E684.62789
G1 X102.954 Y120.475 E684.64131
G1 X102.576 Y120.96 E684.65358
G1 X102.147 Y121.305 E684.66457
G1 X101.918 Y121.439 E684.66986
G1 X101.431 Y121.642 E684.68039
G1 X100.78 Y121.725 E684.69349
G0 F15000 X100.78 Y121.321
G1 F5400 X100.24 Y121.254 E684.70435
G1 X99.715 Y121.034 E684.71571
G1 X99.295 Y120.701 E684.72641
G1 X98.962 Y120.277 E684.73716
G1 X98.748 Y119.763 E684.74828
G1 X98.674 Y119.215 E684.75931
G1 X98.748 Y118.671 E684.77027
G1 X98.96 Y118.164 E684.78123
G1 X99.293 Y117.733 E684.7921
G1 X99.735 Y117.398 E684.80317
G1 X100.246 Y117.182 E684.81424
G1 X100.781 Y117.11 E684.82501
G1 X101.322 Y117.183 E684.83591
G1 X101.845 Y117.403 E684.84723
G1 X102.272 Y117.728 E684.85794
G1 X102.594 Y118.152 E684.86856
G1 X102.818 Y118.681 E684.88003
G1 X102.885 Y119.214 E684.89075
G1 X102.819 Y119.75 E684.90153
G1 X102.601 Y120.268 E684.91274
G1 X102.266 Y120.7 E684.92365
G1 X101.84 Y121.038 E684.9345
G1 X101.327 Y121.252 E684.9456
G1 X100.78 Y121.321 E684.9566
G1 F2400 E684.1566
G1 F300 Z2
G0 F15000 X119.122 Y104.083
G1 F300 Z1.8
G1 F2400 E684.9566
G1 F5400 X118.608 Y104.019 E684.96693
G1 X118.263 Y103.94 E684.974
G1 X117.662 Y103.693 E684.98696
G1 X117.38 Y103.514 E684.99363
G1 X116.998 Y103.223 E685.00321
G1 X116.777 Y103.002 E685.00945
G1 X116.484 Y102.618 E685.01909
G1 X116.327 Y102.371 E685.02493
G1 X116.072 Y101.783 E685.03772
G1 X115.983 Y101.408 E685.04541
G1 X115.913 Y100.884 E685.05596
G1 X115.923 Y100.612 E685.06139
G1 X116.015 Y99.945 E685.07483
G1 X116.259 Y99.338 E685.08789
G1 X116.388 Y99.073 E685.09377
G1 X116.741 Y98.606 E685.10545
G1 X116.939 Y98.385 E685.11137
G1 X117.37 Y98.053 E685.12223
G1 X117.783 Y97.815 E685.13174
G1 X118.143 Y97.667 E685.13951
G1 X118.507 Y97.56 E685.14708
G1 X118.976 Y97.495 E685.15653
G1 X119.456 Y97.495 E685.16611
G1 X119.844 Y97.547 E685.17392
G1 X120.289 Y97.667 E685.18312
G1 X120.649 Y97.814 E685.19088
G1 X121.062 Y98.053 E685.2004
G1 X121.502 Y98.391 E685.21147
G1 X121.704 Y98.621 E685.21758
G1 X121.944 Y98.933 E685.22544
G1 X122.113 Y99.197 E685.23169
G1 X122.329 Y99.702 E685.24265
G1 X122.455 Y100.172 E685.25236
G1 X122.502 Y100.557 E685.2601
G1 X122.502 Y101.002 E685.26898
G1 X122.44 Y101.489 E685.27878
G1 X122.33 Y101.862 E685.28654
G1 X122.178 Y102.226 E685.29441
G1 X121.936 Y102.639 E685.30397
G1 X121.602 Y103.068 E685.31482
G1 X121.383 Y103.26 E685.32063
G1 X120.943 Y103.603 E685.33176
G1 X120.662 Y103.742 E685.33802
G1 X120.054 Y103.985 E685.35108
G1 X119.385 Y104.073 E685.36455
G1 X119.122 Y104.083 E685.3698
G0 F15000 X119.347 Y103.674
G1 F5400 X119.042 Y103.67 E685.37589
G1 X118.658 Y103.622 E685.38361
G1 X118.389 Y103.561 E685.38912
G1 X117.738 Y103.284 E685.40323
G1 X117.157 Y102.843 E685.41779
G1 X116.711 Y102.256 E685.4325
G1 X116.441 Y101.615 E685.44638
G1 X116.38 Y101.355 E685.45171
G1 X116.304 Y100.789 E685.46311
G1 X116.394 Y100.098 E685.47702
G1 X116.476 Y99.856 E685.48211
G1 X116.696 Y99.329 E685.49351
G1 X117.153 Y98.725 E685.50863
G1 X117.614 Y98.37 E685.52024
G1 X117.935 Y98.185 E685.52763
G1 X118.295 Y98.037 E685.5354
G1 X118.578 Y97.954 E685.54128
G1 X119.03 Y97.892 E685.55039
G1 X119.403 Y97.892 E685.55783
G1 X119.791 Y97.943 E685.56564
G1 X120.137 Y98.037 E685.5728
G1 X120.497 Y98.184 E685.58056
G1 X120.818 Y98.37 E685.58796
G1 X121.275 Y98.721 E685.59946
G1 X121.725 Y99.305 E685.61417
G1 X121.96 Y99.856 E685.62613
G1 X122.058 Y100.222 E685.63369
G1 X122.106 Y100.606 E685.64141
G1 X122.106 Y100.953 E685.64834
G1 X122.047 Y101.418 E685.65769
G1 X121.961 Y101.708 E685.66373
G1 X121.808 Y102.072 E685.67161
G1 X121.621 Y102.393 E685.67902
G1 X121.276 Y102.837 E685.69024
G1 X120.676 Y103.304 E685.70541
G1 X119.953 Y103.596 E685.72097
G1 X119.347 Y103.674 E685.73317
G0 F15000 X119.214 Y103.288
G1 F5400 X118.583 Y103.21 E685.74585
G1 X117.95 Y102.941 E685.75958
G1 X117.438 Y102.554 E685.77239
G1 X117.057 Y102.05 E685.785
G1 X116.792 Y101.421 E685.79862
G1 X116.707 Y100.784 E685.81144
G1 X116.794 Y100.144 E685.82433
G1 X117.043 Y99.532 E685.83752
G1 X117.441 Y99.007 E685.85066
G1 X117.858 Y98.687 E685.86115
G1 X118.087 Y98.555 E685.86643
G1 X118.565 Y98.358 E685.87675
G1 X119.083 Y98.288 E685.88718
G1 X119.35 Y98.288 E685.89251
G1 X119.737 Y98.34 E685.9003
G1 X119.985 Y98.407 E685.90542
G1 X120.345 Y98.554 E685.91318
G1 X120.574 Y98.687 E685.91847
G1 X121.011 Y99.033 E685.92959
G1 X121.382 Y99.516 E685.94175
G1 X121.591 Y100.01 E685.95245
G1 X121.661 Y100.272 E685.95786
G1 X121.725 Y100.78 E685.96808
G1 X121.642 Y101.431 E685.98118
G1 X121.439 Y101.918 E685.99171
G1 X121.305 Y102.147 E685.997
G1 X120.982 Y102.549 E686.00729
G1 X120.48 Y102.951 E686.02013
G1 X119.853 Y103.207 E686.03364
G1 X119.214 Y103.288 E686.0465
G0 F15000 X119.217 Y102.886
G1 F5400 X118.681 Y102.818 E686.05728
G1 X118.152 Y102.594 E686.06874
G1 X117.724 Y102.269 E686.07947
G1 X117.401 Y101.841 E686.09017
G1 X117.182 Y101.319 E686.10146
G1 X117.116 Y100.787 E686.11216
G1 X117.181 Y100.249 E686.12298
G1 X117.398 Y99.735 E686.13411
G1 X117.722 Y99.296 E686.145
G1 X118.166 Y98.955 E686.15617
G1 X118.67 Y98.748 E686.16704
G1 X119.216 Y98.674 E686.17804
G1 X119.76 Y98.747 E686.18899
G1 X120.266 Y98.954 E686.1999
G1 X120.701 Y99.295 E686.21093
G1 X121.035 Y99.72 E686.22172
G1 X121.254 Y100.24 E686.23298
G1 X121.321 Y100.78 E686.24384
G1 X121.252 Y101.327 E686.25484
G1 X121.038 Y101.84 E686.26593
G1 X120.7 Y102.266 E686.27679
G1 X120.273 Y102.604 E686.28765
G1 X119.753 Y102.814 E686.29885
G1 X119.217 Y102.886 E686.30964
G0 F15000 X119.235 Y102.48
;TYPE:WALL-OUTER
G1 F5400 X118.778 Y102.428 E686.31882
G1 X118.385 Y102.261 E686.32734
G1 X118.002 Y101.973 E686.3369
G1 X117.735 Y101.61 E686.34589
G1 X117.578 Y101.232 E686.35406
G1 X117.516 Y100.761 E686.36354
G1 X117.576 Y100.336 E686.37211
G1 X117.746 Y99.933 E686.38084
G1 X118.014 Y99.578 E686.38971
G1 X118.368 Y99.304 E686.39865
G1 X118.801 Y99.133 E686.40794
G1 X119.216 Y99.077 E686.41629
G1 X119.631 Y99.133 E686.42465
G1 X120.041 Y99.294 E686.43344
G1 X120.418 Y99.578 E686.44286
G1 X120.694 Y99.939 E686.45193
G1 X120.864 Y100.343 E686.46068
G1 X120.915 Y100.755 E686.46896
G1 X120.865 Y101.204 E686.47798
G1 X120.701 Y101.61 E686.48671
G1 X120.418 Y101.982 E686.49604
G1 X120.068 Y102.254 E686.50489
G1 X119.663 Y102.424 E686.51365
G1 X119.235 Y102.48 E686.52227
G1 F2400 E685.72227
G1 F300 Z2
G0 F15000 X110 Y114.194
G1 F300 Z1.8
G1 F2400 E686.52227
G1 F5400 X108.896 Y114.053 E686.54448
G1 X107.908 Y113.643 E686.56582
G1 X107.018 Y112.957 E686.58825
G1 X106.366 Y112.103 E686.60969
G1 X105.944 Y111.102 E686.63137
G1 X105.8 Y110.015 E686.65325
G1 X105.943 Y108.896 E686.67576
G1 X106.367 Y107.891 E686.69753
G1 X107.043 Y107.018 E686.71956
G1 X107.891 Y106.367 E686.7409
G1 X108.896 Y105.943 E686.76267
G1 X109.985 Y105.8 E686.78459
G1 X111.085 Y105.936 E686.8067
G1 X112.103 Y106.366 E686.82876
G1 X112.982 Y107.043 E686.8509
G1 X113.643 Y107.908 E686.87262
G1 X114.053 Y108.896 E686.89397
G1 X114.196 Y109.985 E686.91589
G1 X114.052 Y111.102 E686.93837
G1 X113.634 Y112.103 E686.96001
G1 X112.957 Y112.982 E686.98215
G1 X112.103 Y113.634 E687.0036
G1 X111.102 Y114.052 E687.02524
G1 X110.015 Y114.196 E687.04712
G1 X110 Y114.194 E687.04743
G1 F2400 E686.24743
G1 F300 Z2
G0 F15000 X119.191 Y120.915
G1 F300 Z1.8
G1 F2400 E687.04743
G1 F5400 X118.796 Y120.865 E687.05537
G1 X118.39 Y120.701 E687.06411
G1 X118.014 Y120.418 E687.0735
G1 X117.746 Y120.068 E687.0823
G1 X117.576 Y119.663 E687.09106
G1 X117.516 Y119.235 E687.09969
G1 X117.578 Y118.768 E687.10909
G1 X117.742 Y118.37 E687.11768
G1 X118.027 Y118.002 E687.12697
G1 X118.37 Y117.742 E687.13556
G1 X118.768 Y117.578 E687.14415
G1 X119.235 Y117.516 E687.15355
G1 X119.663 Y117.576 E687.16218
G1 X120.068 Y117.746 E687.17094
G1 X120.418 Y118.014 E687.17974
G1 X120.701 Y118.39 E687.18913
G1 X120.864 Y118.781 E687.19758
G1 X120.915 Y119.241 E687.20682
G1 X120.864 Y119.657 E687.21518
G1 X120.701 Y120.046 E687.2236
G1 X120.418 Y120.418 E687.23293
G1 X120.061 Y120.694 E687.24193
G1 X119.656 Y120.864 E687.2507
G1 X119.191 Y120.915 E687.26003
G1 F2400 E686.46003
G1 F300 Z2
G0 F15000 X110 Y129.794
G1 F300 Z1.8
G1 F2400 E687.26003
G1 F5400 X115.127 Y129.121 E687.36323
G1 X119.895 Y127.145 E687.46622
G1 X123.997 Y123.997 E687.56941
G1 X127.145 Y119.895 E687.6726
G1 X129.117 Y115.127 E687.77557
G1 X129.794 Y110 E687.87877
G1 X129.117 Y104.869 E687.98205
G1 X127.145 Y100.101 E688.08502
G1 X123.997 Y95.999 E688.18821
G1 X119.895 Y92.851 E688.29139
G1 X115.127 Y90.879 E688.39436
G1 X110 Y90.202 E688.49756
G1 X104.869 Y90.879 E688.60085
G1 X100.101 Y92.851 E688.70381
G1 X95.999 Y95.999 E688.807
G1 X92.851 Y100.101 E688.91019
G1 X90.875 Y104.869 E689.01319
G1 X90.202 Y110 E689.11646
G1 X90.875 Y115.127 E689.21965
G1 X92.851 Y119.895 E689.32265
G1 X95.999 Y123.997 E689.42584
G1 X100.101 Y127.145 E689.52902
G1 X104.869 Y129.121 E689.63202
G1 X110 Y129.794 E689.73529
G1 F2400 E688.93529
G1 F300 Z2
G0 F15000 X100.755 Y120.915
G1 F300 Z1.8
G1 F2400 E689.73529
G1 F5400 X100.345 Y120.864 E689.74354
G1 X99.935 Y120.694 E689.75239
G1 X99.578 Y120.418 E689.7614
G1 X99.299 Y120.046 E689.77068
G1 X99.133 Y119.631 E689.7796
G1 X99.077 Y119.216 E689.78796
G1 X99.135 Y118.796 E689.79642
G1 X99.299 Y118.39 E689.80516
G1 X99.577 Y118.015 E689.81447
G1 X99.954 Y117.735 E689.82384
G1 X100.336 Y117.576 E689.8321
G1 X100.761 Y117.516 E689.84067
G1 X101.232 Y117.578 E689.85015
G1 X101.626 Y117.743 E689.85867
G1 X101.998 Y118.027 E689.86801
G1 X102.261 Y118.385 E689.87687
G1 X102.422 Y118.768 E689.88517
G1 X102.48 Y119.235 E689.89456
G1 X102.424 Y119.663 E689.90317
G1 X102.254 Y120.068 E689.91194
G1 X101.982 Y120.418 E689.92078
G1 X101.61 Y120.701 E689.93011
G1 X101.219 Y120.864 E689.93856
G1 X100.755 Y120.915 E689.94788
G1 F2400 E689.14788
G1 F300 Z2
G0 F15000 X100.761 Y102.48
G1 F300 Z1.8
G1 F2400 E689.94788
G1 F5400 X100.336 Y102.424 E689.95643
G1 X99.932 Y102.254 E689.96518
G1 X99.578 Y101.982 E689.97409
G1 X99.299 Y101.61 E689.98337
G1 X99.133 Y101.195 E689.99229
G1 X99.077 Y100.78 E690.00065
G1 X99.137 Y100.343 E690.00945
G1 X99.306 Y99.939 E690.01819
G1 X99.578 Y99.578 E690.02721
G1 X99.932 Y99.304 E690.03614
G1 X100.365 Y99.133 E690.04543
G1 X100.78 Y99.077 E690.05379
G1 X101.204 Y99.135 E690.06233
G1 X101.629 Y99.304 E690.07146
G1 X101.982 Y99.578 E690.08037
G1 X102.254 Y99.932 E690.08928
G1 X102.424 Y100.336 E690.09803
G1 X102.48 Y100.761 E690.10658
G1 X102.422 Y101.232 E690.11605
G1 X102.253 Y101.626 E690.12461
G1 X101.973 Y101.998 E690.1339
G1 X101.626 Y102.253 E690.14249
G1 X101.232 Y102.422 E690.15105
G1 X100.761 Y102.48 E690.16052
G1 F2400 E689.36052
G1 F300 Z2
G0 F15000 X119.096 Y104.439
;TYPE:SKIN
G1 F300 Z1.8
G1 F2400 E690.16052
G1 F5400 X119.406 Y104.432 E690.16671
G1 X120.152 Y104.333 E690.18173
G1 X120.791 Y104.078 E690.19546
G1 X121.113 Y103.92 E690.20261
G1 X121.754 Y103.421 E690.21882
G1 X121.966 Y103.181 E690.22521
G1 X122.222 Y102.856 E690.23347
G1 X122.501 Y102.381 E690.24446
G1 X122.661 Y101.997 E690.25277
G1 X122.793 Y101.552 E690.26203
G1 X122.859 Y101.046 E690.27221
G1 X122.861 Y100.536 E690.28239
G1 X122.811 Y100.127 E690.29061
G1 X122.666 Y99.587 E690.30177
G1 X122.434 Y99.03 E690.31381
G1 X122.223 Y98.705 E690.32154
G1 X121.883 Y98.265 E690.33264
G1 X121.605 Y98.014 E690.34012
G1 X121.286 Y97.769 E690.34814
G1 X120.797 Y97.486 E690.35942
G1 X120.428 Y97.334 E690.36738
G1 X119.908 Y97.194 E690.37813
G1 X119.504 Y97.137 E690.38627
G1 X118.929 Y97.137 E690.39775
G1 X118.449 Y97.201 E690.40741
G1 X118 Y97.334 E690.41675
G1 X117.648 Y97.478 E690.42434
G1 X117.145 Y97.765 E690.4359
G1 X116.825 Y98.013 E690.44398
G1 X116.544 Y98.266 E690.45153
G1 X116.2 Y98.718 E690.46286
G1 X115.987 Y99.046 E690.47067
G1 X115.723 Y99.678 E690.48433
G1 X115.649 Y99.968 E690.49031
G1 X115.56 Y100.584 E690.50273
G1 X115.553 Y100.908 E690.50919
G1 X115.621 Y101.446 E690.52002
G1 X115.713 Y101.839 E690.52807
G1 X115.97 Y102.476 E690.54178
G1 X116.183 Y102.816 E690.54979
G1 X116.501 Y103.231 E690.56022
G1 X116.769 Y103.499 E690.56778
G1 X117.153 Y103.795 E690.57746
G1 X117.499 Y104.016 E690.58565
G1 X118.164 Y104.288 E690.59999
G1 X118.54 Y104.372 E690.60768
G1 X119.096 Y104.439 E690.61885
G1 F2400 E689.81885
G1 F300 Z2
G0 F15000 X98.417 Y122.911
G1 F300 Z1.8
G1 F2400 E690.61885
G1 F6119 X97.665 Y122.323 E690.63567
G1 F6101.7 X97.079 Y121.575 E690.65245
G1 F6206.9 X97.385 Y121.398 E690.65858
G1 F6242.8 X97.689 Y121.8 E690.66728
G1 F6206.9 X98.002 Y122.15 E690.67544
G1 F6189.1 X98.593 Y122.61 E690.68848
G1 F6224.8 X98.417 Y122.911 E690.69451
G1 F2400 E689.89451
G1 F300 Z2
G0 F15000 X101.05 Y122.859
G1 F300 Z1.8
G1 F2400 E690.69451
G1 F5400 X101.546 Y122.795 E690.70449
G1 X101.998 Y122.661 E690.7139
G1 X102.358 Y122.509 E690.7217
G1 X102.837 Y122.234 E690.73272
G1 X103.167 Y121.978 E690.74106
G1 X103.447 Y121.727 E690.74856
G1 X103.791 Y121.283 E690.75977
G1 X103.942 Y121.061 E690.76513
G1 X104.068 Y120.809 E690.77075
G1 X104.331 Y120.158 E690.78476
G1 X104.431 Y119.427 E690.79949
G1 X104.44 Y119.114 E690.80573
G1 X104.375 Y118.56 E690.81687
G1 X104.269 Y118.1 E690.82629
G1 X103.992 Y117.464 E690.84013
G1 X103.809 Y117.172 E690.84701
G1 X103.494 Y116.759 E690.85737
G1 X103.249 Y116.517 E690.86424
G1 X102.83 Y116.193 E690.87481
G1 X102.508 Y115.987 E690.88244
G1 X101.868 Y115.722 E690.89627
G1 X101.451 Y115.625 E690.90481
G1 X100.919 Y115.553 E690.91552
G1 X100.59 Y115.56 E690.92209
G1 X99.973 Y115.648 E690.93453
G1 X99.67 Y115.727 E690.94078
G1 X99.05 Y115.987 E690.95419
G1 X98.722 Y116.196 E690.96195
G1 X98.27 Y116.54 E690.97329
G1 X97.993 Y116.852 E690.98162
G1 X97.76 Y117.159 E690.98931
G1 X97.487 Y117.638 E691.00031
G1 X97.335 Y117.998 E691.00811
G1 X97.212 Y118.415 E691.01678
G1 X97.138 Y118.923 E691.02703
G1 X97.137 Y119.503 E691.0386
G1 X97.189 Y119.891 E691.04642
G1 X97.326 Y120.405 E691.05703
G1 X97.487 Y120.797 E691.06549
G1 X97.754 Y121.264 E691.07622
G1 X97.993 Y121.578 E691.0841
G1 X98.256 Y121.874 E691.092
G1 X98.727 Y122.241 E691.10392
G1 X99.007 Y122.421 E691.11056
G1 X99.589 Y122.67 E691.12319
G1 X100.109 Y122.806 E691.13392
G1 X100.506 Y122.859 E691.14191
G1 X101.05 Y122.859 E691.15277
G1 F2400 E690.35277
G1 F300 Z2
G0 F15000 X109.999 Y127.814
G1 F300 Z1.8
G1 F2400 E691.15277
G1 F5400 X105.373 Y127.209 E691.24587
G1 X101.089 Y125.433 E691.33842
G1 X97.395 Y122.597 E691.43135
G1 X94.559 Y118.903 E691.52429
G1 X92.783 Y114.619 E691.61684
G1 X92.178 Y110.001 E691.70978
G1 X92.787 Y105.373 E691.80294
G1 X94.559 Y101.089 E691.89545
G1 X97.395 Y97.395 E691.98839
G1 X101.089 Y94.559 E692.08133
G1 X105.373 Y92.791 E692.17381
G1 X109.999 Y92.178 E692.26694
G1 X114.619 Y92.791 E692.35994
G1 X118.903 Y94.559 E692.45243
G1 X122.597 Y97.395 E692.54537
G1 X125.433 Y101.089 E692.6383
G1 X127.205 Y105.373 E692.73082
G1 X127.814 Y109.999 E692.82393
G1 X127.201 Y114.619 E692.91694
G1 X125.433 Y118.903 E693.00943
G1 X122.597 Y122.597 E693.10236
G1 X118.903 Y125.433 E693.1953
G1 X114.619 Y127.209 E693.28785
G1 X109.999 Y127.814 E693.38083
G1 F2400 E692.58083
G1 F300 Z2
G0 F15000 X121.563 Y122.916
G1 F300 Z1.8
G1 F2400 E693.38083
G1 F6260.9 X121.388 Y122.616 E693.38681
G1 X121.829 Y122.277 E693.39638
G1 F6242.8 X122.131 Y122.017 E693.40326
G1 F6206.9 X122.622 Y121.372 E693.41734
G1 F6224.8 X122.926 Y121.551 E693.42344
G1 F6136.4 X122.325 Y122.325 E693.44065
G1 F6171.4 X121.563 Y122.916 E693.45749
G1 F2400 E692.65749
G1 F300 Z2
G0 F15000 X118.942 Y122.859
G1 F300 Z1.8
G1 F2400 E693.45749
G1 F5400 X119.477 Y122.859 E693.46817
G1 X119.869 Y122.811 E693.47605
G1 X120.408 Y122.67 E693.48717
G1 X120.959 Y122.436 E693.49911
G1 X121.287 Y122.227 E693.50687
G1 X121.607 Y121.979 E693.51495
G1 X121.879 Y121.734 E693.52226
G1 X122.227 Y121.282 E693.53364
G1 X122.501 Y120.818 E693.5444
G1 X122.661 Y120.437 E693.55264
G1 X122.806 Y119.895 E693.56384
G1 X122.859 Y119.477 E693.57225
G1 X122.859 Y118.942 E693.58292
G1 X122.795 Y118.45 E693.59283
G1 X122.668 Y118.014 E693.60189
G1 X122.501 Y117.614 E693.61054
G1 X122.237 Y117.166 E693.62092
G1 X121.992 Y116.839 E693.62907
G1 X121.759 Y116.572 E693.63614
G1 X121.29 Y116.209 E693.64798
G1 X120.95 Y115.987 E693.65608
G1 X120.446 Y115.775 E693.66699
G1 X120.058 Y115.648 E693.67514
G1 X119.426 Y115.565 E693.68786
G1 X119.117 Y115.552 E693.69403
G1 X118.545 Y115.625 E693.70554
G1 X118.133 Y115.722 E693.71399
G1 X117.525 Y115.966 E693.72706
G1 X117.16 Y116.195 E693.73566
G1 X116.746 Y116.514 E693.74609
G1 X116.502 Y116.759 E693.75299
G1 X116.205 Y117.146 E693.76272
G1 X115.967 Y117.522 E693.7716
G1 X115.722 Y118.133 E693.78474
G1 X115.625 Y118.541 E693.79311
G1 X115.553 Y119.077 E693.8039
G1 X115.564 Y119.409 E693.81053
G1 X115.648 Y120.062 E693.82367
G1 X115.771 Y120.438 E693.83157
G1 X115.987 Y120.95 E693.84265
G1 X116.197 Y121.271 E693.85031
G1 X116.545 Y121.726 E693.86174
G1 X116.823 Y121.978 E693.86923
G1 X117.163 Y122.238 E693.87777
G1 X117.619 Y122.502 E693.88829
G1 X118.018 Y122.668 E693.89691
G1 X118.44 Y122.793 E693.90569
G1 X118.942 Y122.859 E693.9158
G1 F2400 E693.1158
G1 F300 Z2
G0 F15000 X110 Y116.145
G1 F300 Z1.8
G1 F2400 E693.9158
G1 F5400 X110.153 Y116.148 E693.91885
G1 X111.469 Y115.984 E693.94532
G1 X111.798 Y115.885 E693.95217
G1 X113.116 Y115.325 E693.98075
G1 X114.221 Y114.478 E694.00853
G1 X114.466 Y114.234 E694.01544
G1 X115.349 Y113.074 E694.04453
G1 X115.889 Y111.79 E694.07233
G1 X115.984 Y111.461 E694.07916
G1 X116.156 Y110.123 E694.10608
G1 X116.148 Y109.836 E694.11181
G1 X115.987 Y108.551 E694.13765
G1 X115.901 Y108.244 E694.14402
G1 X115.421 Y107.079 E694.16916
G1 X115.247 Y106.777 E694.17612
G1 X114.478 Y105.775 E694.20132
G1 X114.215 Y105.517 E694.20867
G1 X113.083 Y104.655 E694.23707
G1 X111.791 Y104.107 E694.26508
G1 X111.448 Y104.006 E694.27221
G1 X110.151 Y103.844 E694.2983
G1 X109.729 Y103.852 E694.30672
G1 X108.55 Y104.005 E694.33044
G1 X108.25 Y104.092 E694.33668
G1 X107.071 Y104.579 E694.36213
G1 X106.773 Y104.749 E694.36898
G1 X105.781 Y105.513 E694.39397
G1 X105.518 Y105.775 E694.40138
G1 X104.757 Y106.761 E694.42623
G1 X104.585 Y107.062 E694.43315
G1 X104.092 Y108.246 E694.45874
G1 X104.006 Y108.545 E694.46495
G1 X103.853 Y109.718 E694.48856
G1 X103.844 Y110.159 E694.49736
G1 X104.009 Y111.468 E694.52369
G1 X104.1 Y111.767 E694.52993
G1 X104.675 Y113.124 E694.55934
G1 X105.516 Y114.214 E694.58681
G1 X105.775 Y114.478 E694.59419
G1 X106.769 Y115.242 E694.61921
G1 X107.071 Y115.416 E694.62617
G1 X108.242 Y115.9 E694.65145
G1 X108.541 Y115.986 E694.65766
G1 X109.718 Y116.139 E694.68135
G1 X110 Y116.145 E694.68698
G1 F2400 E693.88698
G1 F300 Z2
G0 F15000 X100.874 Y104.44
G1 F300 Z1.8
G1 F2400 E694.68698
G1 F5400 X101.428 Y104.375 E694.69811
G1 X101.904 Y104.265 E694.70786
G1 X102.559 Y103.974 E694.72216
G1 X102.807 Y103.818 E694.72801
G1 X103.229 Y103.5 E694.73855
G1 X103.503 Y103.227 E694.74627
G1 X103.813 Y102.812 E694.75661
G1 X104.015 Y102.494 E694.76413
G1 X104.274 Y101.869 E694.77763
G1 X104.375 Y101.432 E694.78658
G1 X104.44 Y100.875 E694.79777
G1 X104.431 Y100.56 E694.80406
G1 X104.349 Y99.978 E694.81579
G1 X104.278 Y99.698 E694.82155
G1 X103.992 Y99.014 E694.83635
G1 X103.8 Y98.722 E694.84332
G1 X103.451 Y98.269 E694.85473
G1 X103.169 Y98.014 E694.86232
G1 X102.846 Y97.765 E694.87046
G1 X102.372 Y97.49 E694.8814
G1 X101.992 Y97.334 E694.88959
G1 X101.574 Y97.208 E694.89831
G1 X101.067 Y97.137 E694.90852
G1 X100.489 Y97.137 E694.92006
G1 X100.105 Y97.189 E694.92779
G1 X99.588 Y97.326 E694.93846
G1 X99.212 Y97.478 E694.94656
G1 X98.732 Y97.75 E694.95757
G1 X98.401 Y98.006 E694.96592
G1 X98.127 Y98.245 E694.97317
G1 X97.76 Y98.723 E694.9852
G1 X97.57 Y99.027 E694.99235
G1 X97.33 Y99.583 E695.00444
G1 X97.189 Y100.112 E695.01536
G1 X97.137 Y100.488 E695.02294
G1 X97.136 Y101.036 E695.03387
G1 X97.205 Y101.56 E695.04442
G1 X97.335 Y101.998 E695.05354
G1 X97.487 Y102.358 E695.06134
G1 X97.754 Y102.828 E695.07212
G1 X98.006 Y103.155 E695.08036
G1 X98.223 Y103.41 E695.08705
G1 X98.72 Y103.795 E695.09959
G1 X99.012 Y103.991 E695.10661
G1 X99.674 Y104.273 E695.12097
G1 X99.968 Y104.347 E695.12702
G1 X100.564 Y104.431 E695.13903
G1 X100.874 Y104.44 E695.14522
G1 F2400 E694.34522
G1 F300 Z2
G0 F15000 X98.607 Y122.932
G1 F300 Z1.8
G1 F2400 E695.14522
G1 F5400 X100.085 Y124.41 E695.18693
G0 F15000 X100.423 Y123.05
G1 F5400 X103.651 Y126.278 E695.27803
G0 F15000 X104.616 Y126.678
G1 F5400 X100.995 Y123.057 E695.38023
G0 F15000 X101.506 Y123.002
G1 F5400 X105.53 Y127.026 E695.49379
G0 F15000 X106.181 Y127.112
G1 F5400 X101.953 Y122.884 E695.61311
G0 F15000 X102.359 Y122.723
G1 F5400 X106.832 Y127.196 E695.73935
G0 F15000 X107.483 Y127.282
G1 F5400 X102.729 Y122.528 E695.87352
G0 F15000 X103.071 Y122.304
G1 F5400 X108.134 Y127.367 E696.01641
G0 F15000 X108.785 Y127.452
G1 F5400 X103.385 Y122.052 E696.16881
G0 F15000 X103.667 Y121.769
G1 F5400 X109.435 Y127.537 E696.33159
G0 F15000 X110.066 Y127.602
G1 F5400 X103.914 Y121.45 E696.50522
G0 F15000 X104.142 Y121.113
G1 F5400 X110.566 Y127.537 E696.68652
G0 F15000 X111.067 Y127.472
G1 F5400 X104.318 Y120.723 E696.87699
G0 F15000 X104.48 Y120.319
G1 F5400 X111.567 Y127.406 E697.077
G0 F15000 X112.067 Y127.34
G1 F5400 X104.575 Y119.848 E697.28844
G0 F15000 X104.631 Y119.339
G1 F5400 X112.567 Y127.275 E697.51241
G0 F15000 X113.067 Y127.209
G1 F5400 X104.598 Y118.74 E697.75142
G0 F15000 X104.457 Y118.033
G1 F5400 X113.567 Y127.143 E698.00853
G0 F15000 X114.067 Y127.078
G1 F5400 X103.736 Y116.747 E698.30009
G0 F15000 X103.276 Y116.287
G1 F5400 X92.915 Y105.926 E698.5925
G0 F15000 X92.849 Y106.426
G1 F5400 X101.979 Y115.555 E698.85015
G0 F15000 X101.255 Y115.397
G1 F5400 X92.784 Y106.926 E699.08922
G0 F15000 X92.718 Y107.426
G1 F5400 X100.65 Y115.358 E699.31308
G0 F15000 X100.148 Y115.421
G1 F5400 X92.652 Y107.926 E699.52462
G0 F15000 X92.586 Y108.426
G1 F5400 X99.678 Y115.517 E699.72476
G0 F15000 X99.273 Y115.678
G1 F5400 X92.521 Y108.926 E699.91532
G0 F15000 X92.455 Y109.425
G1 F5400 X98.887 Y115.857 E700.09684
G0 F15000 X98.544 Y116.08
G1 F5400 X92.389 Y109.925 E700.27055
G0 F15000 X92.452 Y110.554
G1 F5400 X98.223 Y116.325 E700.43342
G0 F15000 X97.941 Y116.608
G1 F5400 X92.537 Y111.205 E700.58592
G0 F15000 X92.623 Y111.856
G1 F5400 X97.688 Y116.922 E700.72888
G0 F15000 X97.469 Y117.268
G1 F5400 X92.707 Y112.506 E700.86327
G0 F15000 X92.793 Y113.158
G1 F5400 X97.273 Y117.638 E700.9897
G0 F15000 X97.115 Y118.045
G1 F5400 X92.878 Y113.808 E701.10928
G0 F15000 X92.963 Y114.459
G1 F5400 X96.997 Y118.493 E701.22313
G0 F15000 X96.939 Y119.001
G1 F5400 X93.312 Y115.374 E701.32549
G0 F15000 X93.713 Y116.34
G1 F5400 X96.945 Y119.572 E701.41671
G0 F15000 X97.086 Y120.279
G1 F5400 X94.114 Y117.307 E701.50058
G0 F15000 X94.515 Y118.274
G1 F5400 X97.419 Y121.178 E701.58254
G0 F15000 X97.06 Y121.385
G1 F5400 X95.582 Y119.906 E701.62427
G1 F2400 E700.82427
G1 F300 Z2
G0 F15000 X98.815 Y122.574
G1 F300 Z1.8
G1 F2400 E701.62427
G1 F5400 X101.718 Y125.477 E701.70619
G0 F15000 X102.684 Y125.877
G1 F5400 X99.717 Y122.91 E701.78993
G1 F2400 E700.98993
G1 F300 Z2
G0 F15000 X107.2 Y115.685
G1 F300 Z1.8
G1 F2400 E701.78993
G1 F5400 X117.367 Y125.852 E702.07686
G0 F15000 X117.767 Y125.687
G1 F5400 X108.163 Y116.083 E702.34791
G0 F15000 X108.875 Y116.229
G1 F5400 X118.167 Y125.521 E702.61015
G0 F15000 X118.567 Y125.355
G1 F5400 X109.526 Y116.314 E702.86531
G0 F15000 X110.125 Y116.347
G1 F5400 X118.933 Y125.156 E703.1139
G0 F15000 X119.254 Y124.91
G1 F5400 X110.633 Y116.29 E703.35719
G0 F15000 X111.136 Y116.227
G1 F5400 X115.706 Y120.797 E703.48617
G0 F15000 X115.434 Y119.959
G1 F5400 X111.622 Y116.147 E703.59375
G0 F15000 X112.039 Y115.999
G1 F5400 X115.362 Y119.321 E703.68752
G0 F15000 X115.391 Y118.785
G1 F5400 X112.438 Y115.832 E703.77086
G0 F15000 X112.837 Y115.666
G1 F5400 X115.477 Y118.305 E703.84535
G0 F15000 X115.612 Y117.875
G1 F5400 X113.229 Y115.492 E703.9126
G0 F15000 X113.549 Y115.246
G1 F5400 X115.777 Y117.474 E703.97548
G0 F15000 X115.986 Y117.117
G1 F5400 X113.869 Y115 E704.03523
G0 F15000 X114.189 Y114.755
G1 F5400 X116.226 Y116.791 E704.0927
G0 F15000 X116.49 Y116.49
G1 F5400 X114.49 Y114.49 E704.14915
G0 F15000 X114.754 Y114.189
G1 F5400 X116.791 Y116.226 E704.20664
G0 F15000 X117.117 Y115.985
G1 F5400 X115 Y113.868 E704.26638
G0 F15000 X115.246 Y113.549
G1 F5400 X117.47 Y115.772 E704.32913
G0 F15000 X117.873 Y115.611
G1 F5400 X115.491 Y113.228 E704.39637
G0 F15000 X115.665 Y112.837
G1 F5400 X118.305 Y115.477 E704.47088
G0 F15000 X118.785 Y115.391
G1 F5400 X115.832 Y112.438 E704.55422
G0 F15000 X115.999 Y112.039
G1 F5400 X119.321 Y115.361 E704.64797
G0 F15000 X119.959 Y115.433
G1 F5400 X116.146 Y111.62 E704.75558
G0 F15000 X116.226 Y111.135
G1 F5400 X120.796 Y115.705 E704.88456
G1 F2400 E704.08456
G1 F300 Z2
G0 F15000 X122.729 Y117.638
G1 F300 Z1.8
G1 F2400 E704.88456
G1 F5400 X124.665 Y119.574 E704.9392
G0 F15000 X124.42 Y119.894
G1 F5400 X122.998 Y118.473 E704.97932
G0 F15000 X123.057 Y119.097
G1 F5400 X124.174 Y120.214 E705.01084
G0 F15000 X123.928 Y120.534
G1 F5400 X123.039 Y119.645 E705.03593
G0 F15000 X122.949 Y120.12
G1 F5400 X123.682 Y120.854 E705.05663
G0 F15000 X123.437 Y121.174
G1 F5400 X122.824 Y120.562 E705.07392
G0 F15000 X122.655 Y120.958
G1 F5400 X123.191 Y121.494 E705.08904
G1 F2400 E704.28904
G1 F300 Z2
G0 F15000 X121.493 Y123.19
G1 F300 Z1.8
G1 F2400 E705.08904
G1 F5400 X120.957 Y122.654 E705.10417
G0 F15000 X120.559 Y122.822
G1 F5400 X121.173 Y123.436 E705.1215
G0 F15000 X120.853 Y123.681
G1 F5400 X120.123 Y122.951 E705.1421
G0 F15000 X119.645 Y123.039
G1 F5400 X120.533 Y123.928 E705.16718
G0 F15000 X120.213 Y124.173
G1 F5400 X119.099 Y123.059 E705.19862
G0 F15000 X118.474 Y122.999
G1 F5400 X119.893 Y124.419 E705.23868
G0 F15000 X119.573 Y124.664
G1 F5400 X117.631 Y122.722 E705.29349
G1 F2400 E704.49349
G1 F300 Z2
G0 F15000 X116.967 Y126.018
G1 F300 Z1.8
G1 F2400 E705.29349
G1 F5400 X93.974 Y103.025 E705.9424
G0 F15000 X93.808 Y103.425
G1 F5400 X116.567 Y126.184 E706.58471
G0 F15000 X116.167 Y126.349
G1 F5400 X93.643 Y103.825 E707.22038
G0 F15000 X93.477 Y104.225
G1 F5400 X115.768 Y126.516 E707.84948
G0 F15000 X115.367 Y126.681
G1 F5400 X93.312 Y104.626 E708.47192
G0 F15000 X93.146 Y105.026
G1 F5400 X114.968 Y126.847 E709.08777
G0 F15000 X114.568 Y127.013
G1 F5400 X92.981 Y105.426 E709.697
G1 F2400 E708.897
G1 F300 Z2
G0 F15000 X94.14 Y102.625
G1 F300 Z1.8
G1 F2400 E709.697
G1 F5400 X104.319 Y112.805 E709.98429
G0 F15000 X103.913 Y111.832
G1 F5400 X94.305 Y102.225 E710.25543
G0 F15000 X94.471 Y101.825
G1 F5400 X103.762 Y111.116 E710.51765
G0 F15000 X103.682 Y110.47
G1 F5400 X94.636 Y101.425 E710.77293
G0 F15000 X94.835 Y101.058
G1 F5400 X103.65 Y109.872 E711.02169
G0 F15000 X103.7 Y109.357
G1 F5400 X95.08 Y100.737 E711.26497
G0 F15000 X95.326 Y100.418
G1 F5400 X97.273 Y102.364 E711.3199
G0 F15000 X96.999 Y101.525
G1 F5400 X95.572 Y100.097 E711.36019
G0 F15000 X95.818 Y99.778
G1 F5400 X96.937 Y100.897 E711.39177
G0 F15000 X96.955 Y100.349
G1 F5400 X96.063 Y99.457 E711.41695
G0 F15000 X96.309 Y99.138
G1 F5400 X97.046 Y99.875 E711.43775
G0 F15000 X97.176 Y99.439
G1 F5400 X96.555 Y98.817 E711.45529
G0 F15000 X96.801 Y98.498
G1 F5400 X97.345 Y99.042 E711.47064
G0 F15000 X97.551 Y98.682
G1 F5400 X97.046 Y98.178 E711.48488
G0 F15000 X97.292 Y97.858
G1 F5400 X97.789 Y98.354 E711.49889
G0 F15000 X98.048 Y98.048
G1 F5400 X97.538 Y97.538 E711.51328
G0 F15000 X97.859 Y97.293
G1 F5400 X98.354 Y97.789 E711.52727
G0 F15000 X98.68 Y97.549
G1 F5400 X98.178 Y97.047 E711.54143
G0 F15000 X98.499 Y96.802
G1 F5400 X99.042 Y97.345 E711.55676
G0 F15000 X99.435 Y97.173
G1 F5400 X98.818 Y96.555 E711.57419
G0 F15000 X99.138 Y96.31
G1 F5400 X99.872 Y97.043 E711.59489
G0 F15000 X100.349 Y96.955
G1 F5400 X99.458 Y96.064 E711.62003
G0 F15000 X99.778 Y95.819
G1 F5400 X100.898 Y96.939 E711.65164
G0 F15000 X101.526 Y97
G1 F5400 X100.098 Y95.573 E711.69193
G0 F15000 X100.418 Y95.327
G1 F5400 X102.361 Y97.27 E711.74676
G1 F2400 E710.94676
G1 F300 Z2
G0 F15000 X100.738 Y95.081
G1 F300 Z1.8
G1 F2400 E711.74676
G1 F5400 X109.355 Y103.699 E711.98997
G0 F15000 X108.856 Y103.764
G1 F5400 X104.289 Y99.198 E712.11885
G0 F15000 X104.558 Y100.032
G1 F5400 X108.372 Y103.846 E712.22648
G0 F15000 X107.956 Y103.996
G1 F5400 X104.632 Y100.672 E712.3203
G0 F15000 X104.603 Y101.209
G1 F5400 X107.556 Y104.162 E712.40364
G0 F15000 X107.156 Y104.327
G1 F5400 X104.519 Y101.69 E712.47806
G0 F15000 X104.385 Y102.122
G1 F5400 X106.777 Y104.515 E712.54558
G0 F15000 X106.446 Y104.749
G1 F5400 X104.219 Y102.522 E712.60843
G0 F15000 X104.008 Y102.877
G1 F5400 X106.127 Y104.995 E712.66822
G0 F15000 X105.807 Y105.241
G1 F5400 X103.769 Y103.204 E712.72572
G0 F15000 X103.506 Y103.506
G1 F5400 X105.505 Y105.505 E712.78214
G0 F15000 X105.241 Y105.807
G1 F5400 X103.204 Y103.77 E712.83963
G0 F15000 X102.878 Y104.009
G1 F5400 X104.995 Y106.126 E712.89937
G0 F15000 X104.749 Y106.446
G1 F5400 X102.514 Y104.211 E712.96245
G0 F15000 X102.123 Y104.386
G1 F5400 X104.518 Y106.781 E713.03004
G0 F15000 X104.329 Y107.157
G1 F5400 X101.69 Y104.519 E713.1045
G0 F15000 X101.209 Y104.603
G1 F5400 X104.162 Y107.557 E713.18786
G0 F15000 X103.997 Y107.957
G1 F5400 X100.673 Y104.633 E713.28167
G0 F15000 X100.034 Y104.559
G1 F5400 X103.847 Y108.373 E713.38929
G0 F15000 X103.766 Y108.857
G1 F5400 X99.197 Y104.288 E713.51824
G1 F2400 E712.71824
G1 F300 Z2
G0 F15000 X101.058 Y94.836
G1 F300 Z1.8
G1 F2400 E713.51824
G1 F5400 X109.872 Y103.649 E713.76698
G0 F15000 X110.471 Y103.682
G1 F5400 X101.425 Y94.637 E714.02226
G0 F15000 X101.825 Y94.472
G1 F5400 X111.117 Y103.763 E714.28449
G0 F15000 X111.831 Y103.911
G1 F5400 X102.226 Y94.307 E714.55555
G0 F15000 X102.627 Y94.141
G1 F5400 X112.806 Y104.321 E714.84283
G1 F2400 E714.04283
G1 F300 Z2
G0 F15000 X115.556 Y101.98
G1 F300 Z1.8
G1 F2400 E714.84283
G1 F5400 X106.429 Y92.853 E715.10042
G0 F15000 X105.93 Y92.919
G1 F5400 X116.289 Y103.279 E715.39279
G0 F15000 X116.733 Y103.723
G1 F5400 X127.073 Y114.063 E715.6846
G0 F15000 X127.007 Y114.562
G1 F5400 X105.431 Y92.986 E716.29352
G0 F15000 X105.029 Y93.15
G1 F5400 X126.843 Y114.964 E716.90916
G0 F15000 X126.677 Y115.364
G1 F5400 X104.629 Y93.315 E717.53142
G0 F15000 X104.228 Y93.48
G1 F5400 X126.512 Y115.764 E718.16032
G0 F15000 X126.347 Y116.165
G1 F5400 X103.828 Y93.646 E718.79586
G0 F15000 X103.428 Y93.811
G1 F5400 X126.182 Y116.565 E719.43802
G0 F15000 X126.016 Y116.965
G1 F5400 X103.027 Y93.976 E720.08682
G1 F2400 E719.28682
G1 F300 Z2
G0 F15000 X106.929 Y92.787
G1 F300 Z1.8
G1 F2400 E720.08682
G1 F5400 X115.396 Y101.254 E720.32578
G0 F15000 X115.36 Y100.652
G1 F5400 X107.429 Y92.721 E720.54961
G0 F15000 X107.929 Y92.655
G1 F5400 X115.422 Y100.149 E720.76109
G0 F15000 X115.516 Y99.677
G1 F5400 X108.428 Y92.589 E720.96113
G0 F15000 X108.927 Y92.522
G1 F5400 X115.677 Y99.272 E721.15163
G0 F15000 X115.856 Y98.885
G1 F5400 X109.427 Y92.456 E721.33307
G0 F15000 X109.926 Y92.39
G1 F5400 X116.081 Y98.545 E721.50678
G0 F15000 X116.326 Y98.224
G1 F5400 X110.556 Y92.454 E721.66962
G0 F15000 X111.208 Y92.54
G1 F5400 X116.607 Y97.939 E721.82199
G0 F15000 X116.922 Y97.688
G1 F5400 X111.861 Y92.627 E721.96482
G0 F15000 X112.513 Y92.714
G1 F5400 X117.264 Y97.465 E722.09891
G0 F15000 X117.633 Y97.268
G1 F5400 X113.165 Y92.8 E722.225
G0 F15000 X113.817 Y92.887
G1 F5400 X118.043 Y97.113 E722.34427
G0 F15000 X118.49 Y96.994
G1 F5400 X114.469 Y92.973 E722.45775
G0 F15000 X115.386 Y93.324
G1 F5400 X119 Y96.939 E722.55976
G0 F15000 X119.571 Y96.944
G1 F5400 X116.349 Y93.721 E722.65071
G0 F15000 X117.313 Y94.119
G1 F5400 X120.283 Y97.09 E722.73454
G0 F15000 X121.313 Y97.555
G1 F5400 X118.276 Y94.517 E722.82027
G1 F2400 E722.02027
G1 F300 Z2
G0 F15000 X119.906 Y95.582
G1 F300 Z1.8
G1 F2400 E722.82027
G1 F5400 X124.412 Y100.087 E722.94742
G0 F15000 X123.048 Y100.42
G1 F5400 X126.275 Y103.648 E723.03851
G0 F15000 X126.674 Y104.612
G1 F5400 X123.058 Y100.996 E723.14056
G0 F15000 X123.001 Y101.504
G1 F5400 X127.024 Y105.528 E723.25411
G0 F15000 X127.11 Y106.179
G1 F5400 X122.883 Y101.953 E723.37339
G0 F15000 X122.724 Y102.359
G1 F5400 X127.195 Y106.83 E723.49957
G0 F15000 X127.281 Y107.482
G1 F5400 X122.527 Y102.728 E723.63374
G0 F15000 X122.305 Y103.072
G1 F5400 X127.366 Y108.133 E723.77657
G0 F15000 X127.452 Y108.784
G1 F5400 X122.051 Y103.383 E723.929
G0 F15000 X121.769 Y103.668
G1 F5400 X127.538 Y109.436 E724.0918
G0 F15000 X127.603 Y110.067
G1 F5400 X121.451 Y103.915 E724.26542
G0 F15000 X121.113 Y104.143
G1 F5400 X127.537 Y110.566 E724.44671
G0 F15000 X127.471 Y111.066
G1 F5400 X120.725 Y104.32 E724.6371
G0 F15000 X120.32 Y104.481
G1 F5400 X127.404 Y111.565 E724.83702
G0 F15000 X127.338 Y112.064
G1 F5400 X119.848 Y104.574 E725.0484
G0 F15000 X119.342 Y104.634
G1 F5400 X127.272 Y112.564 E725.27221
G0 F15000 X127.206 Y113.064
G1 F5400 X118.741 Y104.599 E725.51111
G0 F15000 X118.028 Y104.452
G1 F5400 X127.14 Y113.563 E725.76825
G1 F2400 E724.96825
G1 F300 Z2
G0 F15000 X125.851 Y117.366
G1 F300 Z1.8
G1 F2400 E725.76825
G1 F5400 X115.688 Y107.203 E726.05508
G0 F15000 X116.084 Y108.164
G1 F5400 X125.685 Y117.766 E726.32605
G0 F15000 X125.521 Y118.167
G1 F5400 X116.226 Y108.873 E726.58836
G0 F15000 X116.309 Y109.521
G1 F5400 X125.355 Y118.567 E726.84366
G0 F15000 X125.156 Y118.934
G1 F5400 X116.354 Y110.132 E727.09207
G0 F15000 X116.29 Y110.633
G1 F5400 X124.911 Y119.254 E727.33537
G1 F2400 E726.53537
G1 F300 Z2
G0 F15000 X125.876 Y102.683
G1 F300 Z1.8
G1 F2400 E727.33537
G1 F5400 X122.906 Y99.713 E727.41919
G0 F15000 X122.456 Y98.697
G1 F5400 X125.477 Y101.718 E727.50445
G1 F2400 E726.70445
G1 F300 Z2
G0 F15000 X122.539 Y97.649
G1 F300 Z1.8
G1 F2400 E727.50445
G1 F5400 X122.344 Y97.454 E727.50996
G1 F2400 E726.70996
G1 F300 Z2
;MESH:NONMESH
G0 F15000 X100.87 Y104.083
;TIME_ELAPSED:1265.262490
;LAYER:15
;MESH:vertMount_Cover_RPi_r01.stl
G0 Z2.12
;TYPE:WALL-INNER
G1 F300 Z1.92
G1 F2400 E727.50996
G1 F5400 X100.611 Y104.073 E727.51513
G1 X99.949 Y103.986 E727.52845
G1 X99.338 Y103.741 E727.54159
G1 X99.061 Y103.604 E727.54776
G1 X98.605 Y103.254 E727.55923
G1 X98.387 Y103.061 E727.56504
G1 X98.055 Y102.627 E727.57594
G1 X97.822 Y102.226 E727.5852
G1 X97.671 Y101.862 E727.59306
G1 X97.561 Y101.49 E727.6008
G1 X97.496 Y101.02 E727.61027
G1 X97.496 Y100.538 E727.61989
G1 X97.548 Y100.154 E727.62762
G1 X97.671 Y99.702 E727.63697
G1 X97.888 Y99.199 E727.6479
G1 X98.048 Y98.946 E727.65388
G1 X98.291 Y98.624 E727.66193
G1 X98.5 Y98.387 E727.66823
G1 X98.934 Y98.053 E727.67916
G1 X99.347 Y97.815 E727.68868
G1 X99.707 Y97.667 E727.69644
G1 X100.152 Y97.547 E727.70564
G1 X100.54 Y97.495 E727.71345
G1 X101.02 Y97.496 E727.72303
G1 X101.489 Y97.56 E727.73248
G1 X101.853 Y97.667 E727.74005
G1 X102.213 Y97.815 E727.74782
G1 X102.626 Y98.053 E727.75733
G1 X103.06 Y98.387 E727.76826
G1 X103.267 Y98.622 E727.77451
G1 X103.61 Y99.068 E727.78574
G1 X103.741 Y99.338 E727.79173
G1 X103.986 Y99.949 E727.80486
G1 X104.073 Y100.611 E727.81819
G1 X104.083 Y100.87 E727.82336
G1 X104.019 Y101.39 E727.83381
G1 X103.938 Y101.744 E727.84106
G1 X103.692 Y102.335 E727.85384
G1 X103.521 Y102.606 E727.86023
G1 X103.223 Y103.002 E727.87012
G1 X103.002 Y103.223 E727.87636
G1 X102.606 Y103.521 E727.88625
G1 X102.375 Y103.667 E727.8917
G1 X101.783 Y103.929 E727.90462
G1 X101.39 Y104.019 E727.91267
G1 X100.87 Y104.083 E727.92312
G0 F15000 X100.777 Y103.691
G1 F5400 X100.103 Y103.607 E727.93668
G1 X99.856 Y103.524 E727.94188
G1 X99.323 Y103.302 E727.9534
G1 X98.72 Y102.838 E727.96858
G1 X98.372 Y102.384 E727.98
G1 X98.191 Y102.072 E727.9872
G1 X98.04 Y101.708 E727.99506
G1 X97.954 Y101.418 E728.0011
G1 X97.892 Y100.966 E728.0102
G1 X97.892 Y100.591 E728.01769
G1 X97.944 Y100.207 E728.02542
G1 X98.04 Y99.856 E728.03268
G1 X98.273 Y99.311 E728.04451
G1 X98.715 Y98.727 E728.05913
G1 X99.178 Y98.37 E728.07079
G1 X99.499 Y98.185 E728.07819
G1 X99.859 Y98.037 E728.08595
G1 X100.205 Y97.944 E728.0931
G1 X100.593 Y97.892 E728.10092
G1 X100.966 Y97.892 E728.10836
G1 X101.418 Y97.954 E728.11746
G1 X101.701 Y98.037 E728.12335
G1 X102.061 Y98.185 E728.13112
G1 X102.382 Y98.37 E728.13851
G1 X102.839 Y98.722 E728.15002
G1 X103.306 Y99.329 E728.16531
G1 X103.596 Y100.046 E728.18074
G1 X103.674 Y100.649 E728.19287
G1 X103.67 Y100.952 E728.19892
G1 X103.622 Y101.34 E728.20672
G1 X103.559 Y101.616 E728.21237
G1 X103.287 Y102.25 E728.22614
G1 X102.844 Y102.843 E728.24091
G1 X102.254 Y103.286 E728.25564
G1 X101.616 Y103.559 E728.26948
G1 X101.34 Y103.622 E728.27513
G1 X100.777 Y103.691 E728.28645
G0 F15000 X100.749 Y103.284
G1 F5400 X100.146 Y103.207 E728.29858
G1 X99.528 Y102.955 E728.3119
G1 X99.005 Y102.552 E728.32508
G1 X98.69 Y102.141 E728.33541
G1 X98.561 Y101.918 E728.34055
G1 X98.361 Y101.438 E728.35093
G1 X98.288 Y100.913 E728.36151
G1 X98.289 Y100.645 E728.36686
G1 X98.341 Y100.261 E728.37459
G1 X98.409 Y100.01 E728.37978
G1 X98.62 Y99.516 E728.3905
G1 X98.984 Y99.034 E728.40255
G1 X99.422 Y98.687 E728.4137
G1 X99.651 Y98.555 E728.41898
G1 X100.011 Y98.407 E728.42675
G1 X100.259 Y98.34 E728.43187
G1 X100.646 Y98.288 E728.43967
G1 X100.913 Y98.288 E728.44499
G1 X101.431 Y98.358 E728.45543
G1 X101.909 Y98.555 E728.46574
G1 X102.138 Y98.687 E728.47102
G1 X102.554 Y99.007 E728.48149
G1 X102.956 Y99.53 E728.49466
G1 X103.207 Y100.146 E728.50793
G1 X103.288 Y100.781 E728.5207
G1 X103.209 Y101.421 E728.53357
G1 X102.939 Y102.049 E728.54721
G1 X102.558 Y102.558 E728.5599
G1 X102.049 Y102.939 E728.57259
G1 X101.415 Y103.212 E728.58637
G1 X100.749 Y103.284 E728.59973
G0 F15000 X100.781 Y102.885
G1 F5400 X100.249 Y102.819 E728.61043
G1 X99.733 Y102.601 E728.62161
G1 X99.294 Y102.264 E728.63266
G1 X98.961 Y101.838 E728.64345
G1 X98.748 Y101.328 E728.65448
G1 X98.674 Y100.779 E728.66553
G1 X98.748 Y100.235 E728.67649
G1 X98.967 Y99.72 E728.68765
G1 X99.295 Y99.295 E728.69837
G1 X99.727 Y98.956 E728.70933
G1 X100.235 Y98.747 E728.72029
G1 X100.781 Y98.674 E728.73128
G1 X101.326 Y98.748 E728.74226
G1 X101.833 Y98.956 E728.75319
G1 X102.264 Y99.295 E728.76414
G1 X102.601 Y99.733 E728.77516
G1 X102.819 Y100.249 E728.78634
G1 X102.885 Y100.781 E728.79704
G1 X102.818 Y101.319 E728.80786
G1 X102.595 Y101.842 E728.81921
G1 X102.269 Y102.269 E728.82993
G1 X101.842 Y102.595 E728.84065
G1 X101.319 Y102.818 E728.85199
G1 X100.781 Y102.885 E728.86281
G1 F2400 E728.06281
G1 F300 Z2.12
G0 F15000 X110 Y115.788
G1 F300 Z1.92
G1 F2400 E728.86281
G1 F5400 X109.772 Y115.782 E728.86737
G1 X108.608 Y115.634 E728.89078
G1 X108.355 Y115.558 E728.89605
G1 X107.071 Y115.021 E728.92383
G1 X106.014 Y114.207 E728.95045
G1 X105.793 Y113.986 E728.95669
G1 X104.978 Y112.925 E728.98339
G1 X104.443 Y111.656 E729.01087
G1 X104.362 Y111.387 E729.01648
G1 X104.204 Y110.128 E729.0418
G1 X104.214 Y109.772 E729.04891
G1 X104.362 Y108.611 E729.07226
G1 X104.437 Y108.357 E729.07755
G1 X104.969 Y107.095 E729.10488
G1 X105.793 Y106.014 E729.132
G1 X106.014 Y105.793 E729.13824
G1 X107.095 Y104.969 E729.16537
G1 X108.357 Y104.437 E729.1927
G1 X108.613 Y104.361 E729.19803
G1 X109.873 Y104.204 E729.22336
G1 X110.229 Y104.214 E729.23047
G1 X111.389 Y104.362 E729.25381
G1 X111.656 Y104.443 E729.25938
G1 X112.808 Y104.929 E729.28433
G1 X113.09 Y105.105 E729.29096
G1 X113.986 Y105.793 E729.31351
G1 X114.207 Y106.014 E729.31974
G1 X115.021 Y107.071 E729.34637
G1 X115.558 Y108.355 E729.37414
G1 X115.634 Y108.61 E729.37945
G1 X115.792 Y109.873 E729.40485
G1 X115.782 Y110.229 E729.41196
G1 X115.633 Y111.392 E729.43536
G1 X115.552 Y111.658 E729.44091
G1 X115.026 Y112.919 E729.46817
G1 X114.207 Y113.986 E729.49501
G1 X113.986 Y114.207 E729.50125
G1 X112.919 Y115.026 E729.52809
G1 X111.658 Y115.552 E729.55536
G1 X111.39 Y115.634 E729.56095
G1 X110.128 Y115.792 E729.58633
G1 X110 Y115.788 E729.58889
G0 F15000 X109.998 Y115.406
G1 F5400 X108.581 Y115.22 E729.61741
G1 X107.298 Y114.684 E729.64516
G1 X106.271 Y113.901 E729.67093
G1 X106.099 Y113.729 E729.67579
G1 X105.313 Y112.693 E729.70174
G1 X104.766 Y111.394 E729.72986
G1 X104.59 Y109.998 E729.75794
G1 X104.776 Y108.579 E729.7865
G1 X105.32 Y107.292 E729.81439
G1 X106.099 Y106.271 E729.84002
G1 X106.271 Y106.099 E729.84487
G1 X107.309 Y105.306 E729.87094
G1 X108.58 Y104.776 E729.89842
G1 X109.998 Y104.59 E729.92696
G1 X111.394 Y104.766 E729.95504
G1 X112.628 Y105.286 E729.98176
G1 X112.847 Y105.423 E729.98692
G1 X113.729 Y106.099 E730.00909
G1 X113.901 Y106.271 E730.01395
G1 X114.684 Y107.298 E730.03972
G1 X115.22 Y108.581 E730.06747
G1 X115.406 Y109.998 E730.09599
G1 X115.23 Y111.391 E730.12401
G1 X114.687 Y112.692 E730.15214
G1 X113.901 Y113.729 E730.17811
G1 X113.729 Y113.901 E730.18296
G1 X112.677 Y114.698 E730.2093
G1 X111.389 Y115.231 E730.23712
G1 X109.998 Y115.406 E730.26509
G0 F15000 X110 Y115.004
G1 F5400 X109.99 Y115.005 E730.2653
G1 X108.689 Y114.832 E730.29149
G1 X107.497 Y114.336 E730.31725
G1 X106.455 Y113.538 E730.34344
G1 X105.663 Y112.495 E730.36958
G1 X105.165 Y111.312 E730.39519
G1 X104.991 Y109.991 E730.42178
G1 X105.163 Y108.69 E730.44797
G1 X105.667 Y107.494 E730.47387
G1 X106.459 Y106.459 E730.49988
G1 X107.506 Y105.658 E730.52619
G1 X108.691 Y105.163 E730.55182
G1 X110 Y104.993 E730.57816
G1 X111.312 Y105.165 E730.60456
G1 X112.496 Y105.663 E730.6302
G1 X113.541 Y106.458 E730.6564
G1 X114.336 Y107.497 E730.68251
G1 X114.833 Y108.69 E730.7083
G1 X115.003 Y110 E730.73466
G1 X114.832 Y111.308 E730.76098
G1 X114.339 Y112.493 E730.7866
G1 X113.539 Y113.545 E730.81297
G1 X112.493 Y114.339 E730.83918
G1 X111.308 Y114.832 E730.86479
G1 X110 Y115.004 E730.89112
G0 F15000 X110 Y114.598
G1 F5400 X108.8 Y114.445 E730.91526
G1 X107.699 Y113.988 E730.93905
G1 X106.744 Y113.256 E730.96306
G1 X106.009 Y112.292 E730.98725
G1 X105.55 Y111.195 E731.01098
G1 X105.396 Y110.017 E731.03469
G1 X105.551 Y108.8 E731.05917
G1 X106.013 Y107.697 E731.08304
G1 X106.747 Y106.747 E731.107
G1 X107.697 Y106.013 E731.13095
G1 X108.812 Y105.546 E731.15508
G1 X110.001 Y105.394 E731.179
G1 X111.196 Y105.55 E731.20305
G1 X112.306 Y106.016 E731.22707
G1 X113.252 Y106.747 E731.25093
G1 X113.988 Y107.699 E731.27495
G1 X114.45 Y108.812 E731.29899
G1 X114.602 Y110.001 E731.32291
G1 X114.446 Y111.196 E731.34696
G1 X113.985 Y112.305 E731.37093
G1 X113.253 Y113.253 E731.39483
G1 X112.289 Y113.993 E731.41909
G1 X111.196 Y114.446 E731.4427
G1 X110.017 Y114.6 E731.46643
G1 X110 Y114.598 E731.46677
G1 F2400 E730.66677
G1 F300 Z2.12
G0 F15000 X118.992 Y122.502
G1 F300 Z1.92
G1 F2400 E731.46677
G1 F5400 X118.508 Y122.44 E731.4765
G1 X118.138 Y122.329 E731.48421
G1 X117.774 Y122.178 E731.49208
G1 X117.37 Y121.943 E731.5014
G1 X116.939 Y121.611 E731.51226
G1 X116.742 Y121.391 E731.51815
G1 X116.393 Y120.935 E731.52961
G1 X116.258 Y120.662 E731.53569
G1 X116.106 Y120.298 E731.54356
G1 X116.001 Y119.984 E731.55017
G1 X115.923 Y119.384 E731.56225
G1 X115.913 Y119.115 E731.56762
G1 X115.984 Y118.59 E731.57819
G1 X116.059 Y118.264 E731.58487
G1 X116.302 Y117.664 E731.59778
G1 X116.491 Y117.369 E731.60478
G1 X116.777 Y116.998 E731.61412
G1 X116.998 Y116.777 E731.62036
G1 X117.369 Y116.491 E731.62971
G1 X117.664 Y116.302 E731.6367
G1 X118.264 Y116.059 E731.64962
G1 X118.59 Y115.984 E731.65629
G1 X119.115 Y115.913 E731.66687
G1 X119.384 Y115.923 E731.67224
G1 X119.844 Y115.983 E731.6815
G1 X120.135 Y116.047 E731.68744
G1 X120.662 Y116.258 E731.69877
G1 X120.935 Y116.393 E731.70485
G1 X121.39 Y116.741 E731.71628
G1 X121.608 Y116.934 E731.72209
G1 X121.943 Y117.37 E731.73306
G1 X122.178 Y117.774 E731.74239
G1 X122.33 Y118.138 E731.75026
G1 X122.439 Y118.509 E731.75798
G1 X122.502 Y118.992 E731.7677
G1 X122.502 Y119.438 E731.7766
G1 X122.455 Y119.826 E731.7844
G1 X122.329 Y120.298 E731.79415
G1 X122.178 Y120.662 E731.80201
G1 X121.945 Y121.064 E731.81128
G1 X121.599 Y121.507 E731.8225
G1 X121.383 Y121.696 E731.82823
G1 X121.065 Y121.944 E731.83628
G1 X120.803 Y122.114 E731.84251
G1 X120.298 Y122.329 E731.85346
G1 X119.826 Y122.455 E731.86321
G1 X119.438 Y122.502 E731.87101
G1 X118.992 Y122.502 E731.87991
G0 F15000 X119.042 Y122.105
G1 F5400 X118.58 Y122.046 E731.88921
G1 X118.292 Y121.96 E731.8952
G1 X117.928 Y121.808 E731.90308
G1 X117.614 Y121.626 E731.91032
G1 X117.154 Y121.272 E731.9219
G1 X116.693 Y120.67 E731.93703
G1 X116.404 Y119.951 E731.9525
G1 X116.303 Y119.208 E731.96746
G1 X116.38 Y118.644 E731.97882
G1 X116.439 Y118.39 E731.98403
G1 X116.711 Y117.738 E731.99812
G1 X117.158 Y117.158 E732.01274
G1 X117.738 Y116.711 E732.02735
G1 X118.39 Y116.439 E732.04145
G1 X118.644 Y116.38 E732.04665
G1 X119.208 Y116.303 E732.05801
G1 X119.952 Y116.404 E732.073
G1 X120.673 Y116.695 E732.08851
G1 X121.274 Y117.157 E732.10364
G1 X121.626 Y117.614 E732.11515
G1 X121.808 Y117.928 E732.12239
G1 X121.961 Y118.292 E732.13027
G1 X122.046 Y118.581 E732.13628
G1 X122.106 Y119.042 E732.14556
G1 X122.106 Y119.388 E732.15247
G1 X122.058 Y119.777 E732.16029
G1 X121.96 Y120.144 E732.16787
G1 X121.809 Y120.508 E732.17573
G1 X121.628 Y120.821 E732.18295
G1 X121.271 Y121.277 E732.19451
G1 X120.691 Y121.728 E732.20917
G1 X120.144 Y121.96 E732.22102
G1 X119.777 Y122.058 E732.22861
G1 X119.388 Y122.106 E732.23643
G1 X119.042 Y122.105 E732.24333
G0 F15000 X119.219 Y121.724
G1 F5400 X118.57 Y121.643 E732.25638
G1 X118.082 Y121.439 E732.26694
G1 X117.858 Y121.309 E732.27211
G1 X117.441 Y120.989 E732.2826
G1 X117.044 Y120.47 E732.29564
G1 X116.794 Y119.855 E732.30889
G1 X116.711 Y119.245 E732.32117
G1 X116.791 Y118.585 E732.33444
G1 X117.055 Y117.947 E732.34822
G1 X117.443 Y117.443 E732.36091
G1 X117.947 Y117.055 E732.3736
G1 X118.584 Y116.791 E732.38736
G1 X119.251 Y116.71 E732.40077
G1 X119.855 Y116.794 E732.41294
G1 X120.476 Y117.046 E732.42632
G1 X120.984 Y117.448 E732.43924
G1 X121.309 Y117.858 E732.44968
G1 X121.439 Y118.082 E732.45485
G1 X121.641 Y118.565 E732.4653
G1 X121.725 Y119.212 E732.47832
G1 X121.661 Y119.727 E732.48868
G1 X121.591 Y119.99 E732.49411
G1 X121.439 Y120.354 E732.50198
G1 X121.306 Y120.583 E732.50727
G1 X120.984 Y120.984 E732.51753
G1 X120.491 Y121.379 E732.53013
G1 X119.99 Y121.591 E732.54099
G1 X119.727 Y121.661 E732.54642
G1 X119.219 Y121.724 E732.55664
G0 F15000 X119.215 Y121.321
G1 F5400 X118.673 Y121.253 E732.56754
G1 X118.162 Y121.039 E732.57859
G1 X117.732 Y120.701 E732.58951
G1 X117.395 Y120.272 E732.6004
G1 X117.186 Y119.753 E732.61156
G1 X117.11 Y119.216 E732.62238
G1 X117.183 Y118.679 E732.6332
G1 X117.401 Y118.153 E732.64456
G1 X117.731 Y117.731 E732.65525
G1 X118.153 Y117.401 E732.66594
G1 X118.679 Y117.183 E732.67731
G1 X119.214 Y117.11 E732.68808
G1 X119.753 Y117.182 E732.69893
G1 X120.266 Y117.399 E732.71005
G1 X120.701 Y117.731 E732.72097
G1 X121.039 Y118.162 E732.7319
G1 X121.253 Y118.673 E732.74296
G1 X121.321 Y119.215 E732.75386
G1 X121.254 Y119.76 E732.76481
G1 X121.037 Y120.278 E732.77602
G1 X120.701 Y120.701 E732.7868
G1 X120.279 Y121.035 E732.79754
G1 X119.761 Y121.254 E732.80877
G1 X119.215 Y121.321 E732.81974
G1 F2400 E732.01974
G1 F300 Z2.12
G0 F15000 X110 Y128.18
G1 F300 Z1.92
G1 F2400 E732.81974
G1 F5400 X114.71 Y127.562 E732.91454
G1 X119.087 Y125.747 E733.0091
G1 X122.856 Y122.856 E733.1039
G1 X125.747 Y119.088 E733.19867
G1 X127.558 Y114.71 E733.29322
G1 X128.18 Y110 E733.38803
G1 X127.558 Y105.286 E733.48292
G1 X125.747 Y100.908 E733.57747
G1 X122.856 Y97.14 E733.67224
G1 X119.088 Y94.249 E733.76702
G1 X114.71 Y92.438 E733.86157
G1 X110 Y91.816 E733.95638
G1 X105.286 Y92.438 E734.05126
G1 X100.908 Y94.249 E734.14581
G1 X97.14 Y97.14 E734.24059
G1 X94.248 Y100.909 E734.33539
G1 X92.434 Y105.286 E734.42995
G1 X91.816 Y110 E734.52482
G1 X92.434 Y114.71 E734.61962
G1 X94.248 Y119.087 E734.71418
G1 X97.14 Y122.856 E734.80898
G1 X100.908 Y125.747 E734.90376
G1 X105.286 Y127.562 E734.99834
G1 X110 Y128.18 E735.09321
G0 F15000 X110 Y128.584
G1 F5400 X114.814 Y127.952 E735.19011
G1 X119.289 Y126.097 E735.28678
G1 X123.141 Y123.141 E735.38368
G1 X126.096 Y119.29 E735.48054
G1 X127.948 Y114.814 E735.57721
G1 X128.583 Y110 E735.67411
G1 X127.948 Y105.182 E735.77109
G1 X126.096 Y100.706 E735.86776
G1 X123.141 Y96.855 E735.96463
G1 X119.29 Y93.899 E736.06151
G1 X114.814 Y92.048 E736.15817
G1 X110 Y91.413 E736.25507
G1 X105.182 Y92.048 E736.35205
G1 X100.706 Y93.899 E736.44871
G1 X96.855 Y96.855 E736.54559
G1 X93.899 Y100.707 E736.64249
G1 X92.044 Y105.182 E736.73916
G1 X91.412 Y110 E736.83613
G1 X92.044 Y114.814 E736.93302
G1 X93.899 Y119.289 E737.0297
G1 X96.855 Y123.141 E737.12659
G1 X100.707 Y126.097 E737.22349
G1 X105.182 Y127.951 E737.32015
G1 X110 Y128.584 E737.41713
G0 F15000 X110 Y128.987
G1 F5400 X114.918 Y128.341 E737.51612
G1 X119.491 Y126.446 E737.6149
G1 X123.426 Y123.426 E737.71389
G1 X126.446 Y119.491 E737.81288
G1 X128.337 Y114.919 E737.91161
G1 X128.987 Y110 E738.01063
G1 X128.337 Y105.077 E738.10973
G1 X126.446 Y100.505 E738.20846
G1 X123.426 Y96.57 E738.30745
G1 X119.491 Y93.55 E738.40644
G1 X114.919 Y91.659 E738.50517
G1 X110 Y91.009 E738.60419
G1 X105.077 Y91.659 E738.70329
G1 X100.505 Y93.55 E738.80202
G1 X96.569 Y96.569 E738.90101
G1 X93.55 Y100.505 E739.00001
G1 X91.655 Y105.077 E739.09877
G1 X91.009 Y110 E739.19786
G1 X91.655 Y114.918 E739.29684
G1 X93.55 Y119.491 E739.39563
G1 X96.569 Y123.427 E739.49462
G1 X100.505 Y126.446 E739.59361
G1 X105.077 Y128.341 E739.69238
G1 X110 Y128.987 E739.79146
G0 F15000 X110 Y129.39
G1 F5400 X115.023 Y128.731 E739.89256
G1 X119.693 Y126.795 E739.99345
G1 X123.712 Y123.712 E740.09453
G1 X126.795 Y119.693 E740.19562
G1 X128.727 Y115.023 E740.29647
G1 X129.39 Y110 E740.39758
G1 X128.727 Y104.973 E740.49877
G1 X126.795 Y100.303 E740.59962
G1 X123.712 Y96.284 E740.70071
G1 X119.693 Y93.201 E740.80179
G1 X115.023 Y91.269 E740.90265
G1 X110 Y90.606 E741.00375
G1 X104.973 Y91.269 E741.10494
G1 X100.303 Y93.201 E741.2058
G1 X96.284 Y96.284 E741.30688
G1 X93.2 Y100.303 E741.40798
G1 X91.265 Y104.973 E741.50885
G1 X90.606 Y110 E741.61003
G1 X91.265 Y115.023 E741.71113
G1 X93.2 Y119.693 E741.81201
G1 X96.284 Y123.712 E741.9131
G1 X100.303 Y126.795 E742.01419
G1 X104.973 Y128.731 E742.11507
G1 X110 Y129.39 E742.21625
G1 F2400 E741.41625
G1 F300 Z2.12
G0 F15000 X101.002 Y122.502
G1 F300 Z1.92
G1 F2400 E742.21625
G1 F5400 X100.557 Y122.502 E742.22513
G1 X100.172 Y122.455 E742.23287
G1 X99.708 Y122.332 E742.24245
G1 X99.195 Y122.113 E742.25358
G1 X98.932 Y121.945 E742.25981
G1 X98.496 Y121.605 E742.27084
G1 X98.291 Y121.372 E742.27704
G1 X98.055 Y121.064 E742.28478
G1 X97.823 Y120.662 E742.29404
G1 X97.671 Y120.298 E742.30192
G1 X97.547 Y119.844 E742.31131
G1 X97.495 Y119.456 E742.31912
G1 X97.496 Y118.974 E742.32874
G1 X97.561 Y118.508 E742.33813
G1 X97.671 Y118.138 E742.34583
G1 X97.822 Y117.774 E742.3537
G1 X98.048 Y117.382 E742.36273
G1 X98.382 Y116.941 E742.37376
G1 X98.605 Y116.742 E742.37973
G1 X99.071 Y116.389 E742.3914
G1 X99.338 Y116.258 E742.39733
G1 X99.946 Y116.015 E742.4104
G1 X100.612 Y115.923 E742.42381
G1 X100.884 Y115.913 E742.42925
G1 X101.408 Y115.983 E742.4398
G1 X101.742 Y116.061 E742.44664
G1 X102.332 Y116.302 E742.45936
G1 X102.619 Y116.484 E742.46614
G1 X103.002 Y116.777 E742.47576
G1 X103.223 Y116.998 E742.482
G1 X103.515 Y117.38 E742.4916
G1 X103.668 Y117.622 E742.49731
G1 X103.93 Y118.221 E742.51036
G1 X104.019 Y118.608 E742.51828
G1 X104.083 Y119.122 E742.52862
G1 X104.073 Y119.385 E742.53387
G1 X103.999 Y119.951 E742.54526
G1 X103.936 Y120.197 E742.55033
G1 X103.68 Y120.81 E742.56359
G1 X103.501 Y121.075 E742.56997
G1 X103.168 Y121.501 E742.58076
G1 X102.947 Y121.696 E742.58664
G1 X102.639 Y121.936 E742.59443
G1 X102.226 Y122.178 E742.60399
G1 X101.862 Y122.329 E742.61185
G1 X101.489 Y122.44 E742.61962
G1 X101.002 Y122.502 E742.62941
G0 F15000 X100.953 Y122.106
G1 F5400 X100.606 Y122.106 E742.63634
G1 X100.222 Y122.058 E742.64406
G1 X99.861 Y121.962 E742.65151
G1 X99.299 Y121.724 E742.66369
G1 X98.718 Y121.272 E742.67838
G1 X98.372 Y120.82 E742.68974
G1 X98.192 Y120.508 E742.69693
G1 X98.04 Y120.144 E742.7048
G1 X97.944 Y119.791 E742.7121
G1 X97.892 Y119.403 E742.71992
G1 X97.892 Y119.028 E742.7274
G1 X97.954 Y118.58 E742.73643
G1 X98.04 Y118.292 E742.74242
G1 X98.191 Y117.928 E742.75029
G1 X98.367 Y117.623 E742.75732
G1 X98.719 Y117.158 E742.76895
G1 X99.33 Y116.694 E742.78426
G1 X99.856 Y116.476 E742.79563
G1 X100.097 Y116.395 E742.8007
G1 X100.781 Y116.303 E742.81447
G1 X101.355 Y116.38 E742.82603
G1 X101.615 Y116.44 E742.83136
G1 X102.256 Y116.711 E742.84524
G1 X102.843 Y117.157 E742.85996
G1 X103.284 Y117.738 E742.87451
G1 X103.561 Y118.389 E742.88863
G1 X103.622 Y118.658 E742.89414
G1 X103.691 Y119.211 E742.90526
G1 X103.598 Y119.949 E742.9201
G1 X103.327 Y120.619 E742.93452
G1 X103.185 Y120.829 E742.93958
G1 X102.835 Y121.277 E742.95093
G1 X102.393 Y121.621 E742.96211
G1 X102.072 Y121.808 E742.96952
G1 X101.708 Y121.96 E742.97739
G1 X101.418 Y122.046 E742.98343
G1 X100.953 Y122.106 E742.99278
G0 F15000 X100.78 Y121.725
G1 F5400 X100.272 Y121.661 E743.003
G1 X100.014 Y121.593 E743.00833
G1 X99.502 Y121.376 E743.01942
G1 X98.986 Y120.963 E743.03261
G1 X98.69 Y120.577 E743.04232
G1 X98.561 Y120.354 E743.04746
G1 X98.409 Y119.99 E743.05533
G1 X98.34 Y119.737 E743.06057
G1 X98.288 Y119.35 E743.06836
G1 X98.288 Y119.081 E743.07373
G1 X98.361 Y118.562 E743.08419
G1 X98.561 Y118.082 E743.09456
G1 X98.686 Y117.864 E743.09958
G1 X99.006 Y117.441 E743.11016
G1 X99.533 Y117.043 E743.12334
G1 X100.144 Y116.794 E743.13651
G1 X100.784 Y116.707 E743.1494
G1 X101.42 Y116.792 E743.1622
G1 X102.051 Y117.057 E743.17586
G1 X102.558 Y117.443 E743.18858
G1 X102.94 Y117.946 E743.20118
G1 X103.212 Y118.59 E743.21513
G1 X103.284 Y119.246 E743.2283
G1 X103.207 Y119.852 E743.24049
G1 X102.954 Y120.475 E743.25391
G1 X102.576 Y120.96 E743.26618
G1 X102.147 Y121.305 E743.27717
G1 X101.918 Y121.439 E743.28246
G1 X101.431 Y121.642 E743.29299
G1 X100.78 Y121.725 E743.30609
G0 F15000 X100.78 Y121.321
G1 F5400 X100.24 Y121.254 E743.31695
G1 X99.715 Y121.034 E743.32831
G1 X99.295 Y120.701 E743.339
G1 X98.962 Y120.277 E743.34976
G1 X98.748 Y119.763 E743.36087
G1 X98.674 Y119.215 E743.37191
G1 X98.748 Y118.671 E743.38287
G1 X98.96 Y118.164 E743.39383
G1 X99.293 Y117.733 E743.4047
G1 X99.735 Y117.398 E743.41577
G1 X100.246 Y117.182 E743.42684
G1 X100.781 Y117.11 E743.43761
G1 X101.322 Y117.183 E743.44851
G1 X101.845 Y117.403 E743.45983
G1 X102.272 Y117.728 E743.47054
G1 X102.594 Y118.152 E743.48116
G1 X102.818 Y118.681 E743.49263
G1 X102.885 Y119.214 E743.50335
G1 X102.819 Y119.75 E743.51413
G1 X102.601 Y120.268 E743.52534
G1 X102.266 Y120.7 E743.53625
G1 X101.84 Y121.038 E743.5471
G1 X101.327 Y121.252 E743.55819
G1 X100.78 Y121.321 E743.5692
G1 F2400 E742.7692
G1 F300 Z2.12
G0 F15000 X119.122 Y104.083
G1 F300 Z1.92
G1 F2400 E743.5692
G1 F5400 X118.608 Y104.019 E743.57953
G1 X118.263 Y103.94 E743.5866
G1 X117.662 Y103.693 E743.59956
G1 X117.38 Y103.514 E743.60623
G1 X116.998 Y103.223 E743.61581
G1 X116.777 Y103.002 E743.62205
G1 X116.484 Y102.618 E743.63169
G1 X116.327 Y102.371 E743.63753
G1 X116.072 Y101.783 E743.65032
G1 X115.983 Y101.408 E743.65801
G1 X115.913 Y100.884 E743.66856
G1 X115.923 Y100.612 E743.67399
G1 X116.015 Y99.945 E743.68743
G1 X116.259 Y99.338 E743.70048
G1 X116.388 Y99.073 E743.70637
G1 X116.741 Y98.606 E743.71805
G1 X116.939 Y98.385 E743.72397
G1 X117.37 Y98.053 E743.73483
G1 X117.783 Y97.815 E743.74434
G1 X118.143 Y97.667 E743.75211
G1 X118.507 Y97.56 E743.75968
G1 X118.976 Y97.495 E743.76913
G1 X119.456 Y97.495 E743.77871
G1 X119.844 Y97.547 E743.78652
G1 X120.289 Y97.667 E743.79572
G1 X120.649 Y97.814 E743.80348
G1 X121.062 Y98.053 E743.813
G1 X121.502 Y98.391 E743.82407
G1 X121.704 Y98.621 E743.83018
G1 X121.944 Y98.933 E743.83803
G1 X122.113 Y99.197 E743.84429
G1 X122.329 Y99.702 E743.85525
G1 X122.455 Y100.172 E743.86496
G1 X122.502 Y100.557 E743.8727
G1 X122.502 Y101.002 E743.88158
G1 X122.44 Y101.489 E743.89138
G1 X122.33 Y101.862 E743.89914
G1 X122.178 Y102.226 E743.90701
G1 X121.936 Y102.639 E743.91656
G1 X121.602 Y103.068 E743.92741
G1 X121.383 Y103.26 E743.93323
G1 X120.943 Y103.603 E743.94436
G1 X120.662 Y103.742 E743.95062
G1 X120.054 Y103.985 E743.96368
G1 X119.385 Y104.073 E743.97715
G1 X119.122 Y104.083 E743.9824
G0 F15000 X119.347 Y103.674
G1 F5400 X119.042 Y103.67 E743.98849
G1 X118.658 Y103.622 E743.99621
G1 X118.389 Y103.561 E744.00172
G1 X117.738 Y103.284 E744.01583
G1 X117.157 Y102.843 E744.03039
G1 X116.711 Y102.256 E744.0451
G1 X116.441 Y101.615 E744.05898
G1 X116.38 Y101.355 E744.06431
G1 X116.304 Y100.789 E744.07571
G1 X116.394 Y100.098 E744.08961
G1 X116.476 Y99.856 E744.09471
G1 X116.696 Y99.329 E744.10611
G1 X117.153 Y98.725 E744.12122
G1 X117.614 Y98.37 E744.13284
G1 X117.935 Y98.185 E744.14023
G1 X118.295 Y98.037 E744.148
G1 X118.578 Y97.954 E744.15388
G1 X119.03 Y97.892 E744.16299
G1 X119.403 Y97.892 E744.17043
G1 X119.791 Y97.943 E744.17824
G1 X120.137 Y98.037 E744.1854
G1 X120.497 Y98.184 E744.19316
G1 X120.818 Y98.37 E744.20056
G1 X121.275 Y98.721 E744.21206
G1 X121.725 Y99.305 E744.22677
G1 X121.96 Y99.856 E744.23873
G1 X122.058 Y100.222 E744.24629
G1 X122.106 Y100.606 E744.25401
G1 X122.106 Y100.953 E744.26093
G1 X122.047 Y101.418 E744.27029
G1 X121.961 Y101.708 E744.27632
G1 X121.808 Y102.072 E744.2842
G1 X121.621 Y102.393 E744.29162
G1 X121.276 Y102.837 E744.30284
G1 X120.676 Y103.304 E744.31801
G1 X119.953 Y103.596 E744.33357
G1 X119.347 Y103.674 E744.34577
G0 F15000 X119.214 Y103.288
G1 F5400 X118.583 Y103.21 E744.35845
G1 X117.95 Y102.941 E744.37218
G1 X117.438 Y102.554 E744.38499
G1 X117.057 Y102.05 E744.3976
G1 X116.792 Y101.421 E744.41122
G1 X116.707 Y100.784 E744.42404
G1 X116.794 Y100.144 E744.43693
G1 X117.043 Y99.532 E744.45012
G1 X117.441 Y99.007 E744.46326
G1 X117.858 Y98.687 E744.47375
G1 X118.087 Y98.555 E744.47903
G1 X118.565 Y98.358 E744.48934
G1 X119.083 Y98.288 E744.49978
G1 X119.35 Y98.288 E744.5051
G1 X119.737 Y98.34 E744.5129
G1 X119.985 Y98.407 E744.51802
G1 X120.345 Y98.554 E744.52578
G1 X120.574 Y98.687 E744.53107
G1 X121.011 Y99.033 E744.54219
G1 X121.382 Y99.516 E744.55435
G1 X121.591 Y100.01 E744.56505
G1 X121.661 Y100.272 E744.57046
G1 X121.725 Y100.78 E744.58068
G1 X121.642 Y101.431 E744.59378
G1 X121.439 Y101.918 E744.60431
G1 X121.305 Y102.147 E744.6096
G1 X120.982 Y102.549 E744.61989
G1 X120.48 Y102.951 E744.63273
G1 X119.853 Y103.207 E744.64624
G1 X119.214 Y103.288 E744.65909
G0 F15000 X119.217 Y102.886
G1 F5400 X118.681 Y102.818 E744.66988
G1 X118.152 Y102.594 E744.68134
G1 X117.724 Y102.269 E744.69207
G1 X117.401 Y101.841 E744.70277
G1 X117.182 Y101.319 E744.71406
G1 X117.116 Y100.787 E744.72476
G1 X117.181 Y100.249 E744.73558
G1 X117.398 Y99.735 E744.74671
G1 X117.722 Y99.296 E744.7576
G1 X118.166 Y98.955 E744.76877
G1 X118.67 Y98.748 E744.77964
G1 X119.216 Y98.674 E744.79064
G1 X119.76 Y98.747 E744.80159
G1 X120.266 Y98.954 E744.8125
G1 X120.701 Y99.295 E744.82353
G1 X121.035 Y99.72 E744.83432
G1 X121.254 Y100.24 E744.84558
G1 X121.321 Y100.78 E744.85644
G1 X121.252 Y101.327 E744.86744
G1 X121.038 Y101.84 E744.87853
G1 X120.7 Y102.266 E744.88939
G1 X120.273 Y102.604 E744.90025
G1 X119.753 Y102.814 E744.91144
G1 X119.217 Y102.886 E744.92224
G0 F15000 X119.235 Y102.48
;TYPE:WALL-OUTER
G1 F5400 X118.778 Y102.428 E744.93142
G1 X118.385 Y102.261 E744.93994
G1 X118.002 Y101.973 E744.9495
G1 X117.735 Y101.61 E744.95849
G1 X117.578 Y101.232 E744.96666
G1 X117.516 Y100.761 E744.97614
G1 X117.576 Y100.336 E744.98471
G1 X117.746 Y99.933 E744.99344
G1 X118.014 Y99.578 E745.00231
G1 X118.368 Y99.304 E745.01125
G1 X118.801 Y99.133 E745.02054
G1 X119.216 Y99.077 E745.02889
G1 X119.631 Y99.133 E745.03725
G1 X120.041 Y99.294 E745.04604
G1 X120.418 Y99.578 E745.05546
G1 X120.694 Y99.939 E745.06453
G1 X120.864 Y100.343 E745.07327
G1 X120.915 Y100.755 E745.08156
G1 X120.865 Y101.204 E745.09057
G1 X120.701 Y101.61 E745.09931
G1 X120.418 Y101.982 E745.10864
G1 X120.068 Y102.254 E745.11749
G1 X119.663 Y102.424 E745.12625
G1 X119.235 Y102.48 E745.13487
G1 F2400 E744.33487
G1 F300 Z2.12
G0 F15000 X110 Y114.194
G1 F300 Z1.92
G1 F2400 E745.13487
G1 F5400 X108.896 Y114.053 E745.15708
G1 X107.908 Y113.643 E745.17842
G1 X107.018 Y112.957 E745.20085
G1 X106.366 Y112.103 E745.22229
G1 X105.944 Y111.102 E745.24397
G1 X105.8 Y110.015 E745.26585
G1 X105.943 Y108.896 E745.28836
G1 X106.367 Y107.891 E745.31013
G1 X107.03 Y107.03 E745.33182
G1 X107.891 Y106.367 E745.3535
G1 X108.896 Y105.943 E745.37527
G1 X109.985 Y105.8 E745.39719
G1 X111.085 Y105.936 E745.41931
G1 X112.103 Y106.366 E745.44136
G1 X112.982 Y107.043 E745.4635
G1 X113.643 Y107.908 E745.48523
G1 X114.053 Y108.896 E745.50657
G1 X114.196 Y109.985 E745.52849
G1 X114.052 Y111.102 E745.55097
G1 X113.634 Y112.103 E745.57262
G1 X112.957 Y112.982 E745.59476
G1 X112.103 Y113.634 E745.6162
G1 X111.102 Y114.052 E745.63785
G1 X110.015 Y114.196 E745.65973
G1 X110 Y114.194 E745.66003
G1 F2400 E744.86003
G1 F300 Z2.12
G0 F15000 X119.191 Y120.915
G1 F300 Z1.92
G1 F2400 E745.66003
G1 F5400 X118.796 Y120.865 E745.66797
G1 X118.39 Y120.701 E745.67671
G1 X118.014 Y120.418 E745.6861
G1 X117.746 Y120.068 E745.6949
G1 X117.576 Y119.663 E745.70367
G1 X117.516 Y119.235 E745.71229
G1 X117.578 Y118.768 E745.72169
G1 X117.742 Y118.37 E745.73028
G1 X118.027 Y118.002 E745.73957
G1 X118.37 Y117.742 E745.74816
G1 X118.768 Y117.578 E745.75675
G1 X119.235 Y117.516 E745.76615
G1 X119.663 Y117.576 E745.77478
G1 X120.068 Y117.746 E745.78354
G1 X120.418 Y118.014 E745.79234
G1 X120.701 Y118.39 E745.80173
G1 X120.864 Y118.779 E745.81015
G1 X120.915 Y119.191 E745.81843
G1 X120.864 Y119.655 E745.82775
G1 X120.701 Y120.046 E745.8362
G1 X120.418 Y120.418 E745.84553
G1 X120.061 Y120.694 E745.85453
G1 X119.656 Y120.864 E745.8633
G1 X119.191 Y120.915 E745.87264
G1 F2400 E745.07264
G1 F300 Z2.12
G0 F15000 X110 Y129.794
G1 F300 Z1.92
G1 F2400 E745.87264
G1 F5400 X115.127 Y129.121 E745.97583
G1 X119.895 Y127.145 E746.07883
G1 X123.997 Y123.997 E746.18201
G1 X127.145 Y119.895 E746.2852
G1 X129.117 Y115.127 E746.38817
G1 X129.794 Y110 E746.49137
G1 X129.117 Y104.869 E746.59465
G1 X127.145 Y100.101 E746.69762
G1 X123.997 Y95.999 E746.80081
G1 X119.895 Y92.851 E746.904
G1 X115.127 Y90.879 E747.00696
G1 X110 Y90.202 E747.11017
G1 X104.869 Y90.879 E747.21345
G1 X100.101 Y92.851 E747.31642
G1 X95.999 Y95.999 E747.4196
G1 X92.851 Y100.101 E747.52279
G1 X90.875 Y104.869 E747.62579
G1 X90.202 Y110 E747.72906
G1 X90.875 Y115.127 E747.83225
G1 X92.851 Y119.895 E747.93525
G1 X95.999 Y123.997 E748.03844
G1 X100.101 Y127.145 E748.14162
G1 X104.869 Y129.121 E748.24462
G1 X110 Y129.794 E748.34789
G1 F2400 E747.54789
G1 F300 Z2.12
G0 F15000 X100.755 Y120.915
G1 F300 Z1.92
G1 F2400 E748.34789
G1 F5400 X100.345 Y120.864 E748.35614
G1 X99.935 Y120.694 E748.365
G1 X99.578 Y120.418 E748.374
G1 X99.299 Y120.046 E748.38328
G1 X99.133 Y119.631 E748.3922
G1 X99.077 Y119.216 E748.40056
G1 X99.135 Y118.796 E748.40902
G1 X99.299 Y118.39 E748.41776
G1 X99.577 Y118.015 E748.42707
G1 X99.954 Y117.735 E748.43644
G1 X100.336 Y117.576 E748.4447
G1 X100.761 Y117.516 E748.45327
G1 X101.232 Y117.578 E748.46275
G1 X101.626 Y117.743 E748.47127
G1 X101.973 Y118.002 E748.47991
G1 X102.261 Y118.385 E748.48948
G1 X102.422 Y118.768 E748.49777
G1 X102.48 Y119.235 E748.50716
G1 X102.424 Y119.663 E748.51577
G1 X102.254 Y120.068 E748.52454
G1 X101.982 Y120.418 E748.53338
G1 X101.61 Y120.701 E748.54271
G1 X101.219 Y120.864 E748.55116
G1 X100.755 Y120.915 E748.56048
G1 F2400 E747.76048
G1 F300 Z2.12
G0 F15000 X100.761 Y102.48
G1 F300 Z1.92
G1 F2400 E748.56048
G1 F5400 X100.336 Y102.424 E748.56903
G1 X99.932 Y102.254 E748.57778
G1 X99.578 Y101.982 E748.58669
G1 X99.299 Y101.61 E748.59597
G1 X99.133 Y101.195 E748.60489
G1 X99.077 Y100.78 E748.61325
G1 X99.137 Y100.343 E748.62205
G1 X99.306 Y99.939 E748.63079
G1 X99.578 Y99.578 E748.63981
G1 X99.932 Y99.304 E748.64874
G1 X100.365 Y99.133 E748.65803
G1 X100.78 Y99.077 E748.66639
G1 X101.204 Y99.135 E748.67493
G1 X101.629 Y99.304 E748.68406
G1 X101.982 Y99.578 E748.69297
G1 X102.254 Y99.932 E748.70188
G1 X102.424 Y100.336 E748.71063
G1 X102.48 Y100.761 E748.71919
G1 X102.422 Y101.232 E748.72866
G1 X102.253 Y101.626 E748.73721
G1 X101.973 Y101.998 E748.7465
G1 X101.626 Y102.253 E748.7551
G1 X101.232 Y102.422 E748.76365
G1 X100.761 Y102.48 E748.77312
G1 F2400 E747.97312
G1 F300 Z2.12
G0 F15000 X119.096 Y104.439
;TYPE:SKIN
G1 F300 Z1.92
G1 F2400 E748.77312
G1 F5400 X119.406 Y104.432 E748.77931
G1 X120.152 Y104.333 E748.79433
G1 X120.791 Y104.078 E748.80806
G1 X121.113 Y103.92 E748.81522
G1 X121.754 Y103.421 E748.83143
G1 X121.966 Y103.181 E748.83782
G1 X122.222 Y102.856 E748.84607
G1 X122.501 Y102.381 E748.85707
G1 X122.661 Y101.997 E748.86537
G1 X122.793 Y101.552 E748.87463
G1 X122.859 Y101.046 E748.88481
G1 X122.861 Y100.536 E748.89499
G1 X122.811 Y100.127 E748.90321
G1 X122.666 Y99.587 E748.91437
G1 X122.434 Y99.03 E748.92641
G1 X122.223 Y98.705 E748.93415
G1 X121.883 Y98.265 E748.94524
G1 X121.605 Y98.014 E748.95272
G1 X121.286 Y97.769 E748.96074
G1 X120.797 Y97.486 E748.97202
G1 X120.428 Y97.334 E748.97998
G1 X119.908 Y97.194 E748.99073
G1 X119.504 Y97.137 E748.99887
G1 X118.929 Y97.137 E749.01035
G1 X118.449 Y97.201 E749.02001
G1 X118 Y97.334 E749.02936
G1 X117.648 Y97.478 E749.03695
G1 X117.145 Y97.765 E749.0485
G1 X116.825 Y98.013 E749.05658
G1 X116.544 Y98.266 E749.06413
G1 X116.2 Y98.718 E749.07546
G1 X115.987 Y99.046 E749.08327
G1 X115.723 Y99.678 E749.09694
G1 X115.649 Y99.968 E749.10291
G1 X115.56 Y100.584 E749.11533
G1 X115.553 Y100.908 E749.1218
G1 X115.621 Y101.446 E749.13262
G1 X115.722 Y101.868 E749.14128
G1 X115.97 Y102.476 E749.15438
G1 X116.183 Y102.816 E749.16239
G1 X116.501 Y103.231 E749.17282
G1 X116.769 Y103.499 E749.18039
G1 X117.153 Y103.795 E749.19006
G1 X117.499 Y104.016 E749.19825
G1 X118.164 Y104.288 E749.21259
G1 X118.54 Y104.372 E749.22028
G1 X119.096 Y104.439 E749.23146
G1 F2400 E748.43146
G1 F300 Z2.12
G0 F15000 X98.417 Y122.911
G1 F300 Z1.92
G1 F2400 E749.23146
G1 F6119 X97.665 Y122.323 E749.24827
G1 F6101.7 X97.079 Y121.575 E749.26505
G1 F6206.9 X97.385 Y121.398 E749.27119
G1 F6242.8 X97.689 Y121.8 E749.27989
G1 F6206.9 X98.002 Y122.15 E749.28804
G1 F6189.1 X98.593 Y122.61 E749.30108
G1 F6224.8 X98.417 Y122.911 E749.30712
G1 F2400 E748.50712
G1 F300 Z2.12
G0 F15000 X101.05 Y122.859
G1 F300 Z1.92
G1 F2400 E749.30712
G1 F5400 X101.546 Y122.795 E749.3171
G1 X101.998 Y122.661 E749.3265
G1 X102.358 Y122.509 E749.3343
G1 X102.837 Y122.234 E749.34532
G1 X103.167 Y121.978 E749.35366
G1 X103.447 Y121.727 E749.36116
G1 X103.791 Y121.283 E749.37237
G1 X103.942 Y121.061 E749.37773
G1 X104.068 Y120.809 E749.38335
G1 X104.331 Y120.158 E749.39736
G1 X104.431 Y119.427 E749.41209
G1 X104.44 Y119.114 E749.41834
G1 X104.375 Y118.56 E749.42947
G1 X104.269 Y118.1 E749.43889
G1 X103.992 Y117.464 E749.45273
G1 X103.809 Y117.172 E749.45961
G1 X103.494 Y116.759 E749.46997
G1 X103.249 Y116.517 E749.47685
G1 X102.83 Y116.193 E749.48742
G1 X102.508 Y115.987 E749.49504
G1 X101.868 Y115.722 E749.50887
G1 X101.451 Y115.625 E749.51741
G1 X100.919 Y115.553 E749.52813
G1 X100.59 Y115.56 E749.53469
G1 X99.973 Y115.648 E749.54713
G1 X99.67 Y115.727 E749.55338
G1 X99.05 Y115.987 E749.5668
G1 X98.722 Y116.196 E749.57456
G1 X98.27 Y116.54 E749.58589
G1 X97.993 Y116.852 E749.59422
G1 X97.76 Y117.159 E749.60191
G1 X97.487 Y117.638 E749.61291
G1 X97.335 Y117.998 E749.62071
G1 X97.212 Y118.415 E749.62939
G1 X97.138 Y118.923 E749.63963
G1 X97.137 Y119.503 E749.65121
G1 X97.189 Y119.891 E749.65902
G1 X97.326 Y120.405 E749.66963
G1 X97.487 Y120.797 E749.67809
G1 X97.754 Y121.264 E749.68883
G1 X97.993 Y121.578 E749.6967
G1 X98.256 Y121.874 E749.7046
G1 X98.727 Y122.241 E749.71652
G1 X99.007 Y122.421 E749.72316
G1 X99.589 Y122.67 E749.73579
G1 X100.109 Y122.806 E749.74652
G1 X100.506 Y122.859 E749.75451
G1 X101.05 Y122.859 E749.76537
G1 F2400 E748.96537
G1 F300 Z2.12
G0 F15000 X109.999 Y127.814
G1 F300 Z1.92
G1 F2400 E749.76537
G1 F5400 X105.373 Y127.209 E749.85847
G1 X101.089 Y125.433 E749.95102
G1 X97.395 Y122.597 E750.04396
G1 X94.559 Y118.903 E750.13689
G1 X92.783 Y114.619 E750.22944
G1 X92.178 Y110.001 E750.32239
G1 X92.787 Y105.373 E750.41554
G1 X94.559 Y101.089 E750.50806
G1 X97.395 Y97.395 E750.60099
G1 X101.089 Y94.559 E750.69393
G1 X105.373 Y92.791 E750.78642
G1 X109.999 Y92.178 E750.87954
G1 X114.619 Y92.791 E750.97255
G1 X118.903 Y94.559 E751.06503
G1 X122.597 Y97.395 E751.15797
G1 X125.433 Y101.089 E751.25091
G1 X127.205 Y105.373 E751.34342
G1 X127.814 Y109.999 E751.43654
G1 X127.201 Y114.619 E751.52954
G1 X125.433 Y118.903 E751.62203
G1 X122.597 Y122.597 E751.71496
G1 X118.903 Y125.433 E751.8079
G1 X114.619 Y127.209 E751.90045
G1 X109.999 Y127.814 E751.99343
G1 F2400 E751.19343
G1 F300 Z2.12
G0 F15000 X121.563 Y122.916
G1 F300 Z1.92
G1 F2400 E751.99343
G1 F6260.9 X121.388 Y122.616 E751.99941
G1 X121.829 Y122.277 E752.00899
G1 F6242.8 X122.131 Y122.017 E752.01586
G1 F6206.9 X122.622 Y121.372 E752.02994
G1 F6224.8 X122.926 Y121.551 E752.03605
G1 F6136.4 X122.325 Y122.325 E752.05326
G1 F6171.4 X121.563 Y122.916 E752.07009
G1 F2400 E751.27009
G1 F300 Z2.12
G0 F15000 X118.942 Y122.859
G1 F300 Z1.92
G1 F2400 E752.07009
G1 F5400 X119.477 Y122.859 E752.08077
G1 X119.869 Y122.811 E752.08865
G1 X120.408 Y122.67 E752.09977
G1 X120.959 Y122.436 E752.11172
G1 X121.287 Y122.227 E752.11948
G1 X121.607 Y121.979 E752.12756
G1 X121.879 Y121.734 E752.13486
G1 X122.227 Y121.282 E752.14625
G1 X122.501 Y120.818 E752.157
G1 X122.661 Y120.437 E752.16525
G1 X122.806 Y119.895 E752.17644
G1 X122.86 Y119.452 E752.18535
G1 X122.859 Y118.942 E752.19553
G1 X122.795 Y118.45 E752.20543
G1 X122.668 Y118.014 E752.21449
G1 X122.501 Y117.614 E752.22314
G1 X122.237 Y117.166 E752.23352
G1 X121.992 Y116.839 E752.24167
G1 X121.759 Y116.572 E752.24874
G1 X121.29 Y116.209 E752.26058
G1 X120.95 Y115.987 E752.26868
G1 X120.446 Y115.775 E752.27959
G1 X120.058 Y115.648 E752.28774
G1 X119.426 Y115.565 E752.30046
G1 X119.117 Y115.552 E752.30663
G1 X118.545 Y115.625 E752.31814
G1 X118.133 Y115.722 E752.32659
G1 X117.525 Y115.966 E752.33966
G1 X117.16 Y116.195 E752.34826
G1 X116.746 Y116.514 E752.35869
G1 X116.502 Y116.759 E752.36559
G1 X116.205 Y117.146 E752.37533
G1 X115.967 Y117.522 E752.38421
G1 X115.722 Y118.133 E752.39734
G1 X115.625 Y118.541 E752.40571
G1 X115.553 Y119.077 E752.4165
G1 X115.564 Y119.409 E752.42313
G1 X115.648 Y120.062 E752.43627
G1 X115.771 Y120.438 E752.44417
G1 X115.987 Y120.95 E752.45526
G1 X116.197 Y121.271 E752.46291
G1 X116.545 Y121.726 E752.47434
G1 X116.823 Y121.978 E752.48183
G1 X117.163 Y122.238 E752.49037
G1 X117.619 Y122.502 E752.50089
G1 X118.018 Y122.668 E752.50951
G1 X118.44 Y122.793 E752.51829
G1 X118.942 Y122.859 E752.5284
G1 F2400 E751.7284
G1 F300 Z2.12
G0 F15000 X110 Y116.145
G1 F300 Z1.92
G1 F2400 E752.5284
G1 F5400 X110.153 Y116.148 E752.53145
G1 X111.469 Y115.984 E752.55792
G1 X111.798 Y115.885 E752.56477
G1 X113.116 Y115.325 E752.59335
G1 X114.221 Y114.478 E752.62114
G1 X114.466 Y114.234 E752.62804
G1 X115.349 Y113.074 E752.65713
G1 X115.889 Y111.79 E752.68493
G1 X115.984 Y111.461 E752.69176
G1 X116.156 Y110.123 E752.71868
G1 X116.148 Y109.836 E752.72441
G1 X115.987 Y108.551 E752.75025
G1 X115.901 Y108.244 E752.75662
G1 X115.421 Y107.079 E752.78176
G1 X115.247 Y106.777 E752.78872
G1 X114.478 Y105.775 E752.81392
G1 X114.215 Y105.517 E752.82128
G1 X113.083 Y104.655 E752.84967
G1 X111.791 Y104.107 E752.87768
G1 X111.448 Y104.006 E752.88481
G1 X110.151 Y103.844 E752.9109
G1 X109.729 Y103.852 E752.91932
G1 X108.55 Y104.005 E752.94304
G1 X108.25 Y104.092 E752.94928
G1 X107.071 Y104.579 E752.97473
G1 X106.773 Y104.749 E752.98158
G1 X105.781 Y105.513 E753.00657
G1 X105.518 Y105.775 E753.01398
G1 X104.757 Y106.761 E753.03883
G1 X104.585 Y107.062 E753.04575
G1 X104.092 Y108.246 E753.07135
G1 X104.006 Y108.545 E753.07755
G1 X103.853 Y109.718 E753.10116
G1 X103.844 Y110.159 E753.10996
G1 X104.009 Y111.468 E753.13629
G1 X104.1 Y111.767 E753.14253
G1 X104.675 Y113.124 E753.17194
G1 X105.516 Y114.214 E753.19941
G1 X105.775 Y114.478 E753.2068
G1 X106.769 Y115.242 E753.23181
G1 X107.071 Y115.416 E753.23877
G1 X108.242 Y115.9 E753.26406
G1 X108.541 Y115.986 E753.27026
G1 X109.718 Y116.139 E753.29395
G1 X110 Y116.145 E753.29958
G1 F2400 E752.49958
G1 F300 Z2.12
G0 F15000 X100.874 Y104.44
G1 F300 Z1.92
G1 F2400 E753.29958
G1 F5400 X101.428 Y104.375 E753.31071
G1 X101.904 Y104.265 E753.32046
G1 X102.559 Y103.974 E753.33476
G1 X102.807 Y103.818 E753.34061
G1 X103.229 Y103.5 E753.35115
G1 X103.503 Y103.227 E753.35887
G1 X103.813 Y102.812 E753.36921
G1 X104.015 Y102.494 E753.37673
G1 X104.274 Y101.869 E753.39023
G1 X104.375 Y101.432 E753.39918
G1 X104.44 Y100.875 E753.41037
G1 X104.431 Y100.56 E753.41666
G1 X104.349 Y99.978 E753.42839
G1 X104.278 Y99.698 E753.43415
G1 X103.992 Y99.014 E753.44895
G1 X103.8 Y98.722 E753.45592
G1 X103.451 Y98.269 E753.46733
G1 X103.169 Y98.014 E753.47492
G1 X102.846 Y97.765 E753.48306
G1 X102.372 Y97.49 E753.494
G1 X101.992 Y97.334 E753.50219
G1 X101.574 Y97.208 E753.51091
G1 X101.067 Y97.137 E753.52112
G1 X100.489 Y97.137 E753.53266
G1 X100.105 Y97.189 E753.54039
G1 X99.588 Y97.326 E753.55106
G1 X99.212 Y97.478 E753.55916
G1 X98.732 Y97.75 E753.57017
G1 X98.401 Y98.006 E753.57852
G1 X98.127 Y98.245 E753.58577
G1 X97.76 Y98.723 E753.5978
G1 X97.57 Y99.027 E753.60495
G1 X97.33 Y99.583 E753.61704
G1 X97.189 Y100.112 E753.62796
G1 X97.137 Y100.488 E753.63554
G1 X97.136 Y101.036 E753.64648
G1 X97.205 Y101.56 E753.65702
G1 X97.335 Y101.998 E753.66614
G1 X97.487 Y102.358 E753.67394
G1 X97.754 Y102.828 E753.68473
G1 X98.011 Y103.162 E753.69314
G1 X98.223 Y103.41 E753.69965
G1 X98.72 Y103.795 E753.71219
G1 X99.012 Y103.991 E753.71921
G1 X99.674 Y104.273 E753.73357
G1 X99.968 Y104.347 E753.73962
G1 X100.564 Y104.431 E753.75163
G1 X100.874 Y104.44 E753.75782
G1 F2400 E752.95782
G1 F300 Z2.12
G0 F15000 X97.258 Y97.904
G1 F300 Z1.92
G1 F2400 E753.75782
G1 F5400 X97.905 Y97.257 E753.77608
G0 F15000 X98.824 Y97.469
G1 F5400 X101.818 Y94.474 E753.86059
G0 F15000 X102.782 Y94.077
G1 F5400 X99.794 Y97.065 E753.94492
G0 F15000 X100.485 Y96.939
G1 F5400 X103.745 Y93.679 E754.03692
G0 F15000 X104.708 Y93.282
G1 F5400 X101.051 Y96.939 E754.14013
G0 F15000 X101.551 Y97.004
G1 F5400 X105.592 Y92.963 E754.25418
G0 F15000 X106.244 Y92.877
G1 F5400 X101.994 Y97.127 E754.37412
G0 F15000 X102.4 Y97.287
G1 F5400 X106.896 Y92.791 E754.50101
G0 F15000 X107.548 Y92.705
G1 F5400 X102.765 Y97.488 E754.636
G0 F15000 X103.106 Y97.712
G1 F5400 X108.2 Y92.618 E754.77976
G0 F15000 X108.852 Y92.532
G1 F5400 X103.414 Y97.97 E754.93323
G0 F15000 X103.694 Y98.256
G1 F5400 X109.505 Y92.445 E755.09723
G0 F15000 X110.12 Y92.396
G1 F5400 X103.94 Y98.576 E755.27164
G0 F15000 X104.162 Y98.919
G1 F5400 X110.619 Y92.462 E755.45387
G0 F15000 X111.119 Y92.528
G1 F5400 X104.336 Y99.31 E755.64529
G0 F15000 X104.489 Y99.723
G1 F5400 X111.618 Y92.594 E755.84649
G0 F15000 X112.117 Y92.661
G1 F5400 X104.582 Y100.196 E756.05914
G0 F15000 X104.634 Y100.71
G1 F5400 X112.617 Y92.727 E756.28444
G0 F15000 X113.117 Y92.793
G1 F5400 X104.591 Y101.319 E756.52506
G0 F15000 X104.409 Y102.066
G1 F5400 X113.616 Y92.859 E756.7849
G0 F15000 X114.115 Y92.926
G1 F5400 X92.919 Y114.121 E757.38308
G0 F15000 X92.996 Y114.611
G1 F5400 X114.605 Y93.002 E757.99294
G0 F15000 X115.006 Y93.166
G1 F5400 X93.162 Y115.01 E758.60942
G0 F15000 X93.327 Y115.41
G1 F5400 X115.406 Y93.332 E759.23253
G0 F15000 X115.806 Y93.497
G1 F5400 X93.494 Y115.81 E759.86223
G0 F15000 X93.66 Y116.209
G1 F5400 X116.207 Y93.663 E760.49854
G0 F15000 X116.608 Y93.827
G1 F5400 X93.825 Y116.61 E761.14153
G0 F15000 X93.991 Y117.009
G1 F5400 X117.008 Y93.993 E761.7911
G0 F15000 X117.408 Y94.158
G1 F5400 X107.297 Y104.269 E762.07646
G0 F15000 X108.248 Y103.884
G1 F5400 X117.809 Y94.323 E762.34629
G0 F15000 X118.209 Y94.489
G1 F5400 X108.945 Y103.753 E762.60774
G0 F15000 X109.596 Y103.668
G1 F5400 X118.609 Y94.654 E762.86212
G0 F15000 X118.969 Y94.86
G1 F5400 X110.182 Y103.647 E763.11011
G0 F15000 X110.685 Y103.71
G1 F5400 X119.288 Y95.107 E763.3529
G0 F15000 X119.609 Y95.352
G1 F5400 X117.732 Y97.229 E763.40588
G0 F15000 X118.538 Y96.988
G1 F5400 X119.928 Y95.598 E763.44511
G0 F15000 X120.248 Y95.843
G1 F5400 X119.153 Y96.939 E763.47602
G0 F15000 X119.696 Y96.961
G1 F5400 X120.568 Y96.089 E763.50063
G0 F15000 X120.888 Y96.335
G1 F5400 X120.164 Y97.06 E763.52108
G0 F15000 X120.6 Y97.189
G1 F5400 X121.208 Y96.581 E763.53824
G0 F15000 X121.528 Y96.826
G1 F5400 X120.986 Y97.369 E763.55355
G0 F15000 X121.346 Y97.574
G1 F5400 X121.848 Y97.072 E763.56772
G0 F15000 X122.168 Y97.318
G1 F5400 X121.672 Y97.814 E763.58172
G0 F15000 X121.972 Y98.08
G1 F5400 X122.479 Y97.572 E763.59604
G0 F15000 X122.725 Y97.892
G1 F5400 X122.23 Y98.388 E763.61002
G0 F15000 X122.468 Y98.715
G1 F5400 X122.971 Y98.212 E763.62422
G0 F15000 X123.217 Y98.532
G1 F5400 X122.67 Y99.078 E763.63964
G0 F15000 X122.836 Y99.478
G1 F5400 X123.462 Y98.852 E763.65731
G0 F15000 X123.708 Y99.172
G1 F5400 X122.962 Y99.918 E763.67836
G0 F15000 X123.046 Y100.4
G1 F5400 X123.954 Y99.492 E763.70399
G0 F15000 X124.2 Y99.812
G1 F5400 X123.059 Y100.952 E763.73618
G0 F15000 X122.991 Y101.586
G1 F5400 X124.445 Y100.132 E763.77721
G0 F15000 X124.691 Y100.452
G1 F5400 X122.683 Y102.46 E763.83388
G1 F2400 E763.03388
G1 F300 Z2.12
G0 F15000 X120.893 Y104.249
G1 F300 Z1.92
G1 F2400 E763.83388
G1 F5400 X116.232 Y108.911 E763.96544
G0 F15000 X116.159 Y108.418
G1 F5400 X120.029 Y104.549 E764.07464
G0 F15000 X119.379 Y104.633
G1 F5400 X116.015 Y107.996 E764.16957
G0 F15000 X115.85 Y107.595
G1 F5400 X118.836 Y104.609 E764.25384
G0 F15000 X118.349 Y104.531
G1 F5400 X115.685 Y107.195 E764.32902
G0 F15000 X115.5 Y106.815
G1 F5400 X117.911 Y104.403 E764.39708
G0 F15000 X117.512 Y104.237
G1 F5400 X115.27 Y106.478 E764.46034
G0 F15000 X115.025 Y106.158
G1 F5400 X117.153 Y104.03 E764.5204
G0 F15000 X116.825 Y103.793
G1 F5400 X114.779 Y105.838 E764.57813
G0 F15000 X114.515 Y105.536
G1 F5400 X116.52 Y103.532 E764.6347
G0 F15000 X116.253 Y103.233
G1 F5400 X114.218 Y105.268 E764.69213
G0 F15000 X113.898 Y105.022
G1 F5400 X116.007 Y102.913 E764.75165
G0 F15000 X115.792 Y102.563
G1 F5400 X113.578 Y104.776 E764.81412
G0 F15000 X113.258 Y104.531
G1 F5400 X115.626 Y102.163 E764.88095
G0 F15000 X115.485 Y101.738
G1 F5400 X112.873 Y104.35 E764.95467
G0 F15000 X112.476 Y104.182
G1 F5400 X115.397 Y101.261 E765.0371
G0 F15000 X115.357 Y100.735
G1 F5400 X112.079 Y104.013 E765.12962
G0 F15000 X111.663 Y103.863
G1 F5400 X115.429 Y100.097 E765.2359
G0 F15000 X115.668 Y99.293
G1 F5400 X111.188 Y103.772 E765.36232
G1 F2400 E764.56232
G1 F300 Z2.12
G0 F15000 X116.296 Y109.413
G1 F300 Z1.92
G1 F2400 E765.36232
G1 F5400 X124.937 Y100.772 E765.60619
G0 F15000 X125.183 Y101.092
G1 F5400 X116.351 Y109.923 E765.85543
G0 F15000 X116.304 Y110.536
G1 F5400 X125.373 Y101.467 E766.11138
G0 F15000 X125.538 Y101.867
G1 F5400 X116.22 Y111.185 E766.37435
G0 F15000 X116.048 Y111.924
G1 F5400 X125.704 Y102.267 E766.64688
G0 F15000 X125.869 Y102.668
G1 F5400 X115.64 Y112.897 E766.93557
G1 F2400 E766.13557
G1 F300 Z2.12
G0 F15000 X116.984 Y116.078
G1 F300 Z1.92
G1 F2400 E766.93557
G1 F5400 X127.083 Y105.98 E767.22057
G0 F15000 X127.148 Y106.48
G1 F5400 X118.102 Y115.526 E767.47587
G0 F15000 X118.805 Y115.389
G1 F5400 X127.214 Y106.98 E767.71319
G0 F15000 X127.28 Y107.48
G1 F5400 X119.396 Y115.363 E767.93568
G0 F15000 X119.899 Y115.426
G1 F5400 X127.346 Y107.979 E768.14585
G0 F15000 X127.411 Y108.479
G1 F5400 X120.355 Y115.536 E768.345
G0 F15000 X120.764 Y115.693
G1 F5400 X127.477 Y108.979 E768.53446
G0 F15000 X127.543 Y109.479
G1 F5400 X121.144 Y115.878 E768.71506
G0 F15000 X121.482 Y116.106
G1 F5400 X127.609 Y109.979 E768.88798
G0 F15000 X127.528 Y110.625
G1 F5400 X121.803 Y116.35 E769.04955
G0 F15000 X122.083 Y116.637
G1 F5400 X127.442 Y111.277 E769.2008
G0 F15000 X127.356 Y111.929
G1 F5400 X122.329 Y116.956 E769.34268
G0 F15000 X122.548 Y117.303
G1 F5400 X127.269 Y112.581 E769.47593
G0 F15000 X127.182 Y113.234
G1 F5400 X122.744 Y117.672 E769.60118
G0 F15000 X122.897 Y118.085
G1 F5400 X127.096 Y113.886 E769.71968
G0 F15000 X127.01 Y114.538
G1 F5400 X123.008 Y118.539 E769.83261
G0 F15000 X123.058 Y119.056
G1 F5400 X126.626 Y115.488 E769.93331
G0 F15000 X126.228 Y116.451
G1 F5400 X123.042 Y119.638 E770.02324
G0 F15000 X122.887 Y120.358
G1 F5400 X125.83 Y117.414 E770.10631
G0 F15000 X125.432 Y118.378
G1 F5400 X122.631 Y121.179 E770.18536
G0 F15000 X122.988 Y121.388
G1 F5400 X124.208 Y120.168 E770.21979
G1 F2400 E769.41979
G1 F300 Z2.12
G0 F15000 X121.19 Y122.621
G1 F300 Z1.92
G1 F2400 E770.21979
G1 F5400 X118.375 Y125.436 E770.29924
G0 F15000 X117.409 Y125.836
G1 F5400 X120.355 Y122.89 E770.38238
G0 F15000 X119.641 Y123.038
G1 F5400 X116.443 Y126.236 E770.47264
G0 F15000 X115.477 Y126.636
G1 F5400 X119.056 Y123.058 E770.57363
G0 F15000 X118.54 Y123.008
G1 F5400 X114.529 Y127.018 E770.68681
G0 F15000 X113.879 Y127.103
G1 F5400 X118.086 Y122.896 E770.80554
G0 F15000 X117.676 Y122.74
G1 F5400 X113.228 Y127.189 E770.93109
G0 F15000 X112.576 Y127.274
G1 F5400 X117.302 Y122.549 E771.06445
G0 F15000 X116.955 Y122.329
G1 F5400 X111.926 Y127.359 E771.2064
G0 F15000 X111.275 Y127.445
G1 F5400 X116.64 Y122.079 E771.35782
G0 F15000 X116.351 Y121.803
G1 F5400 X110.623 Y127.53 E771.51947
G0 F15000 X109.978 Y127.609
G1 F5400 X116.106 Y121.482 E771.6924
G0 F15000 X115.878 Y121.144
G1 F5400 X109.479 Y127.544 E771.87301
G0 F15000 X108.978 Y127.479
G1 F5400 X115.692 Y120.765 E772.06249
G0 F15000 X115.534 Y120.357
G1 F5400 X108.478 Y127.413 E772.26162
G0 F15000 X107.978 Y127.347
G1 F5400 X115.425 Y119.9 E772.47179
G0 F15000 X115.363 Y119.396
G1 F5400 X107.477 Y127.282 E772.69435
G0 F15000 X106.977 Y127.216
G1 F5400 X115.388 Y118.806 E772.93172
G0 F15000 X115.525 Y118.103
G1 F5400 X106.477 Y127.151 E773.18707
G0 F15000 X105.977 Y127.085
G1 F5400 X116.069 Y116.994 E773.47188
G1 F2400 E772.67188
G1 F300 Z2.12
G0 F15000 X112.897 Y115.64
G1 F300 Z1.92
G1 F2400 E773.47188
G1 F5400 X102.666 Y125.871 E773.76062
G0 F15000 X102.267 Y125.704
G1 F5400 X111.927 Y116.045 E774.03323
G0 F15000 X111.185 Y116.22
G1 F5400 X101.867 Y125.539 E774.29622
G0 F15000 X101.466 Y125.374
G1 F5400 X110.538 Y116.301 E774.55226
G0 F15000 X109.931 Y116.343
G1 F5400 X101.092 Y125.183 E774.80173
G0 F15000 X100.771 Y124.937
G1 F5400 X109.41 Y116.299 E775.04553
G0 F15000 X108.909 Y116.234
G1 F5400 X104.25 Y120.893 E775.17702
G0 F15000 X104.551 Y120.026
G1 F5400 X108.416 Y116.161 E775.28609
G0 F15000 X107.998 Y116.014
G1 F5400 X104.631 Y119.38 E775.3811
G0 F15000 X104.61 Y118.836
G1 F5400 X107.597 Y115.849 E775.4654
G0 F15000 X107.197 Y115.683
G1 F5400 X104.531 Y118.349 E775.54064
G0 F15000 X104.404 Y117.91
G1 F5400 X106.816 Y115.498 E775.60872
G0 F15000 X106.478 Y115.27
G1 F5400 X104.233 Y117.515 E775.67207
G0 F15000 X104.032 Y117.151
G1 F5400 X106.159 Y115.024 E775.7321
G0 F15000 X105.839 Y114.778
G1 F5400 X103.795 Y116.823 E775.7898
G0 F15000 X103.534 Y116.518
G1 F5400 X105.534 Y114.517 E775.84626
G0 F15000 X105.267 Y114.219
G1 F5400 X103.232 Y116.254 E775.90369
G0 F15000 X102.912 Y116.008
G1 F5400 X105.021 Y113.899 E775.96321
G0 F15000 X104.774 Y113.58
G1 F5400 X102.562 Y115.792 E776.02564
G0 F15000 X102.16 Y115.629
G1 F5400 X104.528 Y113.261 E776.09247
G0 F15000 X104.348 Y112.875
G1 F5400 X101.739 Y115.485 E776.16612
G0 F15000 X101.259 Y115.398
G1 F5400 X104.182 Y112.476 E776.2486
G0 F15000 X104.015 Y112.077
G1 F5400 X100.735 Y115.357 E776.34117
G0 F15000 X100.097 Y115.429
G1 F5400 X103.861 Y111.665 E776.44739
G0 F15000 X103.771 Y111.19
G1 F5400 X99.288 Y115.672 E776.5739
G1 F2400 E775.7739
G1 F300 Z2.12
G0 F15000 X97.234 Y117.727
G1 F300 Z1.92
G1 F2400 E776.5739
G1 F5400 X95.353 Y119.607 E776.62697
G0 F15000 X95.599 Y119.927
G1 F5400 X96.99 Y118.536 E776.66623
G0 F15000 X96.939 Y119.152
G1 F5400 X95.844 Y120.248 E776.69715
G0 F15000 X96.09 Y120.567
G1 F5400 X96.961 Y119.697 E776.72171
G0 F15000 X97.056 Y120.167
G1 F5400 X96.336 Y120.888 E776.74205
G0 F15000 X96.581 Y121.208
G1 F5400 X97.19 Y120.598 E776.75925
G0 F15000 X97.357 Y120.997
G1 F5400 X96.845 Y121.509 E776.7737
G1 F2400 E775.9737
G1 F300 Z2.12
G0 F15000 X98.531 Y123.218
G1 F300 Z1.92
G1 F2400 E776.7737
G1 F5400 X99.08 Y122.669 E776.78919
G0 F15000 X99.477 Y122.837
G1 F5400 X98.851 Y123.464 E776.80687
G0 F15000 X99.171 Y123.709
G1 F5400 X99.919 Y122.961 E776.82798
G0 F15000 X100.399 Y123.046
G1 F5400 X99.491 Y123.954 E776.85361
G0 F15000 X99.811 Y124.2
G1 F5400 X100.954 Y123.057 E776.88587
G0 F15000 X101.59 Y122.987
G1 F5400 X100.131 Y124.446 E776.92704
G0 F15000 X100.452 Y124.691
G1 F5400 X102.465 Y122.678 E776.98386
G1 F2400 E776.18386
G1 F300 Z2.12
G0 F15000 X103.066 Y126.036
G1 F300 Z1.92
G1 F2400 E776.98386
G1 F5400 X126.035 Y103.068 E777.63208
G0 F15000 X126.2 Y103.468
G1 F5400 X103.466 Y126.202 E778.27368
G0 F15000 X103.866 Y126.368
G1 F5400 X126.366 Y103.868 E778.90868
G0 F15000 X126.531 Y104.269
G1 F5400 X104.266 Y126.533 E779.53703
G0 F15000 X104.666 Y126.699
G1 F5400 X126.697 Y104.669 E780.15878
G0 F15000 X126.862 Y105.069
G1 F5400 X105.066 Y126.865 E780.77391
G0 F15000 X105.477 Y127.02
G1 F5400 X127.017 Y105.48 E781.38181
G1 F2400 E780.58181
G1 F300 Z2.12
G0 F15000 X121.398 Y122.979
G1 F300 Z1.92
G1 F2400 E781.38181
G1 F5400 X120.165 Y124.211 E781.4166
G1 F2400 E780.6166
G1 F300 Z2.12
G0 F15000 X103.708 Y110.687
G1 F300 Z1.92
G1 F2400 E781.4166
G1 F5400 X95.107 Y119.287 E781.65932
G0 F15000 X94.862 Y118.967
G1 F5400 X103.645 Y110.184 E781.9072
G0 F15000 X103.668 Y109.595
G1 F5400 X94.655 Y118.609 E782.16158
G0 F15000 X94.489 Y118.209
G1 F5400 X103.753 Y108.945 E782.42303
G0 F15000 X103.882 Y108.25
G1 F5400 X94.323 Y117.809 E782.6928
G0 F15000 X94.157 Y117.409
G1 F5400 X104.271 Y107.296 E782.97823
G1 F2400 E782.17823
G1 F300 Z2.12
G0 F15000 X102.063 Y104.412
G1 F300 Z1.92
G1 F2400 E782.97823
G1 F5400 X92.854 Y113.621 E783.23813
G0 F15000 X92.789 Y113.121
G1 F5400 X101.32 Y104.59 E783.47889
G0 F15000 X100.711 Y104.633
G1 F5400 X92.723 Y112.621 E783.70433
G0 F15000 X92.658 Y112.12
G1 F5400 X100.197 Y104.581 E783.91709
G0 F15000 X99.721 Y104.491
G1 F5400 X92.592 Y111.62 E784.11829
G0 F15000 X92.527 Y111.12
G1 F5400 X99.311 Y104.336 E784.30975
G0 F15000 X98.916 Y104.165
G1 F5400 X92.461 Y110.62 E784.49192
G0 F15000 X92.396 Y110.12
G1 F5400 X98.578 Y103.937 E784.66641
G0 F15000 X98.257 Y103.692
G1 F5400 X92.446 Y109.504 E784.83042
G0 F15000 X92.531 Y108.853
G1 F5400 X97.965 Y103.419 E784.98378
G0 F15000 X97.714 Y103.104
G1 F5400 X92.617 Y108.201 E785.12763
G0 F15000 X92.702 Y107.55
G1 F5400 X97.488 Y102.765 E785.26268
G0 F15000 X97.287 Y102.4
G1 F5400 X92.788 Y106.899 E785.38966
G0 F15000 X92.874 Y106.247
G1 F5400 X97.124 Y101.997 E785.5096
G0 F15000 X97.002 Y101.553
G1 F5400 X92.96 Y105.596 E785.62369
G0 F15000 X93.277 Y104.713
G1 F5400 X96.937 Y101.053 E785.72698
G0 F15000 X96.939 Y100.486
G1 F5400 X93.675 Y103.749 E785.81908
G0 F15000 X94.075 Y102.784
G1 F5400 X97.068 Y99.79 E785.90357
G0 F15000 X97.455 Y98.838
G1 F5400 X94.474 Y101.819 E785.9877
G1 F2400 E785.1877
G1 F300 Z2.12
G0 F15000 X95.385 Y100.342
G1 F300 Z1.92
G1 F2400 E785.9877
G1 F5400 X100.343 Y95.384 E786.12762
G1 F2400 E785.32762
G1 F300 Z2.12
;MESH:NONMESH
G0 F15000 X100.87 Y104.083
;TIME_ELAPSED:1360.180102
;LAYER:16
;MESH:vertMount_Cover_RPi_r01.stl
G0 Z2.24
;TYPE:WALL-INNER
G1 F300 Z2.04
G1 F2400 E786.12762
G1 F5400 X100.611 Y104.073 E786.1328
G1 X99.949 Y103.986 E786.14612
G1 X99.338 Y103.741 E786.15926
G1 X99.061 Y103.604 E786.16542
G1 X98.605 Y103.254 E786.1769
G1 X98.387 Y103.061 E786.18271
G1 X98.055 Y102.627 E786.19361
G1 X97.822 Y102.226 E786.20287
G1 X97.671 Y101.862 E786.21073
G1 X97.561 Y101.49 E786.21847
G1 X97.496 Y101.02 E786.22794
G1 X97.496 Y100.538 E786.23756
G1 X97.548 Y100.154 E786.24529
G1 X97.671 Y99.702 E786.25464
G1 X97.888 Y99.199 E786.26557
G1 X98.048 Y98.946 E786.27155
G1 X98.291 Y98.624 E786.2796
G1 X98.5 Y98.387 E786.2859
G1 X98.934 Y98.053 E786.29683
G1 X99.347 Y97.815 E786.30634
G1 X99.707 Y97.667 E786.31411
G1 X100.152 Y97.547 E786.32331
G1 X100.54 Y97.495 E786.33112
G1 X101.02 Y97.496 E786.3407
G1 X101.489 Y97.56 E786.35015
G1 X101.853 Y97.667 E786.35772
G1 X102.213 Y97.815 E786.36549
G1 X102.626 Y98.053 E786.375
G1 X103.06 Y98.387 E786.38593
G1 X103.267 Y98.622 E786.39218
G1 X103.609 Y99.066 E786.40336
G1 X103.745 Y99.347 E786.40959
G1 X103.981 Y99.941 E786.42235
G1 X104.073 Y100.611 E786.43584
G1 X104.083 Y100.87 E786.44101
G1 X104.019 Y101.39 E786.45147
G1 X103.938 Y101.744 E786.45872
G1 X103.695 Y102.339 E786.47154
G1 X103.507 Y102.63 E786.47846
G1 X103.219 Y103.002 E786.48784
G1 X102.999 Y103.222 E786.49405
G1 X102.616 Y103.514 E786.50366
G1 X102.375 Y103.667 E786.50936
G1 X101.783 Y103.929 E786.52228
G1 X101.39 Y104.019 E786.53033
G1 X100.87 Y104.083 E786.54078
G0 F15000 X100.777 Y103.691
G1 F5400 X100.103 Y103.607 E786.55434
G1 X99.856 Y103.524 E786.55954
G1 X99.323 Y103.302 E786.57106
G1 X98.72 Y102.838 E786.58624
G1 X98.372 Y102.384 E786.59766
G1 X98.191 Y102.072 E786.60486
G1 X98.04 Y101.708 E786.61272
G1 X97.954 Y101.418 E786.61876
G1 X97.892 Y100.966 E786.62786
G1 X97.892 Y100.591 E786.63534
G1 X97.944 Y100.207 E786.64308
G1 X98.04 Y99.856 E786.65034
G1 X98.273 Y99.311 E786.66217
G1 X98.715 Y98.727 E786.67678
G1 X99.178 Y98.37 E786.68845
G1 X99.499 Y98.185 E786.69585
G1 X99.859 Y98.037 E786.70361
G1 X100.205 Y97.944 E786.71076
G1 X100.593 Y97.892 E786.71857
G1 X100.966 Y97.892 E786.72602
G1 X101.418 Y97.954 E786.73512
G1 X101.701 Y98.037 E786.74101
G1 X102.061 Y98.185 E786.74878
G1 X102.382 Y98.37 E786.75617
G1 X102.839 Y98.722 E786.76768
G1 X103.304 Y99.326 E786.78289
G1 X103.592 Y100.028 E786.79804
G1 X103.674 Y100.649 E786.81054
G1 X103.67 Y100.952 E786.81658
G1 X103.622 Y101.34 E786.82438
G1 X103.559 Y101.616 E786.83003
G1 X103.287 Y102.261 E786.844
G1 X102.913 Y102.745 E786.85621
G1 X102.683 Y102.963 E786.86253
G1 X102.255 Y103.285 E786.87322
G1 X101.616 Y103.559 E786.8871
G1 X101.34 Y103.622 E786.89275
G1 X100.777 Y103.691 E786.90407
G0 F15000 X100.781 Y103.288
G1 F5400 X100.146 Y103.207 E786.91684
G1 X99.528 Y102.955 E786.93016
G1 X99.005 Y102.552 E786.94334
G1 X98.69 Y102.141 E786.95367
G1 X98.561 Y101.918 E786.95881
G1 X98.361 Y101.438 E786.96919
G1 X98.288 Y100.913 E786.97977
G1 X98.289 Y100.645 E786.98511
G1 X98.341 Y100.261 E786.99285
G1 X98.409 Y100.01 E786.99804
G1 X98.62 Y99.516 E787.00876
G1 X98.984 Y99.034 E787.02081
G1 X99.422 Y98.687 E787.03196
G1 X99.651 Y98.555 E787.03724
G1 X100.011 Y98.407 E787.045
G1 X100.259 Y98.34 E787.05013
G1 X100.646 Y98.288 E787.05792
G1 X100.913 Y98.288 E787.06325
G1 X101.431 Y98.358 E787.07368
G1 X101.909 Y98.555 E787.084
G1 X102.138 Y98.687 E787.08927
G1 X102.553 Y99.006 E787.09972
G1 X102.956 Y99.53 E787.11291
G1 X103.202 Y100.143 E787.12609
G1 X103.289 Y100.778 E787.13888
G1 X103.209 Y101.418 E787.15176
G1 X102.943 Y102.052 E787.16548
G1 X102.551 Y102.559 E787.17827
G1 X102.05 Y102.938 E787.1908
G1 X101.421 Y103.209 E787.20447
G1 X100.781 Y103.288 E787.21734
G0 F15000 X100.781 Y102.885
G1 F5400 X100.249 Y102.819 E787.22804
G1 X99.733 Y102.601 E787.23922
G1 X99.294 Y102.264 E787.25026
G1 X98.961 Y101.838 E787.26105
G1 X98.748 Y101.328 E787.27208
G1 X98.674 Y100.779 E787.28313
G1 X98.748 Y100.235 E787.29409
G1 X98.967 Y99.72 E787.30526
G1 X99.295 Y99.295 E787.31597
G1 X99.727 Y98.956 E787.32693
G1 X100.235 Y98.747 E787.33789
G1 X100.781 Y98.674 E787.34889
G1 X101.326 Y98.748 E787.35986
G1 X101.833 Y98.956 E787.3708
G1 X102.264 Y99.295 E787.38174
G1 X102.602 Y99.735 E787.39281
G1 X102.814 Y100.243 E787.4038
G1 X102.885 Y100.778 E787.41457
G1 X102.819 Y101.318 E787.42542
G1 X102.599 Y101.842 E787.43677
G1 X102.265 Y102.275 E787.44768
G1 X101.844 Y102.594 E787.45822
G1 X101.319 Y102.818 E787.46961
G1 X100.781 Y102.885 E787.48043
G1 F2400 E786.68043
G1 F300 Z2.24
G0 F15000 X110 Y115.788
G1 F300 Z2.04
G1 F2400 E787.48043
G1 F5400 X109.772 Y115.782 E787.48498
G1 X108.609 Y115.634 E787.50838
G1 X108.34 Y115.553 E787.51398
G1 X107.186 Y115.07 E787.53895
G1 X106.903 Y114.892 E787.54562
G1 X106.014 Y114.207 E787.56802
G1 X105.793 Y113.986 E787.57425
G1 X104.978 Y112.925 E787.60095
G1 X104.443 Y111.656 E787.62844
G1 X104.362 Y111.387 E787.63404
G1 X104.204 Y110.128 E787.65936
G1 X104.214 Y109.772 E787.66647
G1 X104.362 Y108.611 E787.68983
G1 X104.437 Y108.357 E787.69511
G1 X104.969 Y107.095 E787.72244
G1 X105.793 Y106.014 E787.74957
G1 X106.013 Y105.794 E787.75578
G1 X107.073 Y104.977 E787.78249
G1 X108.357 Y104.437 E787.81028
G1 X108.613 Y104.361 E787.81561
G1 X109.872 Y104.204 E787.84093
G1 X110.229 Y104.214 E787.84806
G1 X111.393 Y104.363 E787.87148
G1 X111.659 Y104.445 E787.87703
G1 X112.808 Y104.929 E787.90191
G1 X113.09 Y105.105 E787.90855
G1 X113.986 Y105.793 E787.93109
G1 X114.207 Y106.014 E787.93733
G1 X115.021 Y107.071 E787.96395
G1 X115.558 Y108.355 E787.99172
G1 X115.634 Y108.61 E787.99703
G1 X115.792 Y109.873 E788.02244
G1 X115.782 Y110.229 E788.02954
G1 X115.633 Y111.392 E788.05294
G1 X115.552 Y111.658 E788.05849
G1 X115.026 Y112.919 E788.08576
G1 X114.207 Y113.986 E788.1126
G1 X113.986 Y114.207 E788.11884
G1 X112.924 Y115.023 E788.14556
G1 X111.655 Y115.554 E788.17302
G1 X111.384 Y115.635 E788.17866
G1 X110.128 Y115.792 E788.20392
G1 X110 Y115.788 E788.20648
G0 F15000 X110 Y115.405
G1 F5400 X108.603 Y115.23 E788.23457
G1 X107.367 Y114.713 E788.26131
G1 X107.147 Y114.575 E788.26649
G1 X106.171 Y113.824 E788.29107
G1 X105.313 Y112.693 E788.3194
G1 X104.766 Y111.394 E788.34752
G1 X104.59 Y109.998 E788.3756
G1 X104.776 Y108.579 E788.40416
G1 X105.32 Y107.292 E788.43205
G1 X106.099 Y106.271 E788.45768
G1 X106.271 Y106.1 E788.46252
G1 X107.313 Y105.305 E788.48867
G1 X108.58 Y104.776 E788.51607
G1 X109.998 Y104.59 E788.54461
G1 X111.392 Y104.766 E788.57265
G1 X112.628 Y105.286 E788.59941
G1 X112.847 Y105.423 E788.60457
G1 X113.729 Y106.099 E788.62674
G1 X113.901 Y106.271 E788.6316
G1 X114.684 Y107.298 E788.65737
G1 X115.22 Y108.581 E788.68512
G1 X115.406 Y109.998 E788.71364
G1 X115.23 Y111.391 E788.74166
G1 X114.687 Y112.692 E788.76979
G1 X113.901 Y113.729 E788.79576
G1 X113.729 Y113.901 E788.80061
G1 X112.678 Y114.698 E788.82693
G1 X111.39 Y115.23 E788.85474
G1 X110 Y115.405 E788.8827
G0 F15000 X110 Y115.004
G1 F5400 X109.99 Y115.005 E788.8829
G1 X108.685 Y114.831 E788.90918
G1 X107.484 Y114.33 E788.93514
G1 X106.454 Y113.537 E788.96109
G1 X105.663 Y112.495 E788.98719
G1 X105.165 Y111.312 E789.01281
G1 X104.991 Y109.991 E789.0394
G1 X105.163 Y108.69 E789.06559
G1 X105.667 Y107.494 E789.09149
G1 X106.378 Y106.562 E789.11488
G1 X106.562 Y106.378 E789.12007
G1 X107.502 Y105.663 E789.14364
G1 X108.69 Y105.164 E789.16935
G1 X110 Y104.993 E789.19572
G1 X111.311 Y105.164 E789.2221
G1 X112.495 Y105.663 E789.24774
G1 X113.54 Y106.458 E789.27395
G1 X114.336 Y107.497 E789.30007
G1 X114.833 Y108.69 E789.32586
G1 X115.003 Y110 E789.35222
G1 X114.832 Y111.308 E789.37854
G1 X114.339 Y112.493 E789.40416
G1 X113.541 Y113.541 E789.43044
G1 X112.495 Y114.337 E789.45667
G1 X111.309 Y114.832 E789.48232
G1 X110 Y115.004 E789.50867
G0 F15000 X110 Y114.598
G1 F5400 X108.797 Y114.445 E789.53287
G1 X107.693 Y113.986 E789.55673
G1 X106.743 Y113.255 E789.58065
G1 X106.009 Y112.292 E789.60481
G1 X105.55 Y111.195 E789.62854
G1 X105.396 Y110.017 E789.65225
G1 X105.551 Y108.8 E789.67673
G1 X106.013 Y107.697 E789.7006
G1 X106.746 Y106.742 E789.72462
G1 X107.704 Y106.009 E789.7487
G1 X108.812 Y105.546 E789.77266
G1 X110.002 Y105.394 E789.7966
G1 X111.197 Y105.551 E789.82065
G1 X112.306 Y106.016 E789.84465
G1 X113.252 Y106.747 E789.86851
G1 X113.988 Y107.699 E789.89252
G1 X114.45 Y108.812 E789.91657
G1 X114.602 Y110.001 E789.94049
G1 X114.446 Y111.196 E789.96454
G1 X113.985 Y112.305 E789.98851
G1 X113.253 Y113.253 E790.01241
G1 X112.291 Y113.992 E790.03662
G1 X111.187 Y114.45 E790.06047
G1 X110.017 Y114.6 E790.08401
G1 X110 Y114.598 E790.08435
G1 F2400 E789.28435
G1 F300 Z2.24
G0 F15000 X118.992 Y122.502
G1 F300 Z2.04
G1 F2400 E790.08435
G1 F5400 X118.508 Y122.44 E790.09409
G1 X118.138 Y122.329 E790.1018
G1 X117.774 Y122.178 E790.10966
G1 X117.37 Y121.943 E790.11899
G1 X116.939 Y121.611 E790.12985
G1 X116.742 Y121.391 E790.13574
G1 X116.393 Y120.935 E790.1472
G1 X116.258 Y120.662 E790.15328
G1 X116.106 Y120.298 E790.16115
G1 X116.003 Y119.989 E790.16765
G1 X115.923 Y119.387 E790.17977
G1 X115.913 Y119.116 E790.18518
G1 X115.983 Y118.592 E790.19573
G1 X116.059 Y118.264 E790.20245
G1 X116.302 Y117.668 E790.21529
G1 X116.484 Y117.382 E790.22206
G1 X116.777 Y116.998 E790.2317
G1 X116.998 Y116.777 E790.23794
G1 X117.369 Y116.491 E790.24728
G1 X117.664 Y116.302 E790.25428
G1 X118.264 Y116.059 E790.26719
G1 X118.59 Y115.984 E790.27387
G1 X119.115 Y115.913 E790.28444
G1 X119.384 Y115.923 E790.28981
G1 X119.844 Y115.983 E790.29907
G1 X120.135 Y116.047 E790.30502
G1 X120.662 Y116.258 E790.31635
G1 X120.935 Y116.393 E790.32242
G1 X121.39 Y116.741 E790.33385
G1 X121.608 Y116.934 E790.33967
G1 X121.943 Y117.37 E790.35064
G1 X122.182 Y117.783 E790.36016
G1 X122.33 Y118.143 E790.36793
G1 X122.436 Y118.507 E790.37549
G1 X122.501 Y118.976 E790.38494
G1 X122.502 Y119.438 E790.39416
G1 X122.455 Y119.826 E790.40196
G1 X122.329 Y120.298 E790.41171
G1 X122.178 Y120.662 E790.41958
G1 X121.945 Y121.064 E790.42885
G1 X121.612 Y121.499 E790.43978
G1 X121.378 Y121.703 E790.44598
G1 X121.066 Y121.943 E790.45383
G1 X120.803 Y122.114 E790.46009
G1 X120.298 Y122.329 E790.47104
G1 X119.826 Y122.455 E790.48079
G1 X119.438 Y122.502 E790.48859
G1 X118.992 Y122.502 E790.49749
G0 F15000 X119.042 Y122.105
G1 F5400 X118.58 Y122.046 E790.50679
G1 X118.292 Y121.96 E790.51279
G1 X117.928 Y121.808 E790.52066
G1 X117.614 Y121.626 E790.5279
G1 X117.154 Y121.272 E790.53948
G1 X116.693 Y120.67 E790.55462
G1 X116.404 Y119.952 E790.57006
G1 X116.303 Y119.221 E790.58479
G1 X116.38 Y118.645 E790.59638
G1 X116.439 Y118.39 E790.60161
G1 X116.711 Y117.744 E790.6156
G1 X117.156 Y117.16 E790.63025
G1 X117.738 Y116.711 E790.64492
G1 X118.39 Y116.439 E790.65901
G1 X118.644 Y116.38 E790.66422
G1 X119.208 Y116.303 E790.67558
G1 X119.952 Y116.404 E790.69056
G1 X120.673 Y116.695 E790.70608
G1 X121.274 Y117.157 E790.72121
G1 X121.626 Y117.614 E790.73272
G1 X121.812 Y117.935 E790.74012
G1 X121.96 Y118.295 E790.74789
G1 X122.043 Y118.578 E790.75377
G1 X122.104 Y119.03 E790.76288
G1 X122.106 Y119.388 E790.77002
G1 X122.058 Y119.777 E790.77784
G1 X121.96 Y120.144 E790.78542
G1 X121.809 Y120.508 E790.79329
G1 X121.628 Y120.82 E790.80048
G1 X121.281 Y121.273 E790.81187
G1 X120.687 Y121.73 E790.82683
G1 X120.144 Y121.96 E790.8386
G1 X119.777 Y122.058 E790.84618
G1 X119.388 Y122.106 E790.854
G1 X119.042 Y122.105 E790.8609
G0 F15000 X119.219 Y121.724
G1 F5400 X118.57 Y121.643 E790.87396
G1 X118.082 Y121.439 E790.88451
G1 X117.858 Y121.309 E790.88968
G1 X117.441 Y120.989 E790.90017
G1 X117.044 Y120.47 E790.91321
G1 X116.794 Y119.855 E790.92646
G1 X116.707 Y119.216 E790.93933
G1 X116.792 Y118.581 E790.95211
G1 X117.057 Y117.949 E790.96579
G1 X117.442 Y117.444 E790.97846
G1 X117.947 Y117.055 E790.99118
G1 X118.584 Y116.791 E791.00494
G1 X119.251 Y116.71 E791.01835
G1 X119.855 Y116.794 E791.03052
G1 X120.476 Y117.046 E791.04389
G1 X120.984 Y117.448 E791.05682
G1 X121.309 Y117.858 E791.06726
G1 X121.442 Y118.087 E791.07255
G1 X121.637 Y118.562 E791.08279
G1 X121.708 Y119.083 E791.09329
G1 X121.709 Y119.339 E791.0984
G1 X121.661 Y119.727 E791.1062
G1 X121.591 Y119.99 E791.11163
G1 X121.439 Y120.354 E791.1195
G1 X121.31 Y120.577 E791.12464
G1 X120.994 Y120.989 E791.135
G1 X120.482 Y121.383 E791.1479
G1 X119.99 Y121.591 E791.15856
G1 X119.727 Y121.661 E791.16399
G1 X119.219 Y121.724 E791.1742
G0 F15000 X119.215 Y121.321
G1 F5400 X118.673 Y121.253 E791.1851
G1 X118.162 Y121.039 E791.19616
G1 X117.732 Y120.701 E791.20707
G1 X117.395 Y120.272 E791.21796
G1 X117.186 Y119.753 E791.22913
G1 X117.11 Y119.221 E791.23985
G1 X117.183 Y118.678 E791.25079
G1 X117.403 Y118.156 E791.26209
G1 X117.731 Y117.731 E791.2728
G1 X118.153 Y117.401 E791.28349
G1 X118.679 Y117.183 E791.29486
G1 X119.214 Y117.11 E791.30563
G1 X119.753 Y117.182 E791.31648
G1 X120.266 Y117.399 E791.3276
G1 X120.701 Y117.731 E791.33852
G1 X121.042 Y118.165 E791.34953
G1 X121.248 Y118.666 E791.36034
G1 X121.321 Y119.214 E791.37138
G1 X121.254 Y119.759 E791.38234
G1 X121.039 Y120.274 E791.39347
G1 X120.711 Y120.702 E791.40423
G1 X120.275 Y121.037 E791.41521
G1 X119.76 Y121.254 E791.42636
G1 X119.215 Y121.321 E791.43732
G1 F2400 E790.63732
G1 F300 Z2.24
G0 F15000 X110 Y128.18
G1 F300 Z2.04
G1 F2400 E791.43732
G1 F5400 X114.71 Y127.562 E791.53211
G1 X119.087 Y125.747 E791.62667
G1 X122.856 Y122.856 E791.72147
G1 X125.747 Y119.088 E791.81624
G1 X127.558 Y114.71 E791.91079
G1 X128.18 Y110 E792.0056
G1 X127.558 Y105.286 E792.10049
G1 X125.747 Y100.908 E792.19504
G1 X122.856 Y97.14 E792.28981
G1 X119.088 Y94.249 E792.38459
G1 X114.71 Y92.438 E792.47914
G1 X110 Y91.816 E792.57395
G1 X105.286 Y92.438 E792.66884
G1 X100.908 Y94.249 E792.76338
G1 X97.14 Y97.14 E792.85816
G1 X94.248 Y100.909 E792.95297
G1 X92.434 Y105.286 E793.04752
G1 X91.816 Y110 E793.1424
G1 X92.435 Y114.71 E793.2372
G1 X94.248 Y119.087 E793.33174
G1 X97.14 Y122.856 E793.42655
G1 X100.908 Y125.747 E793.52132
G1 X105.286 Y127.562 E793.6159
G1 X110 Y128.18 E793.71078
G0 F15000 X110 Y128.584
G1 F5400 X114.814 Y127.952 E793.80767
G1 X119.289 Y126.097 E793.90435
G1 X123.141 Y123.141 E794.00124
G1 X126.096 Y119.29 E794.09811
G1 X127.948 Y114.814 E794.19478
G1 X128.583 Y110 E794.29168
G1 X127.948 Y105.182 E794.38866
G1 X126.096 Y100.706 E794.48533
G1 X123.141 Y96.855 E794.5822
G1 X119.29 Y93.899 E794.67908
G1 X114.814 Y92.048 E794.77574
G1 X110 Y91.413 E794.87264
G1 X105.182 Y92.048 E794.96962
G1 X100.706 Y93.899 E795.06628
G1 X96.855 Y96.855 E795.16316
G1 X93.899 Y100.707 E795.26005
G1 X92.044 Y105.182 E795.35673
G1 X91.412 Y110 E795.4537
G1 X92.045 Y114.814 E795.55059
G1 X93.899 Y119.289 E795.64726
G1 X96.855 Y123.141 E795.74415
G1 X100.707 Y126.097 E795.84105
G1 X105.182 Y127.951 E795.93772
G1 X110 Y128.584 E796.03469
G0 F15000 X110 Y128.987
G1 F5400 X114.918 Y128.341 E796.13368
G1 X119.491 Y126.446 E796.23246
G1 X123.426 Y123.426 E796.33145
G1 X126.446 Y119.491 E796.43044
G1 X128.337 Y114.919 E796.52917
G1 X128.987 Y110 E796.62819
G1 X128.337 Y105.077 E796.72729
G1 X126.446 Y100.505 E796.82602
G1 X123.426 Y96.57 E796.92501
G1 X119.491 Y93.55 E797.024
G1 X114.919 Y91.659 E797.12273
G1 X110 Y91.009 E797.22175
G1 X105.077 Y91.659 E797.32085
G1 X100.505 Y93.55 E797.41958
G1 X96.569 Y96.569 E797.51858
G1 X93.55 Y100.505 E797.61757
G1 X91.655 Y105.077 E797.71633
G1 X91.009 Y110 E797.81542
G1 X91.655 Y114.918 E797.91441
G1 X93.55 Y119.491 E798.01319
G1 X96.569 Y123.427 E798.11218
G1 X100.505 Y126.446 E798.21117
G1 X105.077 Y128.341 E798.30994
G1 X110 Y128.987 E798.40903
G0 F15000 X110 Y129.39
G1 F5400 X115.023 Y128.731 E798.51013
G1 X119.693 Y126.795 E798.61101
G1 X123.712 Y123.712 E798.71209
G1 X126.795 Y119.693 E798.81318
G1 X128.727 Y115.023 E798.91403
G1 X129.39 Y110 E799.01514
G1 X128.727 Y104.973 E799.11633
G1 X126.795 Y100.303 E799.21719
G1 X123.712 Y96.284 E799.31827
G1 X119.693 Y93.201 E799.41935
G1 X115.023 Y91.269 E799.52021
G1 X110 Y90.606 E799.62132
G1 X104.973 Y91.269 E799.7225
G1 X100.303 Y93.201 E799.82336
G1 X96.284 Y96.284 E799.92444
G1 X93.2 Y100.303 E800.02554
G1 X91.265 Y104.973 E800.12642
G1 X90.606 Y110 E800.22759
G1 X91.265 Y115.023 E800.32869
G1 X93.2 Y119.693 E800.42957
G1 X96.284 Y123.712 E800.53067
G1 X100.303 Y126.795 E800.63175
G1 X104.973 Y128.731 E800.73264
G1 X110 Y129.39 E800.83381
G1 F2400 E800.03381
G1 F300 Z2.24
G0 F15000 X101.002 Y122.502
G1 F300 Z2.04
G1 F2400 E800.83381
G1 F5400 X100.557 Y122.502 E800.84269
G1 X100.172 Y122.455 E800.85043
G1 X99.708 Y122.332 E800.86001
G1 X99.195 Y122.113 E800.87115
G1 X98.932 Y121.945 E800.87737
G1 X98.496 Y121.605 E800.88841
G1 X98.291 Y121.372 E800.8946
G1 X98.055 Y121.064 E800.90234
G1 X97.823 Y120.662 E800.91161
G1 X97.671 Y120.298 E800.91948
G1 X97.548 Y119.846 E800.92883
G1 X97.496 Y119.462 E800.93656
G1 X97.496 Y118.98 E800.94618
G1 X97.561 Y118.508 E800.95569
G1 X97.668 Y118.144 E800.96326
G1 X97.82 Y117.776 E800.9712
G1 X98.053 Y117.372 E800.98051
G1 X98.379 Y116.943 E800.99126
G1 X98.603 Y116.744 E800.99724
G1 X99.066 Y116.393 E801.00884
G1 X99.338 Y116.258 E801.0149
G1 X99.946 Y116.015 E801.02796
G1 X100.612 Y115.923 E801.04138
G1 X100.884 Y115.913 E801.04681
G1 X101.408 Y115.983 E801.05736
G1 X101.742 Y116.061 E801.06421
G1 X102.332 Y116.302 E801.07692
G1 X102.619 Y116.484 E801.08371
G1 X103.002 Y116.777 E801.09333
G1 X103.223 Y116.998 E801.09957
G1 X103.515 Y117.38 E801.10916
G1 X103.668 Y117.622 E801.11488
G1 X103.937 Y118.261 E801.12871
G1 X104.012 Y118.588 E801.13541
G1 X104.083 Y119.11 E801.14592
G1 X104.073 Y119.385 E801.15141
G1 X103.999 Y119.951 E801.1628
G1 X103.935 Y120.203 E801.16799
G1 X103.731 Y120.678 E801.17831
G1 X103.606 Y120.929 E801.1839
G1 X103.276 Y121.365 E801.19482
G1 X103.074 Y121.595 E801.20092
G1 X102.641 Y121.934 E801.2119
G1 X102.226 Y122.178 E801.22151
G1 X101.862 Y122.329 E801.22937
G1 X101.489 Y122.44 E801.23714
G1 X101.002 Y122.502 E801.24693
G0 F15000 X100.953 Y122.106
G1 F5400 X100.606 Y122.106 E801.25386
G1 X100.222 Y122.058 E801.26158
G1 X99.861 Y121.962 E801.26903
G1 X99.299 Y121.724 E801.28121
G1 X98.718 Y121.272 E801.2959
G1 X98.372 Y120.82 E801.30726
G1 X98.192 Y120.508 E801.31445
G1 X98.04 Y120.144 E801.32232
G1 X97.944 Y119.793 E801.32959
G1 X97.892 Y119.408 E801.33734
G1 X97.892 Y119.033 E801.34482
G1 X97.954 Y118.58 E801.35395
G1 X98.037 Y118.297 E801.35983
G1 X98.19 Y117.929 E801.36779
G1 X98.371 Y117.614 E801.37504
G1 X98.718 Y117.159 E801.38645
G1 X99.333 Y116.693 E801.40185
G1 X99.856 Y116.476 E801.41315
G1 X100.097 Y116.395 E801.41823
G1 X100.781 Y116.303 E801.432
G1 X101.355 Y116.38 E801.44356
G1 X101.615 Y116.44 E801.44888
G1 X102.256 Y116.711 E801.46277
G1 X102.843 Y117.157 E801.47748
G1 X103.284 Y117.738 E801.49204
G1 X103.558 Y118.387 E801.5061
G1 X103.616 Y118.641 E801.5113
G1 X103.692 Y119.205 E801.52265
G1 X103.607 Y119.874 E801.53611
G1 X103.52 Y120.156 E801.542
G1 X103.292 Y120.683 E801.55346
G1 X102.847 Y121.265 E801.56808
G1 X102.395 Y121.619 E801.57954
G1 X102.072 Y121.808 E801.587
G1 X101.708 Y121.96 E801.59488
G1 X101.418 Y122.046 E801.60091
G1 X100.953 Y122.106 E801.61027
G0 F15000 X100.78 Y121.725
G1 F5400 X100.272 Y121.661 E801.62049
G1 X100.014 Y121.593 E801.62581
G1 X99.502 Y121.376 E801.63691
G1 X98.986 Y120.963 E801.6501
G1 X98.69 Y120.577 E801.65981
G1 X98.561 Y120.354 E801.66495
G1 X98.409 Y119.99 E801.67282
G1 X98.341 Y119.739 E801.67801
G1 X98.289 Y119.355 E801.68574
G1 X98.288 Y119.087 E801.69109
G1 X98.36 Y118.563 E801.70165
G1 X98.559 Y118.082 E801.71203
G1 X98.689 Y117.857 E801.71722
G1 X99.007 Y117.441 E801.72767
G1 X99.534 Y117.043 E801.74085
G1 X100.144 Y116.794 E801.754
G1 X100.784 Y116.707 E801.76688
G1 X101.42 Y116.792 E801.77969
G1 X102.051 Y117.057 E801.79335
G1 X102.558 Y117.443 E801.80606
G1 X102.94 Y117.947 E801.81868
G1 X103.202 Y118.57 E801.83217
G1 X103.289 Y119.208 E801.84502
G1 X103.207 Y119.854 E801.85802
G1 X102.963 Y120.443 E801.87074
G1 X102.583 Y120.954 E801.88345
G1 X102.149 Y121.304 E801.89457
G1 X101.918 Y121.439 E801.89991
G1 X101.431 Y121.642 E801.91044
G1 X100.78 Y121.725 E801.92354
G0 F15000 X100.78 Y121.321
G1 F5400 X100.24 Y121.254 E801.9344
G1 X99.715 Y121.034 E801.94576
G1 X99.295 Y120.701 E801.95645
G1 X98.962 Y120.277 E801.96721
G1 X98.748 Y119.763 E801.97832
G1 X98.674 Y119.221 E801.98924
G1 X98.748 Y118.672 E802.0003
G1 X98.959 Y118.162 E802.01131
G1 X99.29 Y117.736 E802.02208
G1 X99.735 Y117.398 E802.03323
G1 X100.246 Y117.182 E802.0443
G1 X100.781 Y117.11 E802.05507
G1 X101.322 Y117.183 E802.06596
G1 X101.845 Y117.403 E802.07729
G1 X102.272 Y117.728 E802.088
G1 X102.594 Y118.152 E802.09862
G1 X102.813 Y118.675 E802.10994
G1 X102.885 Y119.213 E802.12077
G1 X102.819 Y119.751 E802.13159
G1 X102.596 Y120.269 E802.14284
G1 X102.27 Y120.696 E802.15356
G1 X101.84 Y121.038 E802.16452
G1 X101.327 Y121.252 E802.17562
G1 X100.78 Y121.321 E802.18662
G1 F2400 E801.38662
G1 F300 Z2.24
G0 F15000 X119.122 Y104.083
G1 F300 Z2.04
G1 F2400 E802.18662
G1 F5400 X118.608 Y104.019 E802.19696
G1 X118.263 Y103.94 E802.20402
G1 X117.662 Y103.693 E802.21699
G1 X117.38 Y103.514 E802.22365
G1 X116.998 Y103.223 E802.23324
G1 X116.777 Y103.002 E802.23947
G1 X116.484 Y102.618 E802.24911
G1 X116.327 Y102.371 E802.25495
G1 X116.072 Y101.783 E802.26774
G1 X115.984 Y101.41 E802.27539
G1 X115.913 Y100.885 E802.28596
G1 X115.923 Y100.615 E802.29135
G1 X116.015 Y99.946 E802.30483
G1 X116.259 Y99.338 E802.3179
G1 X116.388 Y99.073 E802.32379
G1 X116.741 Y98.606 E802.33547
G1 X116.939 Y98.385 E802.34139
G1 X117.37 Y98.053 E802.35225
G1 X117.783 Y97.815 E802.36176
G1 X118.143 Y97.667 E802.36953
G1 X118.507 Y97.56 E802.3771
G1 X118.976 Y97.495 E802.38655
G1 X119.456 Y97.495 E802.39613
G1 X119.844 Y97.547 E802.40394
G1 X120.289 Y97.667 E802.41314
G1 X120.649 Y97.814 E802.4209
G1 X121.062 Y98.053 E802.43042
G1 X121.502 Y98.391 E802.44149
G1 X121.704 Y98.621 E802.4476
G1 X121.944 Y98.933 E802.45546
G1 X122.113 Y99.197 E802.46171
G1 X122.329 Y99.707 E802.47276
G1 X122.449 Y100.152 E802.48196
G1 X122.501 Y100.54 E802.48977
G1 X122.502 Y101.002 E802.49899
G1 X122.44 Y101.489 E802.50879
G1 X122.322 Y101.877 E802.51688
G1 X122.168 Y102.242 E802.52479
G1 X121.95 Y102.615 E802.53341
G1 X121.625 Y103.047 E802.5442
G1 X121.394 Y103.255 E802.5504
G1 X120.935 Y103.607 E802.56195
G1 X120.662 Y103.742 E802.56802
G1 X120.054 Y103.985 E802.58109
G1 X119.385 Y104.073 E802.59456
G1 X119.122 Y104.083 E802.59981
G0 F15000 X119.347 Y103.674
G1 F5400 X119.042 Y103.67 E802.60589
G1 X118.658 Y103.622 E802.61362
G1 X118.389 Y103.561 E802.61912
G1 X117.738 Y103.284 E802.63324
G1 X117.157 Y102.843 E802.6478
G1 X116.711 Y102.256 E802.66251
G1 X116.441 Y101.615 E802.67639
G1 X116.38 Y101.356 E802.6817
G1 X116.303 Y100.791 E802.69308
G1 X116.405 Y100.043 E802.70814
G1 X116.693 Y99.332 E802.72345
G1 X117.153 Y98.724 E802.73867
G1 X117.614 Y98.37 E802.75027
G1 X117.935 Y98.185 E802.75766
G1 X118.295 Y98.037 E802.76543
G1 X118.578 Y97.954 E802.77131
G1 X119.03 Y97.892 E802.78042
G1 X119.403 Y97.892 E802.78786
G1 X119.791 Y97.943 E802.79567
G1 X120.137 Y98.037 E802.80283
G1 X120.497 Y98.184 E802.81059
G1 X120.818 Y98.37 E802.81799
G1 X121.275 Y98.721 E802.82949
G1 X121.726 Y99.307 E802.84425
G1 X121.959 Y99.859 E802.8562
G1 X122.052 Y100.205 E802.86335
G1 X122.104 Y100.593 E802.87116
G1 X122.106 Y100.953 E802.87835
G1 X122.047 Y101.418 E802.8877
G1 X121.955 Y101.72 E802.894
G1 X121.8 Y102.084 E802.9019
G1 X121.631 Y102.375 E802.90861
G1 X121.284 Y102.836 E802.92013
G1 X120.67 Y103.307 E802.93557
G1 X119.953 Y103.596 E802.951
G1 X119.347 Y103.674 E802.96319
G0 F15000 X119.214 Y103.288
G1 F5400 X118.583 Y103.21 E802.97588
G1 X117.95 Y102.941 E802.9896
G1 X117.438 Y102.554 E803.00241
G1 X117.057 Y102.05 E803.01502
G1 X116.791 Y101.418 E803.0287
G1 X116.71 Y100.749 E803.04215
G1 X116.794 Y100.144 E803.05434
G1 X117.043 Y99.532 E803.06753
G1 X117.441 Y99.007 E803.08067
G1 X117.858 Y98.687 E803.09116
G1 X118.087 Y98.555 E803.09644
G1 X118.565 Y98.358 E803.10676
G1 X119.083 Y98.288 E803.11719
G1 X119.35 Y98.288 E803.12252
G1 X119.737 Y98.34 E803.13031
G1 X119.985 Y98.407 E803.13543
G1 X120.345 Y98.554 E803.1432
G1 X120.574 Y98.687 E803.14848
G1 X121.011 Y99.033 E803.1596
G1 X121.383 Y99.517 E803.17179
G1 X121.589 Y100.011 E803.18247
G1 X121.656 Y100.259 E803.18759
G1 X121.708 Y100.646 E803.19539
G1 X121.709 Y100.903 E803.20051
G1 X121.642 Y101.432 E803.21116
G1 X121.387 Y102.033 E803.22418
G1 X120.997 Y102.551 E803.23712
G1 X120.47 Y102.956 E803.25039
G1 X119.852 Y103.207 E803.2637
G1 X119.214 Y103.288 E803.27653
G0 F15000 X119.217 Y102.886
G1 F5400 X118.681 Y102.818 E803.28731
G1 X118.152 Y102.594 E803.29878
G1 X117.724 Y102.269 E803.3095
G1 X117.401 Y101.841 E803.3202
G1 X117.183 Y101.321 E803.33146
G1 X117.11 Y100.786 E803.34223
G1 X117.182 Y100.245 E803.35312
G1 X117.398 Y99.735 E803.36418
G1 X117.722 Y99.296 E803.37506
G1 X118.166 Y98.955 E803.38624
G1 X118.67 Y98.748 E803.39711
G1 X119.216 Y98.674 E803.4081
G1 X119.76 Y98.747 E803.41906
G1 X120.266 Y98.954 E803.42997
G1 X120.701 Y99.295 E803.441
G1 X121.035 Y99.72 E803.45179
G1 X121.248 Y100.234 E803.46289
G1 X121.322 Y100.778 E803.47385
G1 X121.252 Y101.33 E803.48495
G1 X121.036 Y101.834 E803.49589
G1 X120.711 Y102.267 E803.5067
G1 X120.267 Y102.601 E803.51778
G1 X119.753 Y102.814 E803.52889
G1 X119.217 Y102.886 E803.53968
G0 F15000 X119.235 Y102.48
;TYPE:WALL-OUTER
G1 F5400 X118.778 Y102.428 E803.54886
G1 X118.385 Y102.261 E803.55738
G1 X118.002 Y101.973 E803.56694
G1 X117.735 Y101.61 E803.57594
G1 X117.578 Y101.232 E803.5841
G1 X117.516 Y100.765 E803.5935
G1 X117.576 Y100.336 E803.60215
G1 X117.746 Y99.933 E803.61088
G1 X118.014 Y99.578 E803.61975
G1 X118.368 Y99.304 E803.62869
G1 X118.801 Y99.133 E803.63798
G1 X119.216 Y99.077 E803.64633
G1 X119.631 Y99.133 E803.65469
G1 X120.041 Y99.294 E803.66348
G1 X120.418 Y99.578 E803.6729
G1 X120.694 Y99.939 E803.68197
G1 X120.863 Y100.365 E803.69112
G1 X120.915 Y100.753 E803.69893
G1 X120.865 Y101.204 E803.70798
G1 X120.672 Y101.653 E803.71774
G1 X120.423 Y101.981 E803.72595
G1 X120.068 Y102.254 E803.73489
G1 X119.663 Y102.424 E803.74366
G1 X119.235 Y102.48 E803.75227
G1 F2400 E802.95227
G1 F300 Z2.24
G0 F15000 X110 Y114.194
G1 F300 Z2.04
G1 F2400 E803.75227
G1 F5400 X108.894 Y114.052 E803.77452
G1 X107.909 Y113.643 E803.79581
G1 X107.018 Y112.957 E803.81825
G1 X106.366 Y112.103 E803.83969
G1 X105.944 Y111.102 E803.86137
G1 X105.8 Y110.015 E803.88325
G1 X105.943 Y108.896 E803.90576
G1 X106.367 Y107.891 E803.92753
G1 X107.03 Y107.03 E803.94922
G1 X107.893 Y106.366 E803.97095
G1 X108.896 Y105.943 E803.99267
G1 X109.985 Y105.8 E804.01459
G1 X111.085 Y105.936 E804.03671
G1 X112.103 Y106.366 E804.05876
G1 X112.982 Y107.043 E804.0809
G1 X113.643 Y107.908 E804.10263
G1 X114.053 Y108.896 E804.12397
G1 X114.196 Y109.985 E804.14589
G1 X114.052 Y111.102 E804.16837
G1 X113.634 Y112.103 E804.19001
G1 X112.957 Y112.982 E804.21216
G1 X112.103 Y113.634 E804.2336
G1 X111.102 Y114.052 E804.25524
G1 X110.015 Y114.196 E804.27713
G1 X110 Y114.194 E804.27743
G1 F2400 E803.47743
G1 F300 Z2.24
G0 F15000 X119.191 Y120.915
G1 F300 Z2.04
G1 F2400 E804.27743
G1 F5400 X118.796 Y120.865 E804.28537
G1 X118.39 Y120.701 E804.29411
G1 X118.014 Y120.418 E804.3035
G1 X117.746 Y120.068 E804.3123
G1 X117.576 Y119.663 E804.32107
G1 X117.516 Y119.239 E804.32961
G1 X117.578 Y118.768 E804.33909
G1 X117.743 Y118.374 E804.34762
G1 X118.027 Y118.002 E804.35696
G1 X118.37 Y117.742 E804.36555
G1 X118.768 Y117.578 E804.37414
G1 X119.235 Y117.516 E804.38354
G1 X119.663 Y117.576 E804.39216
G1 X120.068 Y117.746 E804.40093
G1 X120.418 Y118.014 E804.40972
G1 X120.702 Y118.391 E804.41914
G1 X120.85 Y118.751 E804.42691
G1 X120.915 Y119.189 E804.43575
G1 X120.864 Y119.655 E804.4451
G1 X120.701 Y120.046 E804.45356
G1 X120.422 Y120.418 E804.46284
G1 X120.061 Y120.694 E804.4719
G1 X119.656 Y120.864 E804.48067
G1 X119.191 Y120.915 E804.49
G1 F2400 E803.69
G1 F300 Z2.24
G0 F15000 X110 Y129.794
G1 F300 Z2.04
G1 F2400 E804.49
G1 F5400 X115.127 Y129.121 E804.5932
G1 X119.895 Y127.145 E804.6962
G1 X123.997 Y123.997 E804.79938
G1 X127.145 Y119.895 E804.90257
G1 X129.117 Y115.127 E805.00554
G1 X129.794 Y110 E805.10874
G1 X129.117 Y104.869 E805.21202
G1 X127.145 Y100.101 E805.31499
G1 X123.997 Y95.999 E805.41818
G1 X119.895 Y92.851 E805.52136
G1 X115.127 Y90.879 E805.62433
G1 X110 Y90.202 E805.72754
G1 X104.869 Y90.879 E805.83082
G1 X100.101 Y92.851 E805.93378
G1 X95.999 Y95.999 E806.03697
G1 X92.851 Y100.101 E806.14016
G1 X90.875 Y104.869 E806.24316
G1 X90.202 Y110 E806.34643
G1 X90.875 Y115.127 E806.44962
G1 X92.851 Y119.895 E806.55262
G1 X95.999 Y123.997 E806.65581
G1 X100.101 Y127.145 E806.75899
G1 X104.869 Y129.121 E806.86199
G1 X110 Y129.794 E806.96526
G1 F2400 E806.16526
G1 F300 Z2.24
G0 F15000 X100.755 Y120.915
G1 F300 Z2.04
G1 F2400 E806.96526
G1 F5400 X100.345 Y120.864 E806.97351
G1 X99.935 Y120.694 E806.98237
G1 X99.578 Y120.418 E806.99137
G1 X99.299 Y120.046 E807.00065
G1 X99.133 Y119.631 E807.00957
G1 X99.077 Y119.22 E807.01785
G1 X99.135 Y118.796 E807.02639
G1 X99.308 Y118.364 E807.03568
G1 X99.574 Y118.018 E807.04439
G1 X99.954 Y117.735 E807.05384
G1 X100.336 Y117.576 E807.0621
G1 X100.761 Y117.516 E807.07066
G1 X101.232 Y117.578 E807.08014
G1 X101.626 Y117.743 E807.08867
G1 X101.998 Y118.027 E807.09801
G1 X102.261 Y118.386 E807.10689
G1 X102.427 Y118.801 E807.11581
G1 X102.48 Y119.235 E807.12453
G1 X102.424 Y119.663 E807.13315
G1 X102.25 Y120.069 E807.14196
G1 X102.004 Y120.394 E807.1501
G1 X101.636 Y120.69 E807.15952
G1 X101.219 Y120.864 E807.16854
G1 X100.755 Y120.915 E807.17785
G1 F2400 E806.37785
G1 F300 Z2.24
G0 F15000 X100.761 Y102.48
G1 F300 Z2.04
G1 F2400 E807.17785
G1 F5400 X100.336 Y102.424 E807.18641
G1 X99.932 Y102.254 E807.19516
G1 X99.578 Y101.982 E807.20406
G1 X99.299 Y101.61 E807.21334
G1 X99.133 Y101.195 E807.22226
G1 X99.077 Y100.78 E807.23062
G1 X99.137 Y100.343 E807.23942
G1 X99.306 Y99.939 E807.24816
G1 X99.578 Y99.578 E807.25718
G1 X99.932 Y99.304 E807.26612
G1 X100.365 Y99.133 E807.27541
G1 X100.78 Y99.077 E807.28376
G1 X101.204 Y99.135 E807.2923
G1 X101.629 Y99.304 E807.30143
G1 X101.982 Y99.578 E807.31035
G1 X102.255 Y99.931 E807.31925
G1 X102.42 Y100.333 E807.32793
G1 X102.48 Y100.761 E807.33655
G1 X102.422 Y101.232 E807.34602
G1 X102.257 Y101.626 E807.35454
G1 X101.969 Y101.998 E807.36393
G1 X101.626 Y102.253 E807.37246
G1 X101.232 Y102.422 E807.38102
G1 X100.761 Y102.48 E807.39049
G1 F2400 E806.59049
G1 F300 Z2.24
G0 F15000 X119.096 Y104.439
;TYPE:SKIN
G1 F300 Z2.04
G1 F2400 E807.39049
G1 F5400 X119.406 Y104.432 E807.39668
G1 X120.152 Y104.333 E807.41169
G1 X120.972 Y103.999 E807.42936
G1 X121.276 Y103.795 E807.43667
G1 X121.733 Y103.448 E807.44812
G1 X121.996 Y103.151 E807.45604
G1 X122.254 Y102.809 E807.46459
G1 X122.49 Y102.401 E807.47399
G1 X122.653 Y102.018 E807.4823
G1 X122.793 Y101.549 E807.49207
G1 X122.859 Y101.046 E807.50219
G1 X122.855 Y100.489 E807.51331
G1 X122.803 Y100.105 E807.52104
G1 X122.661 Y99.566 E807.53216
G1 X122.434 Y99.03 E807.54378
G1 X122.223 Y98.705 E807.55151
G1 X121.883 Y98.265 E807.56261
G1 X121.605 Y98.014 E807.57008
G1 X121.286 Y97.769 E807.57811
G1 X120.797 Y97.486 E807.58938
G1 X120.428 Y97.334 E807.59735
G1 X119.908 Y97.194 E807.6081
G1 X119.504 Y97.137 E807.61624
G1 X118.929 Y97.137 E807.62771
G1 X118.449 Y97.201 E807.63738
G1 X118 Y97.334 E807.64672
G1 X117.648 Y97.478 E807.65431
G1 X117.145 Y97.765 E807.66587
G1 X116.825 Y98.013 E807.67395
G1 X116.571 Y98.238 E807.68072
G1 X116.197 Y98.722 E807.69292
G1 X115.987 Y99.05 E807.7007
G1 X115.727 Y99.67 E807.71411
G1 X115.649 Y99.971 E807.72032
G1 X115.56 Y100.587 E807.73274
G1 X115.553 Y100.913 E807.73925
G1 X115.625 Y101.451 E807.75008
G1 X115.712 Y101.837 E807.75797
G1 X115.97 Y102.476 E807.77173
G1 X116.183 Y102.816 E807.77973
G1 X116.496 Y103.23 E807.79009
G1 X116.769 Y103.499 E807.79774
G1 X117.153 Y103.795 E807.80741
G1 X117.499 Y104.016 E807.81561
G1 X118.164 Y104.288 E807.82995
G1 X118.54 Y104.372 E807.83763
G1 X119.096 Y104.439 E807.84881
G1 F2400 E807.04881
G1 F300 Z2.24
G0 F15000 X101.05 Y122.859
G1 F300 Z2.04
G1 F2400 E807.84881
G1 F5400 X101.546 Y122.795 E807.85879
G1 X101.998 Y122.661 E807.8682
G1 X102.358 Y122.509 E807.876
G1 X102.864 Y122.218 E807.88765
G1 X103.308 Y121.87 E807.8989
G1 X103.531 Y121.62 E807.90559
G1 X103.796 Y121.269 E807.91437
G1 X103.978 Y121.001 E807.92083
G1 X104.28 Y120.305 E807.93597
G1 X104.351 Y120.02 E807.94183
G1 X104.431 Y119.431 E807.95369
G1 X104.439 Y119.081 E807.96068
G1 X104.367 Y118.537 E807.97163
G1 X104.27 Y118.125 E807.98008
G1 X104.022 Y117.516 E807.9932
G1 X103.809 Y117.176 E808.00121
G1 X103.5 Y116.767 E808.01144
G1 X103.249 Y116.517 E808.01851
G1 X102.83 Y116.193 E808.02908
G1 X102.508 Y115.987 E808.0367
G1 X101.868 Y115.722 E808.05053
G1 X101.451 Y115.625 E808.05907
G1 X100.919 Y115.553 E808.06979
G1 X100.59 Y115.56 E808.07635
G1 X99.973 Y115.648 E808.08879
G1 X99.705 Y115.718 E808.09432
G1 X99.047 Y115.987 E808.1085
G1 X98.734 Y116.188 E808.11593
G1 X98.234 Y116.574 E808.12853
G1 X97.995 Y116.843 E808.13571
G1 X97.754 Y117.168 E808.14379
G1 X97.487 Y117.637 E808.15456
G1 X97.331 Y118.005 E808.16253
G1 X97.206 Y118.426 E808.1713
G1 X97.137 Y118.933 E808.18151
G1 X97.136 Y119.484 E808.1925
G1 X97.189 Y119.892 E808.20072
G1 X97.326 Y120.405 E808.21131
G1 X97.487 Y120.797 E808.21977
G1 X97.754 Y121.264 E808.2305
G1 X97.993 Y121.578 E808.23838
G1 X98.256 Y121.874 E808.24628
G1 X98.727 Y122.241 E808.2582
G1 X99.007 Y122.421 E808.26484
G1 X99.589 Y122.67 E808.27747
G1 X100.109 Y122.806 E808.2882
G1 X100.506 Y122.859 E808.29619
G1 X101.05 Y122.859 E808.30705
G1 F2400 E807.50705
G1 F300 Z2.24
G0 F15000 X109.999 Y127.814
G1 F300 Z2.04
G1 F2400 E808.30705
G1 F5400 X105.373 Y127.209 E808.40015
G1 X101.089 Y125.433 E808.4927
G1 X97.395 Y122.597 E808.58563
G1 X94.559 Y118.903 E808.67857
G1 X92.783 Y114.619 E808.77112
G1 X92.178 Y110.001 E808.86406
G1 X92.787 Y105.373 E808.95722
G1 X94.559 Y101.089 E809.04973
G1 X97.395 Y97.395 E809.14267
G1 X101.089 Y94.559 E809.23561
G1 X105.373 Y92.791 E809.32809
G1 X109.999 Y92.178 E809.42122
G1 X114.619 Y92.791 E809.51422
G1 X118.903 Y94.559 E809.60671
G1 X122.597 Y97.395 E809.69965
G1 X125.433 Y101.089 E809.79258
G1 X127.205 Y105.373 E809.8851
G1 X127.814 Y109.999 E809.97821
G1 X127.201 Y114.619 E810.07122
G1 X125.433 Y118.903 E810.16371
G1 X122.597 Y122.597 E810.25664
G1 X118.903 Y125.433 E810.34958
G1 X114.619 Y127.209 E810.44213
G1 X109.999 Y127.814 E810.53511
G1 F2400 E809.73511
G1 F300 Z2.24
G0 F15000 X118.942 Y122.859
G1 F300 Z2.04
G1 F2400 E810.53511
G1 F5400 X119.477 Y122.859 E810.54579
G1 X119.869 Y122.811 E810.55367
G1 X120.408 Y122.67 E810.56479
G1 X120.99 Y122.42 E810.57743
G1 X121.27 Y122.236 E810.58411
G1 X121.594 Y121.987 E810.59227
G1 X121.806 Y121.806 E810.59783
G1 X121.988 Y121.595 E810.60339
G1 X122.246 Y121.26 E810.61183
G1 X122.513 Y120.793 E810.62257
G1 X122.67 Y120.411 E810.63081
G1 X122.806 Y119.891 E810.64153
G1 X122.859 Y119.477 E810.64986
G1 X122.855 Y118.925 E810.66088
G1 X122.785 Y118.42 E810.67105
G1 X122.669 Y118.02 E810.67936
G1 X122.517 Y117.651 E810.68733
G1 X122.237 Y117.167 E810.69849
G1 X121.992 Y116.839 E810.70666
G1 X121.759 Y116.572 E810.71373
G1 X121.29 Y116.209 E810.72556
G1 X120.95 Y115.987 E810.73367
G1 X120.446 Y115.775 E810.74458
G1 X120.058 Y115.648 E810.75273
G1 X119.426 Y115.565 E810.76545
G1 X119.117 Y115.552 E810.77162
G1 X118.545 Y115.625 E810.78313
G1 X118.133 Y115.722 E810.79157
G1 X117.525 Y115.966 E810.80465
G1 X117.16 Y116.195 E810.81325
G1 X116.746 Y116.514 E810.82368
G1 X116.506 Y116.759 E810.83052
G1 X116.193 Y117.165 E810.84075
G1 X115.986 Y117.493 E810.84849
G1 X115.722 Y118.132 E810.86229
G1 X115.621 Y118.55 E810.87087
G1 X115.553 Y119.082 E810.88157
G1 X115.564 Y119.409 E810.8881
G1 X115.651 Y120.078 E810.90157
G1 X115.766 Y120.42 E810.90877
G1 X115.987 Y120.95 E810.92023
G1 X116.197 Y121.271 E810.92788
G1 X116.545 Y121.726 E810.93931
G1 X116.823 Y121.978 E810.9468
G1 X117.147 Y122.224 E810.95492
G1 X117.619 Y122.501 E810.96584
G1 X118.018 Y122.668 E810.97447
G1 X118.44 Y122.793 E810.98325
G1 X118.942 Y122.859 E810.99336
G1 F2400 E810.19336
G1 F300 Z2.24
G0 F15000 X110 Y116.145
G1 F300 Z2.04
G1 F2400 E810.99336
G1 F5400 X110.152 Y116.148 E810.99639
G1 X111.465 Y115.984 E811.0228
G1 X111.77 Y115.892 E811.02916
G1 X113.12 Y115.321 E811.05841
G1 X114.233 Y114.467 E811.0864
G1 X114.483 Y114.214 E811.0935
G1 X115.349 Y113.074 E811.12207
G1 X115.889 Y111.79 E811.14987
G1 X115.984 Y111.461 E811.1567
G1 X116.156 Y110.123 E811.18362
G1 X116.148 Y109.836 E811.18935
G1 X115.987 Y108.551 E811.2152
G1 X115.901 Y108.244 E811.22156
G1 X115.421 Y107.079 E811.2467
G1 X115.247 Y106.777 E811.25366
G1 X114.478 Y105.775 E811.27887
G1 X114.215 Y105.517 E811.28622
G1 X113.107 Y104.661 E811.31416
G1 X111.786 Y104.107 E811.34275
G1 X111.479 Y104.012 E811.34916
G1 X110.16 Y103.844 E811.37569
G1 X109.729 Y103.852 E811.3843
G1 X108.554 Y104.005 E811.40794
G1 X108.245 Y104.091 E811.41434
G1 X106.881 Y104.666 E811.44388
G1 X105.785 Y105.513 E811.47152
G1 X105.518 Y105.775 E811.47899
G1 X104.757 Y106.761 E811.50385
G1 X104.585 Y107.062 E811.51076
G1 X104.092 Y108.246 E811.53636
G1 X104.006 Y108.545 E811.54257
G1 X103.853 Y109.718 E811.56617
G1 X103.844 Y110.158 E811.57496
G1 X104.009 Y111.468 E811.60131
G1 X104.1 Y111.767 E811.60754
G1 X104.675 Y113.124 E811.63695
G1 X105.516 Y114.214 E811.66443
G1 X105.775 Y114.478 E811.67181
G1 X106.694 Y115.187 E811.69497
G1 X107.037 Y115.397 E811.703
G1 X108.206 Y115.889 E811.72831
G1 X108.521 Y115.983 E811.73487
G1 X109.718 Y116.139 E811.75896
G1 X110 Y116.145 E811.76459
G1 F2400 E810.96459
G1 F300 Z2.24
G0 F15000 X100.874 Y104.44
G1 F300 Z2.04
G1 F2400 E811.76459
G1 F5400 X101.428 Y104.375 E811.77572
G1 X101.904 Y104.265 E811.78547
G1 X102.56 Y103.973 E811.7998
G1 X102.812 Y103.813 E811.80575
G1 X103.226 Y103.5 E811.81611
G1 X103.474 Y103.254 E811.82308
G1 X103.794 Y102.848 E811.8334
G1 X104.021 Y102.487 E811.84191
G1 X104.274 Y101.868 E811.85525
G1 X104.371 Y101.458 E811.86366
G1 X104.439 Y100.892 E811.87504
G1 X104.431 Y100.556 E811.88174
G1 X104.329 Y99.845 E811.89608
G1 X104.018 Y99.058 E811.91297
G1 X103.798 Y98.724 E811.92095
G1 X103.451 Y98.27 E811.93235
G1 X103.169 Y98.014 E811.93995
G1 X102.846 Y97.765 E811.94809
G1 X102.372 Y97.49 E811.95903
G1 X101.992 Y97.334 E811.96722
G1 X101.574 Y97.208 E811.97594
G1 X101.067 Y97.137 E811.98615
G1 X100.489 Y97.137 E811.99769
G1 X100.105 Y97.189 E812.00542
G1 X99.588 Y97.326 E812.01609
G1 X99.212 Y97.478 E812.02419
G1 X98.732 Y97.75 E812.0352
G1 X98.401 Y98.006 E812.04355
G1 X98.127 Y98.245 E812.0508
G1 X97.76 Y98.723 E812.06283
G1 X97.57 Y99.027 E812.06998
G1 X97.33 Y99.583 E812.08207
G1 X97.189 Y100.112 E812.09299
G1 X97.137 Y100.488 E812.10057
G1 X97.136 Y101.036 E812.1115
G1 X97.205 Y101.56 E812.12205
G1 X97.335 Y101.998 E812.13117
G1 X97.487 Y102.358 E812.13897
G1 X97.754 Y102.824 E812.14969
G1 X98.009 Y103.158 E812.15807
G1 X98.223 Y103.41 E812.16467
G1 X98.72 Y103.795 E812.17721
G1 X99.012 Y103.991 E812.18423
G1 X99.674 Y104.273 E812.19859
G1 X99.968 Y104.347 E812.20464
G1 X100.564 Y104.431 E812.21665
G1 X100.874 Y104.44 E812.22284
G1 F2400 E811.42284
G1 F300 Z2.24
G0 F15000 X97.658 Y122.548
G1 F300 Z2.04
G1 F2400 E812.22284
G1 F5400 X97.444 Y122.334 E812.22888
G0 F15000 X97.555 Y121.313
G1 F5400 X94.514 Y118.273 E812.31469
G0 F15000 X94.113 Y117.306
G1 F5400 X97.086 Y120.279 E812.3986
G0 F15000 X96.948 Y119.575
G1 F5400 X93.713 Y116.34 E812.4899
G0 F15000 X93.312 Y115.374
G1 F5400 X96.939 Y119 E812.59224
G0 F15000 X96.996 Y118.492
G1 F5400 X92.963 Y114.459 E812.70606
G0 F15000 X92.878 Y113.808
G1 F5400 X97.113 Y118.043 E812.82558
G0 F15000 X97.272 Y117.637
G1 F5400 X92.793 Y113.158 E812.95199
G0 F15000 X92.707 Y112.506
G1 F5400 X97.468 Y117.267 E813.08636
G0 F15000 X97.689 Y116.922
G1 F5400 X92.623 Y111.856 E813.22933
G0 F15000 X92.537 Y111.205
G1 F5400 X97.939 Y116.606 E813.38177
G0 F15000 X98.223 Y116.325
G1 F5400 X92.452 Y110.554 E813.54464
G0 F15000 X92.389 Y109.925
G1 F5400 X98.544 Y116.08 E813.71835
G0 F15000 X98.881 Y115.852
G1 F5400 X92.455 Y109.425 E813.89972
G0 F15000 X92.521 Y108.926
G1 F5400 X99.273 Y115.678 E814.09028
G0 F15000 X99.679 Y115.518
G1 F5400 X92.586 Y108.426 E814.29044
G0 F15000 X92.652 Y107.926
G1 F5400 X100.148 Y115.421 E814.50198
G0 F15000 X100.65 Y115.358
G1 F5400 X92.718 Y107.426 E814.72584
G0 F15000 X92.784 Y106.926
G1 F5400 X101.256 Y115.398 E814.96494
G0 F15000 X101.979 Y115.555
G1 F5400 X92.849 Y106.426 E815.22259
G0 F15000 X92.915 Y105.926
G1 F5400 X103.276 Y116.287 E815.515
G0 F15000 X103.733 Y116.743
G1 F5400 X114.068 Y127.079 E815.80669
G0 F15000 X113.568 Y127.144
G1 F5400 X104.433 Y118.01 E816.06449
G0 F15000 X104.595 Y118.737
G1 F5400 X113.068 Y127.21 E816.30361
G0 F15000 X112.567 Y127.275
G1 F5400 X104.631 Y119.339 E816.52758
G0 F15000 X104.575 Y119.849
G1 F5400 X112.067 Y127.341 E816.73902
G0 F15000 X111.567 Y127.406
G1 F5400 X104.482 Y120.321 E816.93898
G0 F15000 X104.318 Y120.723
G1 F5400 X111.067 Y127.472 E817.12945
G0 F15000 X110.566 Y127.537
G1 F5400 X104.143 Y121.114 E817.31072
G0 F15000 X103.911 Y121.448
G1 F5400 X110.066 Y127.602 E817.48441
G0 F15000 X109.436 Y127.538
G1 F5400 X103.667 Y121.769 E817.64723
G0 F15000 X103.387 Y122.055
G1 F5400 X108.785 Y127.452 E817.79956
G0 F15000 X108.134 Y127.368
G1 F5400 X103.071 Y122.304 E817.94246
G0 F15000 X102.728 Y122.527
G1 F5400 X107.484 Y127.283 E818.07668
G0 F15000 X106.833 Y127.198
G1 F5400 X102.36 Y122.725 E818.20292
G0 F15000 X101.953 Y122.884
G1 F5400 X106.183 Y127.113 E818.32229
G0 F15000 X105.531 Y127.027
G1 F5400 X101.506 Y123.002 E818.43588
G0 F15000 X100.995 Y123.057
G1 F5400 X104.617 Y126.679 E818.5381
G0 F15000 X103.651 Y126.279
G1 F5400 X100.423 Y123.05 E818.62922
G0 F15000 X99.717 Y122.91
G1 F5400 X102.685 Y125.878 E818.71298
G0 F15000 X101.719 Y125.478
G1 F5400 X98.7 Y122.459 E818.79818
G1 F2400 E817.99818
G1 F300 Z2.24
G0 F15000 X100.09 Y124.414
G1 F300 Z2.04
G1 F2400 E818.79818
G1 F5400 X95.578 Y119.902 E818.92552
G1 F2400 E818.12552
G1 F300 Z2.24
G0 F15000 X104.319 Y112.804
G1 F300 Z2.04
G1 F2400 E818.92552
G1 F5400 X94.14 Y102.625 E819.2128
G0 F15000 X94.305 Y102.225
G1 F5400 X103.913 Y111.832 E819.48394
G0 F15000 X103.763 Y111.117
G1 F5400 X94.471 Y101.825 E819.74618
G0 F15000 X94.636 Y101.425
G1 F5400 X103.682 Y110.471 E820.00148
G0 F15000 X103.651 Y109.873
G1 F5400 X94.835 Y101.058 E820.25027
G0 F15000 X95.08 Y100.737
G1 F5400 X103.699 Y109.356 E820.49352
G0 F15000 X103.765 Y108.856
G1 F5400 X99.197 Y104.288 E820.62244
G0 F15000 X100.034 Y104.559
G1 F5400 X103.847 Y108.373 E820.73006
G0 F15000 X103.997 Y107.957
G1 F5400 X100.673 Y104.633 E820.82387
G0 F15000 X101.209 Y104.603
G1 F5400 X104.162 Y107.557 E820.90723
G0 F15000 X104.329 Y107.157
G1 F5400 X101.69 Y104.519 E820.98169
G0 F15000 X102.124 Y104.387
G1 F5400 X104.519 Y106.782 E821.04928
G0 F15000 X104.749 Y106.446
G1 F5400 X102.516 Y104.213 E821.1123
G0 F15000 X102.877 Y104.008
G1 F5400 X104.995 Y106.126 E821.17208
G0 F15000 X105.242 Y105.807
G1 F5400 X103.203 Y103.769 E821.22961
G0 F15000 X103.505 Y103.505
G1 F5400 X105.507 Y105.507 E821.28611
G0 F15000 X105.808 Y105.242
G1 F5400 X103.768 Y103.202 E821.34368
G0 F15000 X104.009 Y102.878
G1 F5400 X106.128 Y104.996 E821.40347
G0 F15000 X106.446 Y104.749
G1 F5400 X104.221 Y102.524 E821.46626
G0 F15000 X104.385 Y102.122
G1 F5400 X106.766 Y104.503 E821.53346
G0 F15000 X107.159 Y104.331
G1 F5400 X104.519 Y101.69 E821.60798
G0 F15000 X104.603 Y101.209
G1 F5400 X107.557 Y104.162 E821.69134
G0 F15000 X107.954 Y103.994
G1 F5400 X104.632 Y100.672 E821.78509
G0 F15000 X104.554 Y100.029
G1 F5400 X108.373 Y103.847 E821.89286
G0 F15000 X108.856 Y103.765
G1 F5400 X104.288 Y99.196 E822.02179
G1 F2400 E821.22179
G1 F300 Z2.24
G0 F15000 X102.362 Y97.271
G1 F300 Z2.04
G1 F2400 E822.02179
G1 F5400 X100.418 Y95.327 E822.07665
G0 F15000 X100.098 Y95.573
G1 F5400 X101.526 Y97 E822.11694
G0 F15000 X100.898 Y96.939
G1 F5400 X99.778 Y95.819 E822.14855
G0 F15000 X99.458 Y96.064
G1 F5400 X100.349 Y96.955 E822.17369
G0 F15000 X99.872 Y97.043
G1 F5400 X99.138 Y96.31 E822.1944
G0 F15000 X98.818 Y96.555
G1 F5400 X99.435 Y97.173 E822.21182
G0 F15000 X99.042 Y97.345
G1 F5400 X98.499 Y96.802 E822.22715
G0 F15000 X98.178 Y97.047
G1 F5400 X98.68 Y97.549 E822.24132
G0 F15000 X98.354 Y97.789
G1 F5400 X97.859 Y97.293 E822.2553
G0 F15000 X97.538 Y97.538
G1 F5400 X98.048 Y98.048 E822.26969
G0 F15000 X97.789 Y98.354
G1 F5400 X97.292 Y97.858 E822.2837
G0 F15000 X97.046 Y98.178
G1 F5400 X97.551 Y98.682 E822.29794
G0 F15000 X97.345 Y99.042
G1 F5400 X96.801 Y98.498 E822.3133
G0 F15000 X96.555 Y98.817
G1 F5400 X97.176 Y99.439 E822.33084
G0 F15000 X97.047 Y99.875
G1 F5400 X96.309 Y99.138 E822.35165
G0 F15000 X96.063 Y99.457
G1 F5400 X96.955 Y100.349 E822.37682
G0 F15000 X96.937 Y100.897
G1 F5400 X95.818 Y99.778 E822.4084
G0 F15000 X95.572 Y100.097
G1 F5400 X97 Y101.526 E822.44872
G0 F15000 X97.273 Y102.364
G1 F5400 X95.326 Y100.418 E822.50365
G1 F2400 E821.70365
G1 F300 Z2.24
G0 F15000 X93.974 Y103.025
G1 F300 Z2.04
G1 F2400 E822.50365
G1 F5400 X116.967 Y126.018 E823.15257
G0 F15000 X116.567 Y126.184
G1 F5400 X93.808 Y103.425 E823.79487
G0 F15000 X93.643 Y103.825
G1 F5400 X116.168 Y126.35 E824.43058
G0 F15000 X115.768 Y126.516
G1 F5400 X93.477 Y104.225 E825.05968
G0 F15000 X93.312 Y104.626
G1 F5400 X115.368 Y126.682 E825.68215
G0 F15000 X114.968 Y126.847
G1 F5400 X93.146 Y105.026 E826.298
G0 F15000 X92.981 Y105.426
G1 F5400 X114.568 Y127.013 E826.90723
G1 F2400 E826.10723
G1 F300 Z2.24
G0 F15000 X117.367 Y125.852
G1 F300 Z2.04
G1 F2400 E826.90723
G1 F5400 X107.195 Y115.681 E827.19429
G0 F15000 X108.168 Y116.087
G1 F5400 X117.767 Y125.686 E827.46519
G0 F15000 X118.167 Y125.521
G1 F5400 X108.878 Y116.232 E827.72735
G0 F15000 X109.527 Y116.316
G1 F5400 X118.566 Y125.354 E827.98244
G0 F15000 X118.933 Y125.156
G1 F5400 X110.125 Y116.347 E828.23103
G0 F15000 X110.633 Y116.289
G1 F5400 X119.254 Y124.91 E828.47433
G0 F15000 X119.573 Y124.664
G1 F5400 X117.63 Y122.721 E828.52917
G0 F15000 X118.474 Y122.999
G1 F5400 X119.893 Y124.419 E828.56923
G0 F15000 X120.213 Y124.173
G1 F5400 X119.099 Y123.059 E828.60067
G0 F15000 X119.645 Y123.039
G1 F5400 X120.533 Y123.928 E828.62575
G0 F15000 X120.854 Y123.682
G1 F5400 X120.123 Y122.951 E828.64638
G0 F15000 X120.558 Y122.821
G1 F5400 X121.173 Y123.436 E828.66373
G0 F15000 X121.494 Y123.191
G1 F5400 X120.953 Y122.65 E828.679
G0 F15000 X121.315 Y122.446
G1 F5400 X121.813 Y122.945 E828.69307
G0 F15000 X122.134 Y122.699
G1 F5400 X121.639 Y122.205 E828.70703
G0 F15000 X121.948 Y121.948
G1 F5400 X122.454 Y122.454 E828.72131
G0 F15000 X122.7 Y122.134
G1 F5400 X122.206 Y121.64 E828.73525
G0 F15000 X122.442 Y121.311
G1 F5400 X122.945 Y121.814 E828.74944
G0 F15000 X123.191 Y121.494
G1 F5400 X122.649 Y120.952 E828.76474
G0 F15000 X122.826 Y120.563
G1 F5400 X123.437 Y121.174 E828.78198
G0 F15000 X123.683 Y120.854
G1 F5400 X122.95 Y120.122 E828.80266
G0 F15000 X123.039 Y119.645
G1 F5400 X123.928 Y120.534 E828.82775
G0 F15000 X124.174 Y120.214
G1 F5400 X123.054 Y119.094 E828.85936
G0 F15000 X122.991 Y118.466
G1 F5400 X124.42 Y119.894 E828.89967
G0 F15000 X124.665 Y119.574
G1 F5400 X122.725 Y117.634 E828.95442
G1 F2400 E828.15442
G1 F300 Z2.24
G0 F15000 X124.911 Y119.254
G1 F300 Z2.04
G1 F2400 E828.95442
G1 F5400 X116.29 Y110.633 E829.19772
G0 F15000 X116.354 Y110.132
G1 F5400 X125.156 Y118.934 E829.44614
G0 F15000 X125.355 Y118.567
G1 F5400 X116.309 Y109.521 E829.70143
G0 F15000 X116.226 Y108.873
G1 F5400 X125.521 Y118.167 E829.96374
G0 F15000 X125.685 Y117.766
G1 F5400 X116.084 Y108.164 E830.23472
G0 F15000 X115.688 Y107.202
G1 F5400 X125.851 Y117.366 E830.52156
G0 F15000 X126.016 Y116.965
G1 F5400 X103.027 Y93.976 E831.17036
G0 F15000 X102.627 Y94.141
G1 F5400 X112.803 Y104.317 E831.45754
G0 F15000 X111.83 Y103.91
G1 F5400 X102.226 Y94.307 E831.72858
G0 F15000 X101.825 Y94.472
G1 F5400 X111.116 Y103.762 E831.99077
G0 F15000 X110.471 Y103.682
G1 F5400 X101.425 Y94.637 E832.24606
G0 F15000 X101.058 Y94.836
G1 F5400 X109.872 Y103.65 E832.49481
G0 F15000 X109.357 Y103.7
G1 F5400 X100.738 Y95.081 E832.73805
G1 F2400 E831.93805
G1 F300 Z2.24
G0 F15000 X103.428 Y93.811
G1 F300 Z2.04
G1 F2400 E832.73805
G1 F5400 X126.182 Y116.565 E833.38022
G0 F15000 X126.347 Y116.165
G1 F5400 X103.828 Y93.646 E834.01576
G0 F15000 X104.228 Y93.48
G1 F5400 X126.512 Y115.764 E834.64466
G0 F15000 X126.677 Y115.364
G1 F5400 X104.629 Y93.315 E835.26691
G0 F15000 X105.029 Y93.15
G1 F5400 X126.843 Y114.964 E835.88255
G0 F15000 X127.007 Y114.562
G1 F5400 X105.431 Y92.986 E836.49147
G0 F15000 X105.93 Y92.919
G1 F5400 X116.26 Y103.249 E836.78301
G0 F15000 X116.726 Y103.715
G1 F5400 X127.073 Y114.063 E837.07504
G0 F15000 X127.14 Y113.563
G1 F5400 X118.028 Y104.452 E837.33218
G0 F15000 X118.741 Y104.599
G1 F5400 X127.206 Y113.064 E837.57108
G0 F15000 X127.272 Y112.564
G1 F5400 X119.342 Y104.634 E837.79489
G0 F15000 X119.848 Y104.574
G1 F5400 X127.338 Y112.064 E838.00627
G0 F15000 X127.404 Y111.565
G1 F5400 X120.32 Y104.481 E838.2062
G0 F15000 X120.724 Y104.319
G1 F5400 X127.471 Y111.066 E838.39661
G0 F15000 X127.537 Y110.566
G1 F5400 X121.115 Y104.144 E838.57785
G0 F15000 X121.45 Y103.914
G1 F5400 X127.603 Y110.067 E838.7515
G0 F15000 X127.538 Y109.436
G1 F5400 X121.772 Y103.67 E838.91423
G0 F15000 X122.055 Y103.387
G1 F5400 X127.452 Y108.784 E839.06655
G0 F15000 X127.366 Y108.133
G1 F5400 X122.305 Y103.072 E839.20938
G0 F15000 X122.53 Y102.731
G1 F5400 X127.281 Y107.482 E839.34346
G0 F15000 X127.195 Y106.83
G1 F5400 X122.723 Y102.359 E839.46966
G0 F15000 X122.882 Y101.951
G1 F5400 X127.11 Y106.179 E839.58898
G0 F15000 X127.024 Y105.528
G1 F5400 X123.001 Y101.504 E839.70254
G0 F15000 X123.056 Y100.995
G1 F5400 X126.674 Y104.612 E839.80463
G0 F15000 X126.275 Y103.648
G1 F5400 X123.046 Y100.419 E839.89576
G0 F15000 X122.908 Y99.715
G1 F5400 X125.876 Y102.683 E839.97952
G0 F15000 X125.477 Y101.718
G1 F5400 X122.456 Y98.697 E840.06478
G0 F15000 X122.539 Y97.649
G1 F5400 X122.344 Y97.454 E840.07028
G0 F15000 X121.315 Y97.556
G1 F5400 X118.276 Y94.517 E840.15605
G0 F15000 X117.313 Y94.119
G1 F5400 X120.283 Y97.09 E840.23989
G0 F15000 X119.571 Y96.944
G1 F5400 X116.349 Y93.721 E840.33083
G0 F15000 X115.386 Y93.324
G1 F5400 X119 Y96.939 E840.43284
G0 F15000 X118.49 Y96.994
G1 F5400 X114.469 Y92.973 E840.54632
G0 F15000 X113.817 Y92.887
G1 F5400 X118.043 Y97.113 E840.66559
G0 F15000 X117.633 Y97.268
G1 F5400 X113.165 Y92.8 E840.79168
G0 F15000 X112.513 Y92.714
G1 F5400 X117.264 Y97.465 E840.92577
G0 F15000 X116.922 Y97.688
G1 F5400 X111.861 Y92.627 E841.0686
G0 F15000 X111.208 Y92.54
G1 F5400 X116.607 Y97.939 E841.22097
G0 F15000 X116.327 Y98.225
G1 F5400 X110.556 Y92.454 E841.38384
G0 F15000 X109.926 Y92.39
G1 F5400 X116.082 Y98.546 E841.55758
G0 F15000 X115.854 Y98.883
G1 F5400 X109.427 Y92.456 E841.73896
G0 F15000 X108.927 Y92.522
G1 F5400 X115.681 Y99.276 E841.92957
G0 F15000 X115.518 Y99.679
G1 F5400 X108.428 Y92.589 E842.12967
G0 F15000 X107.929 Y92.655
G1 F5400 X115.422 Y100.149 E842.34115
G0 F15000 X115.359 Y100.651
G1 F5400 X107.429 Y92.721 E842.56495
G0 F15000 X106.929 Y92.787
G1 F5400 X115.398 Y101.256 E842.80397
G0 F15000 X115.555 Y101.979
G1 F5400 X106.429 Y92.853 E843.06152
G1 F2400 E842.26152
G1 F300 Z2.24
G0 F15000 X119.906 Y95.582
G1 F300 Z2.04
G1 F2400 E843.06152
G1 F5400 X124.411 Y100.087 E843.18866
G1 F2400 E842.38866
G1 F300 Z2.24
G0 F15000 X116.226 Y111.135
G1 F300 Z2.04
G1 F2400 E843.18866
G1 F5400 X120.796 Y115.705 E843.31764
G0 F15000 X119.959 Y115.433
G1 F5400 X116.146 Y111.62 E843.42525
G0 F15000 X115.999 Y112.039
G1 F5400 X119.321 Y115.361 E843.519
G0 F15000 X118.785 Y115.391
G1 F5400 X115.832 Y112.438 E843.60234
G0 F15000 X115.665 Y112.837
G1 F5400 X118.305 Y115.477 E843.67685
G0 F15000 X117.873 Y115.611
G1 F5400 X115.491 Y113.228 E843.74409
G0 F15000 X115.246 Y113.549
G1 F5400 X117.47 Y115.772 E843.80684
G0 F15000 X117.117 Y115.985
G1 F5400 X115 Y113.868 E843.86659
G0 F15000 X114.754 Y114.189
G1 F5400 X116.791 Y116.226 E843.92408
G0 F15000 X116.492 Y116.492
G1 F5400 X114.489 Y114.489 E843.98061
G0 F15000 X114.189 Y114.755
G1 F5400 X116.228 Y116.794 E844.03815
G0 F15000 X115.988 Y117.12
G1 F5400 X113.869 Y115 E844.09797
G0 F15000 X113.549 Y115.246
G1 F5400 X115.775 Y117.472 E844.16079
G0 F15000 X115.611 Y117.874
G1 F5400 X113.228 Y115.49 E844.22806
G0 F15000 X112.834 Y115.663
G1 F5400 X115.475 Y118.304 E844.30259
G0 F15000 X115.392 Y118.786
G1 F5400 X112.436 Y115.83 E844.38602
G0 F15000 X112.037 Y115.997
G1 F5400 X115.361 Y119.321 E844.47983
G0 F15000 X115.434 Y119.959
G1 F5400 X111.621 Y116.147 E844.58742
G0 F15000 X111.135 Y116.226
G1 F5400 X115.707 Y120.799 E844.71647
;TIME_ELAPSED:1453.330540
G1 F2400 E843.91647
M140 S0
M107
G91 ;Relative positioning
G1 E-2 F2700 ;Retract a bit
G1 E-2 Z0.2 F2400 ;Retract and raise Z
G1 X5 Y5 F3000 ;Wipe out
G1 Z10 ;Raise Z more
G90 ;Absolute positioning

G1 X0 Y220 ;Present print
M106 S0 ;Turn-off fan
M104 S0 ;Turn-off hotend
M140 S0 ;Turn-off bed

M84 X Y E ;Disable all steppers but Z

M82 ;absolute extrusion mode
M104 S0
;End of Gcode
;SETTING_3 {"global_quality": "[general]\\nversion = 4\\nname = qppd\\ndefinitio
;SETTING_3 n = creality_ender3v3se\\n\\n[metadata]\\ntype = quality_changes\\nqu
;SETTING_3 ality_type = super\\nsetting_version = 27\\n\\n[values]\\nadhesion_ty
;SETTING_3 pe = brim\\njerk_enabled = False\\nmaterial_bed_temperature_layer_0 =
;SETTING_3  65\\nsupport_enable = True\\nsupport_structure = tree\\n\\n", "extru
;SETTING_3 der_quality": ["[general]\\nversion = 4\\nname = qppd\\ndefinition = 
;SETTING_3 creality_ender3v3se\\n\\n[metadata]\\ntype = quality_changes\\nqualit
;SETTING_3 y_type = super\\nintent_category = default\\nposition = 0\\nsetting_v
;SETTING_3 ersion = 27\\n\\n[values]\\nbottom_layers = 5\\nbrim_line_count = 15\
;SETTING_3 \ninfill_sparse_density = 20\\nmaterial_initial_print_temperature = 2
;SETTING_3 10\\nmaterial_print_temperature_layer_0 = 210\\nretract_at_layer_chan
;SETTING_3 ge = True\\nretraction_hop_enabled = True\\nretraction_hop_only_when_
;SETTING_3 collides = True\\nsupport_type = buildplate\\ntop_layers = 5\\nwall_l
;SETTING_3 ine_count = 5\\n\\n"]}
